PASSENGER_TYPE,LENGTH,ITINERARY_TYPE,CABIN,MARKET,CHANNEL,NEW_MARKET_ROLL_UP,OLD_OLD_MARKET_ROLL_UP,ACCOUNTING_MONTH,MASTER_VOYAGE,MASTER_DEPARTURE_DATE,PASSENGERS,PASSENGER_NIGHTS,CURRENCY,FX.1,PPPD,PPPD_EUR,GROSS_TICKET_REVENUE_LOCAL,GROSS_TICKET_REVENUE_EUR,PRE-EMB_PPPD,PRE-EMB_REVENUE_EUR,FY,BUDGET_NAME,VERSION,UNIQUE_ID,ACTUALS_CODE,EFFECTIVE_FROM,EFFECTIVE_TO,ACTIVE_RECORD_FLAG
G,3,Iconic Aegean,Outside,TUR,Tour Operator,HOME,Home Markets,Mon Jan 03 2028 00:00:00 GMT+0000 (Greenwich Mean Time),CD03280317,17/03/2028,0,0,EUR,1,168,168,0,0,13,0,2027,Budget2025,v1,GOutsideTURTour OperatorCD03280317Budget2025v1,GOutsideTURTour OperatorCD03280317,Tue Jun 03 2025 08:50:38 GMT+0100 (British Summer Time),Fri Dec 31 9999 00:00:00 GMT+0000 (Greenwich Mean Time),1
G,4,Iconic Aegean,Deluxe,CAN,Travel Agency,NORAM,USA,Mon Jan 03 2028 00:00:00 GMT+0000 (Greenwich Mean Time),CD04280327,27/03/2028,0,0,USD,0,304,276,0,0,43,0,2027,Budget2025,v1,GDeluxeCANTravel AgencyCD04280327Budget2025v1,GDeluxeCANTravel AgencyCD04280327,Tue Jun 03 2025 08:50:38 GMT+0100 (British Summer Time),Fri Dec 31 9999 00:00:00 GMT+0000 (Greenwich Mean Time),1
G,4,Iconic Aegean,Inside,LAT,Direct,LATAM,LATAM,Mon Jan 03 2028 00:00:00 GMT+0000 (Greenwich Mean Time),CD04280327,27/03/2028,0,0,USD,0,142,129,0,0,19,0,2027,Budget2025,v1,GInsideLATDirectCD04280327Budget2025v1,GInsideLATDirectCD04280327,Tue Jun 03 2025 08:50:38 GMT+0100 (British Summer Time),Fri Dec 31 9999 00:00:00 GMT+0000 (Greenwich Mean Time),1
G,14,Positioning Journey,Deluxe,BRI,Tour Operator,UKIE,UKIE,Mon Jan 03 2028 00:00:00 GMT+0000 (Greenwich Mean Time),CJ14280319,19/03/2028,0,0,GBP,1,82,97,0,0,17,0,2027,Budget2025,v1,GDeluxeBRITour OperatorCJ14280319Budget2025v1,GDeluxeBRITour OperatorCJ14280319,Tue Jun 03 2025 08:50:38 GMT+0100 (British Summer Time),Fri Dec 31 9999 00:00:00 GMT+0000 (Greenwich Mean Time),1
G,3,Iconic Aegean,Deluxe,BRI,Travel Agency,UKIE,UKIE,Mon Jan 03 2028 00:00:00 GMT+0000 (Greenwich Mean Time),CD03280324,24/03/2028,5,15,GBP,1,225,264,3377,3973,83,1258,2027,Budget2025,v1,GDeluxeBRITravel AgencyCD03280324Budget2025v1,GDeluxeBRITravel AgencyCD03280324,Tue Jun 03 2025 08:50:38 GMT+0100 (British Summer Time),Fri Dec 31 9999 00:00:00 GMT+0000 (Greenwich Mean Time),1
G,7,Desert Days,Deluxe,AFR,Direct,ROW,ROW,Mon Jan 03 2028 00:00:00 GMT+0000 (Greenwich Mean Time),CJ07280312,12/03/2028,0,0,USD,0,182,166,0,0,24,0,2027,Budget2025,v1,GDeluxeAFRDirectCJ07280312Budget2025v1,GDeluxeAFRDirectCJ07280312,Tue Jun 03 2025 08:50:38 GMT+0100 (British Summer Time),Fri Dec 31 9999 00:00:00 GMT+0000 (Greenwich Mean Time),1
G,3,Iconic Aegean,Deluxe,FRA,Direct,FRANCE,FRANCE,Mon Jan 03 2028 00:00:00 GMT+0000 (Greenwich Mean Time),CD03280324,24/03/2028,0,0,EUR,1,0,0,0,0,18,0,2027,Budget2025,v1,GDeluxeFRADirectCD03280324Budget2025v1,GDeluxeFRADirectCD03280324,Tue Jun 03 2025 08:50:38 GMT+0100 (British Summer Time),Fri Dec 31 9999 00:00:00 GMT+0000 (Greenwich Mean Time),1
F,14,Positioning Journey,Inside,GRC,Travel Agency,HOME,Home Markets,Mon Jan 03 2028 00:00:00 GMT+0000 (Greenwich Mean Time),CJ14280319,19/03/2028,2,28,EUR,1,97,97,2716,2716,2,82,2027,Budget2025,v1,FInsideGRCTravel AgencyCJ14280319Budget2025v1,FInsideGRCTravel AgencyCJ14280319,Tue Jun 03 2025 08:50:38 GMT+0100 (British Summer Time),Fri Dec 31 9999 00:00:00 GMT+0000 (Greenwich Mean Time),1
F,3,Iconic Aegean,Inside,IND,Direct,AWAY,Away Markets,Mon Jan 03 2028 00:00:00 GMT+0000 (Greenwich Mean Time),CD03280317,17/03/2028,0,0,USD,0,0,0,0,0,0,0,2027,Budget2025,v1,FInsideINDDirectCD03280317Budget2025v1,FInsideINDDirectCD03280317,Tue Jun 03 2025 08:50:38 GMT+0100 (British Summer Time),Fri Dec 31 9999 00:00:00 GMT+0000 (Greenwich Mean Time),1
G,3,Iconic Aegean,Deluxe,BLX,Tour Operator,EU,ROW,Mon Jan 03 2028 00:00:00 GMT+0000 (Greenwich Mean Time),CD03280317,17/03/2028,0,0,EUR,1,0,0,0,0,0,0,2027,Budget2025,v1,GDeluxeBLXTour OperatorCD03280317Budget2025v1,GDeluxeBLXTour OperatorCD03280317,Tue Jun 03 2025 08:50:38 GMT+0100 (British Summer Time),Fri Dec 31 9999 00:00:00 GMT+0000 (Greenwich Mean Time),1
F,4,Iconic Aegean,Outside,GRC,DMC,HOME,Home Markets,Mon Jan 03 2028 00:00:00 GMT+0000 (Greenwich Mean Time),CD04280320,20/03/2028,2,10,EUR,1,157,157,1574,1574,29,298,2027,Budget2025,v1,FOutsideGRCDMCCD04280320Budget2025v1,FOutsideGRCDMCCD04280320,Tue Jun 03 2025 08:50:38 GMT+0100 (British Summer Time),Fri Dec 31 9999 00:00:00 GMT+0000 (Greenwich Mean Time),1
F,7,Desert Days,Deluxe,TUR,Travel Agency,HOME,Home Markets,Mon Jan 03 2028 00:00:00 GMT+0000 (Greenwich Mean Time),CJ07280305,05/03/2028,0,0,EUR,1,167,167,0,0,0,0,2027,Budget2025,v1,FDeluxeTURTravel AgencyCJ07280305Budget2025v1,FDeluxeTURTravel AgencyCJ07280305,Tue Jun 03 2025 08:50:38 GMT+0100 (British Summer Time),Fri Dec 31 9999 00:00:00 GMT+0000 (Greenwich Mean Time),1
F,14,Positioning Journey,Inside,SCN,Direct,EU,ROW,Mon Jan 03 2028 00:00:00 GMT+0000 (Greenwich Mean Time),CJ14280319,19/03/2028,0,0,EUR,1,97,97,0,0,5,0,2027,Budget2025,v1,FInsideSCNDirectCJ14280319Budget2025v1,FInsideSCNDirectCJ14280319,Tue Jun 03 2025 08:50:38 GMT+0100 (British Summer Time),Fri Dec 31 9999 00:00:00 GMT+0000 (Greenwich Mean Time),1
F,14,Positioning Journey,Deluxe,JPN,DMC,APAC,ROW,Mon Jan 03 2028 00:00:00 GMT+0000 (Greenwich Mean Time),CJ14280319,19/03/2028,0,0,USD,0,105,96,0,0,29,0,2027,Budget2025,v1,FDeluxeJPNDMCCJ14280319Budget2025v1,FDeluxeJPNDMCCJ14280319,Tue Jun 03 2025 08:50:38 GMT+0100 (British Summer Time),Fri Dec 31 9999 00:00:00 GMT+0000 (Greenwich Mean Time),1
F,14,Positioning Journey,Inside,RUS,Travel Agency,ROW,ROW,Mon Jan 03 2028 00:00:00 GMT+0000 (Greenwich Mean Time),CJ14280319,19/03/2028,1,14,EUR,1,97,97,1358,1358,1,24,2027,Budget2025,v1,FInsideRUSTravel AgencyCJ14280319Budget2025v1,FInsideRUSTravel AgencyCJ14280319,Tue Jun 03 2025 08:50:38 GMT+0100 (British Summer Time),Fri Dec 31 9999 00:00:00 GMT+0000 (Greenwich Mean Time),1
F,3,Iconic Aegean,Inside,FRA,Travel Agency,FRANCE,FRANCE,Mon Jan 03 2028 00:00:00 GMT+0000 (Greenwich Mean Time),CD03280317,17/03/2028,4,13,EUR,1,124,124,1674,1674,9,133,2027,Budget2025,v1,FInsideFRATravel AgencyCD03280317Budget2025v1,FInsideFRATravel AgencyCD03280317,Tue Jun 03 2025 08:50:38 GMT+0100 (British Summer Time),Fri Dec 31 9999 00:00:00 GMT+0000 (Greenwich Mean Time),1
F,7,Desert Days,Deluxe,APAC,Direct,APAC,ROW,Mon Jan 03 2028 00:00:00 GMT+0000 (Greenwich Mean Time),CJ07280305,05/03/2028,0,0,USD,0,182,166,0,0,1,0,2027,Budget2025,v1,FDeluxeAPACDirectCJ07280305Budget2025v1,FDeluxeAPACDirectCJ07280305,Tue Jun 03 2025 08:50:38 GMT+0100 (British Summer Time),Fri Dec 31 9999 00:00:00 GMT+0000 (Greenwich Mean Time),1
F,4,Iconic Aegean,Outside,SCN,Direct,EU,ROW,Mon Jan 03 2028 00:00:00 GMT+0000 (Greenwich Mean Time),CD04280327,27/03/2028,0,0,EUR,1,157,157,0,0,21,0,2027,Budget2025,v1,FOutsideSCNDirectCD04280327Budget2025v1,FOutsideSCNDirectCD04280327,Tue Jun 03 2025 08:50:38 GMT+0100 (British Summer Time),Fri Dec 31 9999 00:00:00 GMT+0000 (Greenwich Mean Time),1
F,7,Desert Days,Outside,CYP,Direct,HOME,Home Markets,Mon Jan 03 2028 00:00:00 GMT+0000 (Greenwich Mean Time),CJ07280305,05/03/2028,0,0,EUR,1,167,167,0,0,12,0,2027,Budget2025,v1,FOutsideCYPDirectCJ07280305Budget2025v1,FOutsideCYPDirectCJ07280305,Tue Jun 03 2025 08:50:38 GMT+0100 (British Summer Time),Fri Dec 31 9999 00:00:00 GMT+0000 (Greenwich Mean Time),1
F,7,Desert Days,Deluxe,CYP,Tour Operator,HOME,Home Markets,Mon Jan 03 2028 00:00:00 GMT+0000 (Greenwich Mean Time),CJ07280312,12/03/2028,0,0,EUR,1,167,167,0,0,0,0,2027,Budget2025,v1,FDeluxeCYPTour OperatorCJ07280312Budget2025v1,FDeluxeCYPTour OperatorCJ07280312,Tue Jun 03 2025 08:50:38 GMT+0100 (British Summer Time),Fri Dec 31 9999 00:00:00 GMT+0000 (Greenwich Mean Time),1
F,7,Desert Days,Deluxe,CAN,Direct,NORAM,USA,Mon Jan 03 2028 00:00:00 GMT+0000 (Greenwich Mean Time),CJ07280312,12/03/2028,0,0,USD,0,182,166,0,0,41,0,2027,Budget2025,v1,FDeluxeCANDirectCJ07280312Budget2025v1,FDeluxeCANDirectCJ07280312,Tue Jun 03 2025 08:50:38 GMT+0100 (British Summer Time),Fri Dec 31 9999 00:00:00 GMT+0000 (Greenwich Mean Time),1
G,7,Desert Days,Inside,BLX,Direct,EU,ROW,Mon Jan 03 2028 00:00:00 GMT+0000 (Greenwich Mean Time),CJ07280312,12/03/2028,0,0,EUR,1,167,167,0,0,30,0,2027,Budget2025,v1,GInsideBLXDirectCJ07280312Budget2025v1,GInsideBLXDirectCJ07280312,Tue Jun 03 2025 08:50:38 GMT+0100 (British Summer Time),Fri Dec 31 9999 00:00:00 GMT+0000 (Greenwich Mean Time),1
F,7,Desert Days,Deluxe,IND,Travel Agency,AWAY,Away Markets,Mon Jan 03 2028 00:00:00 GMT+0000 (Greenwich Mean Time),CJ07280305,05/03/2028,0,0,USD,0,182,166,0,0,0,0,2027,Budget2025,v1,FDeluxeINDTravel AgencyCJ07280305Budget2025v1,FDeluxeINDTravel AgencyCJ07280305,Tue Jun 03 2025 08:50:38 GMT+0100 (British Summer Time),Fri Dec 31 9999 00:00:00 GMT+0000 (Greenwich Mean Time),1
G,14,Positioning Journey,Deluxe,NTH,Travel Agency,EU,ROW,Mon Jan 03 2028 00:00:00 GMT+0000 (Greenwich Mean Time),CJ14280319,19/03/2028,0,0,EUR,1,97,97,0,0,8,0,2027,Budget2025,v1,GDeluxeNTHTravel AgencyCJ14280319Budget2025v1,GDeluxeNTHTravel AgencyCJ14280319,Tue Jun 03 2025 08:50:38 GMT+0100 (British Summer Time),Fri Dec 31 9999 00:00:00 GMT+0000 (Greenwich Mean Time),1
G,7,Desert Days,Deluxe,BRI,Direct,UKIE,UKIE,Mon Jan 03 2028 00:00:00 GMT+0000 (Greenwich Mean Time),CJ07280305,05/03/2028,0,0,GBP,1,142,167,0,0,29,0,2027,Budget2025,v1,GDeluxeBRIDirectCJ07280305Budget2025v1,GDeluxeBRIDirectCJ07280305,Tue Jun 03 2025 08:50:38 GMT+0100 (British Summer Time),Fri Dec 31 9999 00:00:00 GMT+0000 (Greenwich Mean Time),1
F,4,Iconic Aegean,Inside,RUS,Tour Operator,ROW,ROW,Mon Jan 03 2028 00:00:00 GMT+0000 (Greenwich Mean Time),CD04280327,27/03/2028,0,0,EUR,1,122,122,0,0,16,0,2027,Budget2025,v1,FInsideRUSTour OperatorCD04280327Budget2025v1,FInsideRUSTour OperatorCD04280327,Tue Jun 03 2025 08:50:38 GMT+0100 (British Summer Time),Fri Dec 31 9999 00:00:00 GMT+0000 (Greenwich Mean Time),1
F,4,Iconic Aegean,Deluxe,NTH,Travel Agency,EU,ROW,Mon Jan 03 2028 00:00:00 GMT+0000 (Greenwich Mean Time),CD04280327,27/03/2028,0,0,EUR,1,0,0,0,0,1,0,2027,Budget2025,v1,FDeluxeNTHTravel AgencyCD04280327Budget2025v1,FDeluxeNTHTravel AgencyCD04280327,Tue Jun 03 2025 08:50:38 GMT+0100 (British Summer Time),Fri Dec 31 9999 00:00:00 GMT+0000 (Greenwich Mean Time),1
G,7,Desert Days,Outside,EAS,Travel Agency,EU,ROW,Mon Jan 03 2028 00:00:00 GMT+0000 (Greenwich Mean Time),CJ07280312,12/03/2028,0,0,EUR,1,167,167,0,0,20,0,2027,Budget2025,v1,GOutsideEASTravel AgencyCJ07280312Budget2025v1,GOutsideEASTravel AgencyCJ07280312,Tue Jun 03 2025 08:50:38 GMT+0100 (British Summer Time),Fri Dec 31 9999 00:00:00 GMT+0000 (Greenwich Mean Time),1
F,14,Positioning Journey,Outside,GRC,DMC,HOME,Home Markets,Mon Jan 03 2028 00:00:00 GMT+0000 (Greenwich Mean Time),CJ14280319,19/03/2028,0,0,EUR,1,97,97,0,0,11,0,2027,Budget2025,v1,FOutsideGRCDMCCJ14280319Budget2025v1,FOutsideGRCDMCCJ14280319,Tue Jun 03 2025 08:50:38 GMT+0100 (British Summer Time),Fri Dec 31 9999 00:00:00 GMT+0000 (Greenwich Mean Time),1
F,4,Iconic Aegean,Outside,LAT,Direct,LATAM,LATAM,Mon Jan 03 2028 00:00:00 GMT+0000 (Greenwich Mean Time),CD04280327,27/03/2028,9,36,USD,0,205,186,7380,6709,19,702,2027,Budget2025,v1,FOutsideLATDirectCD04280327Budget2025v1,FOutsideLATDirectCD04280327,Tue Jun 03 2025 08:50:38 GMT+0100 (British Summer Time),Fri Dec 31 9999 00:00:00 GMT+0000 (Greenwich Mean Time),1
F,4,Iconic Aegean,Inside,DAC,Direct,GERMANY,ROW,Mon Jan 03 2028 00:00:00 GMT+0000 (Greenwich Mean Time),CD04280327,27/03/2028,0,0,EUR,1,0,0,0,0,86,0,2027,Budget2025,v1,FInsideDACDirectCD04280327Budget2025v1,FInsideDACDirectCD04280327,Tue Jun 03 2025 08:50:38 GMT+0100 (British Summer Time),Fri Dec 31 9999 00:00:00 GMT+0000 (Greenwich Mean Time),1
F,7,Desert Days,Inside,GRC,Direct,HOME,Home Markets,Mon Jan 03 2028 00:00:00 GMT+0000 (Greenwich Mean Time),CJ07280305,05/03/2028,0,3,EUR,1,167,167,587,587,6,21,2027,Budget2025,v1,FInsideGRCDirectCJ07280305Budget2025v1,FInsideGRCDirectCJ07280305,Tue Jun 03 2025 08:50:38 GMT+0100 (British Summer Time),Fri Dec 31 9999 00:00:00 GMT+0000 (Greenwich Mean Time),1
F,3,Iconic Aegean,Outside,SCN,Direct,EU,ROW,Mon Jan 03 2028 00:00:00 GMT+0000 (Greenwich Mean Time),CD03280317,17/03/2028,2,7,EUR,1,147,147,1107,1107,58,435,2027,Budget2025,v1,FOutsideSCNDirectCD03280317Budget2025v1,FOutsideSCNDirectCD03280317,Tue Jun 03 2025 08:50:38 GMT+0100 (British Summer Time),Fri Dec 31 9999 00:00:00 GMT+0000 (Greenwich Mean Time),1
F,7,Desert Days,Outside,JPN,DMC,APAC,ROW,Mon Jan 03 2028 00:00:00 GMT+0000 (Greenwich Mean Time),CJ07280312,12/03/2028,0,0,USD,0,182,166,0,0,60,0,2027,Budget2025,v1,FOutsideJPNDMCCJ07280312Budget2025v1,FOutsideJPNDMCCJ07280312,Tue Jun 03 2025 08:50:38 GMT+0100 (British Summer Time),Fri Dec 31 9999 00:00:00 GMT+0000 (Greenwich Mean Time),1
F,7,Desert Days,Inside,CAN,DMC,NORAM,USA,Mon Jan 03 2028 00:00:00 GMT+0000 (Greenwich Mean Time),CJ07280305,05/03/2028,0,3,USD,0,182,166,639,581,69,242,2027,Budget2025,v1,FInsideCANDMCCJ07280305Budget2025v1,FInsideCANDMCCJ07280305,Tue Jun 03 2025 08:50:38 GMT+0100 (British Summer Time),Fri Dec 31 9999 00:00:00 GMT+0000 (Greenwich Mean Time),1
G,4,Iconic Aegean,Inside,CYP,Travel Agency,HOME,Home Markets,Mon Jan 03 2028 00:00:00 GMT+0000 (Greenwich Mean Time),CD04280327,27/03/2028,0,0,EUR,1,108,108,0,0,13,0,2027,Budget2025,v1,GInsideCYPTravel AgencyCD04280327Budget2025v1,GInsideCYPTravel AgencyCD04280327,Tue Jun 03 2025 08:50:38 GMT+0100 (British Summer Time),Fri Dec 31 9999 00:00:00 GMT+0000 (Greenwich Mean Time),1
G,4,Iconic Aegean,Outside,LAT,DMC,LATAM,LATAM,Mon Jan 03 2028 00:00:00 GMT+0000 (Greenwich Mean Time),CD04280327,27/03/2028,8,32,USD,0,179,163,5752,5229,17,562,2027,Budget2025,v1,GOutsideLATDMCCD04280327Budget2025v1,GOutsideLATDMCCD04280327,Tue Jun 03 2025 08:50:38 GMT+0100 (British Summer Time),Fri Dec 31 9999 00:00:00 GMT+0000 (Greenwich Mean Time),1
G,3,Iconic Aegean,Outside,GRC,DMC,HOME,Home Markets,Mon Jan 03 2028 00:00:00 GMT+0000 (Greenwich Mean Time),CD03280324,24/03/2028,0,0,EUR,1,0,0,0,0,16,0,2027,Budget2025,v1,GOutsideGRCDMCCD03280324Budget2025v1,GOutsideGRCDMCCD03280324,Tue Jun 03 2025 08:50:38 GMT+0100 (British Summer Time),Fri Dec 31 9999 00:00:00 GMT+0000 (Greenwich Mean Time),1
F,7,Desert Days,Inside,BRI,DMC,UKIE,UKIE,Mon Jan 03 2028 00:00:00 GMT+0000 (Greenwich Mean Time),CJ07280312,12/03/2028,0,0,GBP,1,142,167,0,0,0,0,2027,Budget2025,v1,FInsideBRIDMCCJ07280312Budget2025v1,FInsideBRIDMCCJ07280312,Tue Jun 03 2025 08:50:38 GMT+0100 (British Summer Time),Fri Dec 31 9999 00:00:00 GMT+0000 (Greenwich Mean Time),1
G,3,Iconic Aegean,Inside,SIP,Direct,SIP,SIP,Mon Jan 03 2028 00:00:00 GMT+0000 (Greenwich Mean Time),CD03280324,24/03/2028,0,0,EUR,1,119,119,0,0,33,0,2027,Budget2025,v1,GInsideSIPDirectCD03280324Budget2025v1,GInsideSIPDirectCD03280324,Tue Jun 03 2025 08:50:38 GMT+0100 (British Summer Time),Fri Dec 31 9999 00:00:00 GMT+0000 (Greenwich Mean Time),1
G,7,Desert Days,Outside,BLX,Tour Operator,EU,ROW,Mon Jan 03 2028 00:00:00 GMT+0000 (Greenwich Mean Time),CJ07280312,12/03/2028,0,0,EUR,1,167,167,0,0,0,0,2027,Budget2025,v1,GOutsideBLXTour OperatorCJ07280312Budget2025v1,GOutsideBLXTour OperatorCJ07280312,Tue Jun 03 2025 08:50:38 GMT+0100 (British Summer Time),Fri Dec 31 9999 00:00:00 GMT+0000 (Greenwich Mean Time),1
G,4,Iconic Aegean,Inside,NZE,Travel Agency,AUNZ,AUS,Mon Jan 03 2028 00:00:00 GMT+0000 (Greenwich Mean Time),CD04280327,27/03/2028,0,0,AUD,0,0,0,0,0,4,0,2027,Budget2025,v1,GInsideNZETravel AgencyCD04280327Budget2025v1,GInsideNZETravel AgencyCD04280327,Tue Jun 03 2025 08:50:38 GMT+0100 (British Summer Time),Fri Dec 31 9999 00:00:00 GMT+0000 (Greenwich Mean Time),1
F,7,Desert Days,Outside,LAT,Direct,LATAM,LATAM,Mon Jan 03 2028 00:00:00 GMT+0000 (Greenwich Mean Time),CJ07280305,05/03/2028,1,7,USD,0,182,166,1279,1163,17,123,2027,Budget2025,v1,FOutsideLATDirectCJ07280305Budget2025v1,FOutsideLATDirectCJ07280305,Tue Jun 03 2025 08:50:38 GMT+0100 (British Summer Time),Fri Dec 31 9999 00:00:00 GMT+0000 (Greenwich Mean Time),1
G,7,Desert Days,Inside,CAN,Direct,NORAM,USA,Mon Jan 03 2028 00:00:00 GMT+0000 (Greenwich Mean Time),CJ07280305,05/03/2028,0,0,USD,0,182,166,0,0,41,0,2027,Budget2025,v1,GInsideCANDirectCJ07280305Budget2025v1,GInsideCANDirectCJ07280305,Tue Jun 03 2025 08:50:38 GMT+0100 (British Summer Time),Fri Dec 31 9999 00:00:00 GMT+0000 (Greenwich Mean Time),1
G,3,Iconic Aegean,Inside,SIP,Tour Operator,SIP,SIP,Mon Jan 03 2028 00:00:00 GMT+0000 (Greenwich Mean Time),CD03280324,24/03/2028,0,0,EUR,1,0,0,0,0,30,0,2027,Budget2025,v1,GInsideSIPTour OperatorCD03280324Budget2025v1,GInsideSIPTour OperatorCD03280324,Tue Jun 03 2025 08:50:38 GMT+0100 (British Summer Time),Fri Dec 31 9999 00:00:00 GMT+0000 (Greenwich Mean Time),1
G,3,Iconic Aegean,Inside,BRI,DMC,UKIE,UKIE,Mon Jan 03 2028 00:00:00 GMT+0000 (Greenwich Mean Time),CD03280324,24/03/2028,0,0,GBP,1,0,0,0,0,0,0,2027,Budget2025,v1,GInsideBRIDMCCD03280324Budget2025v1,GInsideBRIDMCCD03280324,Tue Jun 03 2025 08:50:38 GMT+0100 (British Summer Time),Fri Dec 31 9999 00:00:00 GMT+0000 (Greenwich Mean Time),1
G,4,Iconic Aegean,Inside,SIP,Tour Operator,SIP,SIP,Mon Jan 03 2028 00:00:00 GMT+0000 (Greenwich Mean Time),CD04280320,20/03/2028,0,0,EUR,1,0,0,0,0,28,0,2027,Budget2025,v1,GInsideSIPTour OperatorCD04280320Budget2025v1,GInsideSIPTour OperatorCD04280320,Tue Jun 03 2025 08:50:38 GMT+0100 (British Summer Time),Fri Dec 31 9999 00:00:00 GMT+0000 (Greenwich Mean Time),1
G,4,Iconic Aegean,Inside,CHI,DMC,APAC,ROW,Mon Jan 03 2028 00:00:00 GMT+0000 (Greenwich Mean Time),CD04280327,27/03/2028,0,0,USD,0,185,169,0,0,0,0,2027,Budget2025,v1,GInsideCHIDMCCD04280327Budget2025v1,GInsideCHIDMCCD04280327,Tue Jun 03 2025 08:50:38 GMT+0100 (British Summer Time),Fri Dec 31 9999 00:00:00 GMT+0000 (Greenwich Mean Time),1
F,4,Iconic Aegean,Outside,EAS,Tour Operator,EU,ROW,Mon Jan 03 2028 00:00:00 GMT+0000 (Greenwich Mean Time),CD04280327,27/03/2028,0,0,EUR,1,0,0,0,0,1,0,2027,Budget2025,v1,FOutsideEASTour OperatorCD04280327Budget2025v1,FOutsideEASTour OperatorCD04280327,Tue Jun 03 2025 08:50:38 GMT+0100 (British Summer Time),Fri Dec 31 9999 00:00:00 GMT+0000 (Greenwich Mean Time),1
G,7,Desert Days,Inside,BRI,DMC,UKIE,UKIE,Mon Jan 03 2028 00:00:00 GMT+0000 (Greenwich Mean Time),CJ07280305,05/03/2028,0,0,GBP,1,142,167,0,0,0,0,2027,Budget2025,v1,GInsideBRIDMCCJ07280305Budget2025v1,GInsideBRIDMCCJ07280305,Tue Jun 03 2025 08:50:38 GMT+0100 (British Summer Time),Fri Dec 31 9999 00:00:00 GMT+0000 (Greenwich Mean Time),1
F,4,Iconic Aegean,Inside,TUR,DMC,HOME,Home Markets,Mon Jan 03 2028 00:00:00 GMT+0000 (Greenwich Mean Time),CD04280327,27/03/2028,0,0,EUR,1,110,110,0,0,0,0,2027,Budget2025,v1,FInsideTURDMCCD04280327Budget2025v1,FInsideTURDMCCD04280327,Tue Jun 03 2025 08:50:38 GMT+0100 (British Summer Time),Fri Dec 31 9999 00:00:00 GMT+0000 (Greenwich Mean Time),1
G,3,Iconic Aegean,Deluxe,SIP,Direct,SIP,SIP,Mon Jan 03 2028 00:00:00 GMT+0000 (Greenwich Mean Time),CD03280317,17/03/2028,0,0,EUR,1,232,232,0,0,33,0,2027,Budget2025,v1,GDeluxeSIPDirectCD03280317Budget2025v1,GDeluxeSIPDirectCD03280317,Tue Jun 03 2025 08:50:38 GMT+0100 (British Summer Time),Fri Dec 31 9999 00:00:00 GMT+0000 (Greenwich Mean Time),1
G,3,Iconic Aegean,Inside,GRC,Travel Agency,HOME,Home Markets,Mon Jan 03 2028 00:00:00 GMT+0000 (Greenwich Mean Time),CD03280324,24/03/2028,24,73,EUR,1,105,105,7777,7777,8,615,2027,Budget2025,v1,GInsideGRCTravel AgencyCD03280324Budget2025v1,GInsideGRCTravel AgencyCD03280324,Tue Jun 03 2025 08:50:38 GMT+0100 (British Summer Time),Fri Dec 31 9999 00:00:00 GMT+0000 (Greenwich Mean Time),1
F,3,Iconic Aegean,Inside,NTH,DMC,EU,ROW,Mon Jan 03 2028 00:00:00 GMT+0000 (Greenwich Mean Time),CD03280317,17/03/2028,0,0,EUR,1,0,0,0,0,0,0,2027,Budget2025,v1,FInsideNTHDMCCD03280317Budget2025v1,FInsideNTHDMCCD03280317,Tue Jun 03 2025 08:50:38 GMT+0100 (British Summer Time),Fri Dec 31 9999 00:00:00 GMT+0000 (Greenwich Mean Time),1
G,7,Desert Days,Inside,SCN,Travel Agency,EU,ROW,Mon Jan 03 2028 00:00:00 GMT+0000 (Greenwich Mean Time),CJ07280312,12/03/2028,0,0,EUR,1,167,167,0,0,114,0,2027,Budget2025,v1,GInsideSCNTravel AgencyCJ07280312Budget2025v1,GInsideSCNTravel AgencyCJ07280312,Tue Jun 03 2025 08:50:38 GMT+0100 (British Summer Time),Fri Dec 31 9999 00:00:00 GMT+0000 (Greenwich Mean Time),1
F,3,Iconic Aegean,Inside,AFR,Tour Operator,ROW,ROW,Mon Jan 03 2028 00:00:00 GMT+0000 (Greenwich Mean Time),CD03280324,24/03/2028,0,0,USD,0,122,111,0,0,0,0,2027,Budget2025,v1,FInsideAFRTour OperatorCD03280324Budget2025v1,FInsideAFRTour OperatorCD03280324,Tue Jun 03 2025 08:50:38 GMT+0100 (British Summer Time),Fri Dec 31 9999 00:00:00 GMT+0000 (Greenwich Mean Time),1
G,14,Positioning Journey,Inside,RUS,Direct,ROW,ROW,Mon Jan 03 2028 00:00:00 GMT+0000 (Greenwich Mean Time),CJ14280319,19/03/2028,0,0,EUR,1,97,97,0,0,0,0,2027,Budget2025,v1,GInsideRUSDirectCJ14280319Budget2025v1,GInsideRUSDirectCJ14280319,Tue Jun 03 2025 08:50:38 GMT+0100 (British Summer Time),Fri Dec 31 9999 00:00:00 GMT+0000 (Greenwich Mean Time),1
F,4,Iconic Aegean,Outside,AUS,Direct,AUNZ,AUS,Mon Jan 03 2028 00:00:00 GMT+0000 (Greenwich Mean Time),CD04280327,27/03/2028,4,16,AUD,0,212,128,3400,2048,40,643,2027,Budget2025,v1,FOutsideAUSDirectCD04280327Budget2025v1,FOutsideAUSDirectCD04280327,Tue Jun 03 2025 08:50:38 GMT+0100 (British Summer Time),Fri Dec 31 9999 00:00:00 GMT+0000 (Greenwich Mean Time),1
G,4,Iconic Aegean,Inside,JPN,DMC,APAC,ROW,Mon Jan 03 2028 00:00:00 GMT+0000 (Greenwich Mean Time),CD04280320,20/03/2028,0,0,USD,0,185,169,0,0,44,0,2027,Budget2025,v1,GInsideJPNDMCCD04280320Budget2025v1,GInsideJPNDMCCD04280320,Tue Jun 03 2025 08:50:38 GMT+0100 (British Summer Time),Fri Dec 31 9999 00:00:00 GMT+0000 (Greenwich Mean Time),1
F,3,Iconic Aegean,Deluxe,DAC,Travel Agency,GERMANY,ROW,Mon Jan 03 2028 00:00:00 GMT+0000 (Greenwich Mean Time),CD03280324,24/03/2028,1,4,EUR,1,246,246,1108,1108,19,89,2027,Budget2025,v1,FDeluxeDACTravel AgencyCD03280324Budget2025v1,FDeluxeDACTravel AgencyCD03280324,Tue Jun 03 2025 08:50:38 GMT+0100 (British Summer Time),Fri Dec 31 9999 00:00:00 GMT+0000 (Greenwich Mean Time),1
G,3,Iconic Aegean,Deluxe,NZE,Direct,AUNZ,AUS,Mon Jan 03 2028 00:00:00 GMT+0000 (Greenwich Mean Time),CD03280317,17/03/2028,0,0,AUD,0,0,0,0,0,0,0,2027,Budget2025,v1,GDeluxeNZEDirectCD03280317Budget2025v1,GDeluxeNZEDirectCD03280317,Tue Jun 03 2025 08:50:38 GMT+0100 (British Summer Time),Fri Dec 31 9999 00:00:00 GMT+0000 (Greenwich Mean Time),1
F,7,Desert Days,Deluxe,SIP,Direct,SIP,SIP,Mon Jan 03 2028 00:00:00 GMT+0000 (Greenwich Mean Time),CJ07280305,05/03/2028,1,7,EUR,1,167,167,1174,1174,25,176,2027,Budget2025,v1,FDeluxeSIPDirectCJ07280305Budget2025v1,FDeluxeSIPDirectCJ07280305,Tue Jun 03 2025 08:50:38 GMT+0100 (British Summer Time),Fri Dec 31 9999 00:00:00 GMT+0000 (Greenwich Mean Time),1
F,3,Iconic Aegean,Outside,JPN,Tour Operator,APAC,ROW,Mon Jan 03 2028 00:00:00 GMT+0000 (Greenwich Mean Time),CD03280324,24/03/2028,2,7,USD,0,197,179,1477,1343,40,301,2027,Budget2025,v1,FOutsideJPNTour OperatorCD03280324Budget2025v1,FOutsideJPNTour OperatorCD03280324,Tue Jun 03 2025 08:50:38 GMT+0100 (British Summer Time),Fri Dec 31 9999 00:00:00 GMT+0000 (Greenwich Mean Time),1
F,4,Iconic Aegean,Inside,BLX,Tour Operator,EU,ROW,Mon Jan 03 2028 00:00:00 GMT+0000 (Greenwich Mean Time),CD04280320,20/03/2028,0,0,EUR,1,122,122,0,0,0,0,2027,Budget2025,v1,FInsideBLXTour OperatorCD04280320Budget2025v1,FInsideBLXTour OperatorCD04280320,Tue Jun 03 2025 08:50:38 GMT+0100 (British Summer Time),Fri Dec 31 9999 00:00:00 GMT+0000 (Greenwich Mean Time),1
F,7,Desert Days,Inside,MID,Tour Operator,AWAY,Away Markets,Mon Jan 03 2028 00:00:00 GMT+0000 (Greenwich Mean Time),CJ07280305,05/03/2028,0,0,USD,0,182,166,0,0,0,0,2027,Budget2025,v1,FInsideMIDTour OperatorCJ07280305Budget2025v1,FInsideMIDTour OperatorCJ07280305,Tue Jun 03 2025 08:50:38 GMT+0100 (British Summer Time),Fri Dec 31 9999 00:00:00 GMT+0000 (Greenwich Mean Time),1
F,7,Desert Days,Deluxe,BLX,Direct,EU,ROW,Mon Jan 03 2028 00:00:00 GMT+0000 (Greenwich Mean Time),CJ07280312,12/03/2028,0,3,EUR,1,167,167,587,587,30,108,2027,Budget2025,v1,FDeluxeBLXDirectCJ07280312Budget2025v1,FDeluxeBLXDirectCJ07280312,Tue Jun 03 2025 08:50:38 GMT+0100 (British Summer Time),Fri Dec 31 9999 00:00:00 GMT+0000 (Greenwich Mean Time),1
F,4,Iconic Aegean,Deluxe,BRI,DMC,UKIE,UKIE,Mon Jan 03 2028 00:00:00 GMT+0000 (Greenwich Mean Time),CD04280320,20/03/2028,0,0,GBP,1,0,0,0,0,0,0,2027,Budget2025,v1,FDeluxeBRIDMCCD04280320Budget2025v1,FDeluxeBRIDMCCD04280320,Tue Jun 03 2025 08:50:38 GMT+0100 (British Summer Time),Fri Dec 31 9999 00:00:00 GMT+0000 (Greenwich Mean Time),1
F,7,Desert Days,Outside,DAC,Direct,GERMANY,ROW,Mon Jan 03 2028 00:00:00 GMT+0000 (Greenwich Mean Time),CJ07280305,05/03/2028,0,3,EUR,1,167,167,587,587,50,176,2027,Budget2025,v1,FOutsideDACDirectCJ07280305Budget2025v1,FOutsideDACDirectCJ07280305,Tue Jun 03 2025 08:50:38 GMT+0100 (British Summer Time),Fri Dec 31 9999 00:00:00 GMT+0000 (Greenwich Mean Time),1
F,4,Iconic Aegean,Inside,TUR,Tour Operator,HOME,Home Markets,Mon Jan 03 2028 00:00:00 GMT+0000 (Greenwich Mean Time),CD04280320,20/03/2028,32,128,EUR,1,114,114,14635,14635,15,2010,2027,Budget2025,v1,FInsideTURTour OperatorCD04280320Budget2025v1,FInsideTURTour OperatorCD04280320,Tue Jun 03 2025 08:50:38 GMT+0100 (British Summer Time),Fri Dec 31 9999 00:00:00 GMT+0000 (Greenwich Mean Time),1
F,7,Desert Days,Deluxe,IND,DMC,AWAY,Away Markets,Mon Jan 03 2028 00:00:00 GMT+0000 (Greenwich Mean Time),CJ07280305,05/03/2028,0,0,USD,0,182,166,0,0,0,0,2027,Budget2025,v1,FDeluxeINDDMCCJ07280305Budget2025v1,FDeluxeINDDMCCJ07280305,Tue Jun 03 2025 08:50:38 GMT+0100 (British Summer Time),Fri Dec 31 9999 00:00:00 GMT+0000 (Greenwich Mean Time),1
F,7,Desert Days,Inside,JPN,Direct,APAC,ROW,Mon Jan 03 2028 00:00:00 GMT+0000 (Greenwich Mean Time),CJ07280305,05/03/2028,0,0,USD,0,182,166,0,0,0,0,2027,Budget2025,v1,FInsideJPNDirectCJ07280305Budget2025v1,FInsideJPNDirectCJ07280305,Tue Jun 03 2025 08:50:38 GMT+0100 (British Summer Time),Fri Dec 31 9999 00:00:00 GMT+0000 (Greenwich Mean Time),1
F,4,Iconic Aegean,Deluxe,JPN,Direct,APAC,ROW,Mon Jan 03 2028 00:00:00 GMT+0000 (Greenwich Mean Time),CD04280327,27/03/2028,0,0,USD,0,0,0,0,0,0,0,2027,Budget2025,v1,FDeluxeJPNDirectCD04280327Budget2025v1,FDeluxeJPNDirectCD04280327,Tue Jun 03 2025 08:50:38 GMT+0100 (British Summer Time),Fri Dec 31 9999 00:00:00 GMT+0000 (Greenwich Mean Time),1
F,7,Desert Days,Inside,NTH,Travel Agency,EU,ROW,Mon Jan 03 2028 00:00:00 GMT+0000 (Greenwich Mean Time),CJ07280312,12/03/2028,0,3,EUR,1,167,167,587,587,18,63,2027,Budget2025,v1,FInsideNTHTravel AgencyCJ07280312Budget2025v1,FInsideNTHTravel AgencyCJ07280312,Tue Jun 03 2025 08:50:38 GMT+0100 (British Summer Time),Fri Dec 31 9999 00:00:00 GMT+0000 (Greenwich Mean Time),1
F,7,Desert Days,Outside,AUS,Tour Operator,AUNZ,AUS,Mon Jan 03 2028 00:00:00 GMT+0000 (Greenwich Mean Time),CJ07280305,05/03/2028,7,49,AUD,0,278,167,13644,8219,34,1692,2027,Budget2025,v1,FOutsideAUSTour OperatorCJ07280305Budget2025v1,FOutsideAUSTour OperatorCJ07280305,Tue Jun 03 2025 08:50:38 GMT+0100 (British Summer Time),Fri Dec 31 9999 00:00:00 GMT+0000 (Greenwich Mean Time),1
F,4,Iconic Aegean,Deluxe,AUS,Travel Agency,AUNZ,AUS,Mon Jan 03 2028 00:00:00 GMT+0000 (Greenwich Mean Time),CD04280320,20/03/2028,2,8,AUD,0,354,213,2834,1707,30,242,2027,Budget2025,v1,FDeluxeAUSTravel AgencyCD04280320Budget2025v1,FDeluxeAUSTravel AgencyCD04280320,Tue Jun 03 2025 08:50:38 GMT+0100 (British Summer Time),Fri Dec 31 9999 00:00:00 GMT+0000 (Greenwich Mean Time),1
F,7,Desert Days,Inside,FRA,Tour Operator,FRANCE,FRANCE,Mon Jan 03 2028 00:00:00 GMT+0000 (Greenwich Mean Time),CJ07280305,05/03/2028,1,7,EUR,1,167,167,1174,1174,83,586,2027,Budget2025,v1,FInsideFRATour OperatorCJ07280305Budget2025v1,FInsideFRATour OperatorCJ07280305,Tue Jun 03 2025 08:50:38 GMT+0100 (British Summer Time),Fri Dec 31 9999 00:00:00 GMT+0000 (Greenwich Mean Time),1
F,3,Iconic Aegean,Inside,SIP,DMC,SIP,SIP,Mon Jan 03 2028 00:00:00 GMT+0000 (Greenwich Mean Time),CD03280317,17/03/2028,5,15,EUR,1,122,122,1844,1844,39,599,2027,Budget2025,v1,FInsideSIPDMCCD03280317Budget2025v1,FInsideSIPDMCCD03280317,Tue Jun 03 2025 08:50:38 GMT+0100 (British Summer Time),Fri Dec 31 9999 00:00:00 GMT+0000 (Greenwich Mean Time),1
G,4,Iconic Aegean,Deluxe,DAC,Direct,GERMANY,ROW,Mon Jan 03 2028 00:00:00 GMT+0000 (Greenwich Mean Time),CD04280327,27/03/2028,0,0,EUR,1,0,0,0,0,86,0,2027,Budget2025,v1,GDeluxeDACDirectCD04280327Budget2025v1,GDeluxeDACDirectCD04280327,Tue Jun 03 2025 08:50:38 GMT+0100 (British Summer Time),Fri Dec 31 9999 00:00:00 GMT+0000 (Greenwich Mean Time),1
G,7,Desert Days,Outside,CYP,Direct,HOME,Home Markets,Mon Jan 03 2028 00:00:00 GMT+0000 (Greenwich Mean Time),CJ07280305,05/03/2028,0,0,EUR,1,167,167,0,0,12,0,2027,Budget2025,v1,GOutsideCYPDirectCJ07280305Budget2025v1,GOutsideCYPDirectCJ07280305,Tue Jun 03 2025 08:50:38 GMT+0100 (British Summer Time),Fri Dec 31 9999 00:00:00 GMT+0000 (Greenwich Mean Time),1
G,4,Iconic Aegean,Deluxe,SCN,Travel Agency,EU,ROW,Mon Jan 03 2028 00:00:00 GMT+0000 (Greenwich Mean Time),CD04280320,20/03/2028,0,0,EUR,1,0,0,0,0,0,0,2027,Budget2025,v1,GDeluxeSCNTravel AgencyCD04280320Budget2025v1,GDeluxeSCNTravel AgencyCD04280320,Tue Jun 03 2025 08:50:38 GMT+0100 (British Summer Time),Fri Dec 31 9999 00:00:00 GMT+0000 (Greenwich Mean Time),1
G,7,Desert Days,Outside,JPN,Travel Agency,APAC,ROW,Mon Jan 03 2028 00:00:00 GMT+0000 (Greenwich Mean Time),CJ07280312,12/03/2028,0,0,USD,0,182,166,0,0,16,0,2027,Budget2025,v1,GOutsideJPNTravel AgencyCJ07280312Budget2025v1,GOutsideJPNTravel AgencyCJ07280312,Tue Jun 03 2025 08:50:38 GMT+0100 (British Summer Time),Fri Dec 31 9999 00:00:00 GMT+0000 (Greenwich Mean Time),1
G,4,Iconic Aegean,Inside,RUS,DMC,ROW,ROW,Mon Jan 03 2028 00:00:00 GMT+0000 (Greenwich Mean Time),CD04280327,27/03/2028,0,0,EUR,1,0,0,0,0,0,0,2027,Budget2025,v1,GInsideRUSDMCCD04280327Budget2025v1,GInsideRUSDMCCD04280327,Tue Jun 03 2025 08:50:38 GMT+0100 (British Summer Time),Fri Dec 31 9999 00:00:00 GMT+0000 (Greenwich Mean Time),1
G,3,Iconic Aegean,Outside,USA,Tour Operator,NORAM,USA,Mon Jan 03 2028 00:00:00 GMT+0000 (Greenwich Mean Time),CD03280324,24/03/2028,145,436,USD,0,223,203,97479,88618,21,9526,2027,Budget2025,v1,GOutsideUSATour OperatorCD03280324Budget2025v1,GOutsideUSATour OperatorCD03280324,Tue Jun 03 2025 08:50:38 GMT+0100 (British Summer Time),Fri Dec 31 9999 00:00:00 GMT+0000 (Greenwich Mean Time),1
G,3,Iconic Aegean,Deluxe,IND,Tour Operator,AWAY,Away Markets,Mon Jan 03 2028 00:00:00 GMT+0000 (Greenwich Mean Time),CD03280317,17/03/2028,0,0,USD,0,0,0,0,0,11,0,2027,Budget2025,v1,GDeluxeINDTour OperatorCD03280317Budget2025v1,GDeluxeINDTour OperatorCD03280317,Tue Jun 03 2025 08:50:38 GMT+0100 (British Summer Time),Fri Dec 31 9999 00:00:00 GMT+0000 (Greenwich Mean Time),1
F,4,Iconic Aegean,Inside,AFR,DMC,ROW,ROW,Mon Jan 03 2028 00:00:00 GMT+0000 (Greenwich Mean Time),CD04280327,27/03/2028,0,0,USD,0,0,0,0,0,25,0,2027,Budget2025,v1,FInsideAFRDMCCD04280327Budget2025v1,FInsideAFRDMCCD04280327,Tue Jun 03 2025 08:50:38 GMT+0100 (British Summer Time),Fri Dec 31 9999 00:00:00 GMT+0000 (Greenwich Mean Time),1
F,3,Iconic Aegean,Outside,NZE,Direct,AUNZ,AUS,Mon Jan 03 2028 00:00:00 GMT+0000 (Greenwich Mean Time),CD03280317,17/03/2028,0,0,AUD,0,212,128,0,0,0,0,2027,Budget2025,v1,FOutsideNZEDirectCD03280317Budget2025v1,FOutsideNZEDirectCD03280317,Tue Jun 03 2025 08:50:38 GMT+0100 (British Summer Time),Fri Dec 31 9999 00:00:00 GMT+0000 (Greenwich Mean Time),1
G,4,Iconic Aegean,Outside,CYP,Direct,HOME,Home Markets,Mon Jan 03 2028 00:00:00 GMT+0000 (Greenwich Mean Time),CD04280327,27/03/2028,0,0,EUR,1,120,120,0,0,10,0,2027,Budget2025,v1,GOutsideCYPDirectCD04280327Budget2025v1,GOutsideCYPDirectCD04280327,Tue Jun 03 2025 08:50:38 GMT+0100 (British Summer Time),Fri Dec 31 9999 00:00:00 GMT+0000 (Greenwich Mean Time),1
F,7,Desert Days,Outside,NZE,Tour Operator,AUNZ,AUS,Mon Jan 03 2028 00:00:00 GMT+0000 (Greenwich Mean Time),CJ07280305,05/03/2028,1,7,AUD,0,278,167,1949,1174,28,197,2027,Budget2025,v1,FOutsideNZETour OperatorCJ07280305Budget2025v1,FOutsideNZETour OperatorCJ07280305,Tue Jun 03 2025 08:50:38 GMT+0100 (British Summer Time),Fri Dec 31 9999 00:00:00 GMT+0000 (Greenwich Mean Time),1
G,4,Iconic Aegean,Outside,DAC,Tour Operator,GERMANY,ROW,Mon Jan 03 2028 00:00:00 GMT+0000 (Greenwich Mean Time),CD04280327,27/03/2028,0,0,EUR,1,0,0,0,0,0,0,2027,Budget2025,v1,GOutsideDACTour OperatorCD04280327Budget2025v1,GOutsideDACTour OperatorCD04280327,Tue Jun 03 2025 08:50:38 GMT+0100 (British Summer Time),Fri Dec 31 9999 00:00:00 GMT+0000 (Greenwich Mean Time),1
F,14,Positioning Journey,Deluxe,CAN,DMC,NORAM,USA,Mon Jan 03 2028 00:00:00 GMT+0000 (Greenwich Mean Time),CJ14280319,19/03/2028,0,0,USD,0,105,96,0,0,34,0,2027,Budget2025,v1,FDeluxeCANDMCCJ14280319Budget2025v1,FDeluxeCANDMCCJ14280319,Tue Jun 03 2025 08:50:38 GMT+0100 (British Summer Time),Fri Dec 31 9999 00:00:00 GMT+0000 (Greenwich Mean Time),1
G,3,Iconic Aegean,Outside,MID,Travel Agency,AWAY,Away Markets,Mon Jan 03 2028 00:00:00 GMT+0000 (Greenwich Mean Time),CD03280317,17/03/2028,0,0,USD,0,0,0,0,0,0,0,2027,Budget2025,v1,GOutsideMIDTravel AgencyCD03280317Budget2025v1,GOutsideMIDTravel AgencyCD03280317,Tue Jun 03 2025 08:50:38 GMT+0100 (British Summer Time),Fri Dec 31 9999 00:00:00 GMT+0000 (Greenwich Mean Time),1
G,3,Iconic Aegean,Deluxe,AUS,Travel Agency,AUNZ,AUS,Mon Jan 03 2028 00:00:00 GMT+0000 (Greenwich Mean Time),CD03280317,17/03/2028,0,0,AUD,0,0,0,0,0,35,0,2027,Budget2025,v1,GDeluxeAUSTravel AgencyCD03280317Budget2025v1,GDeluxeAUSTravel AgencyCD03280317,Tue Jun 03 2025 08:50:38 GMT+0100 (British Summer Time),Fri Dec 31 9999 00:00:00 GMT+0000 (Greenwich Mean Time),1
F,4,Iconic Aegean,Inside,AFR,Tour Operator,ROW,ROW,Mon Jan 03 2028 00:00:00 GMT+0000 (Greenwich Mean Time),CD04280320,20/03/2028,0,0,USD,0,122,111,0,0,0,0,2027,Budget2025,v1,FInsideAFRTour OperatorCD04280320Budget2025v1,FInsideAFRTour OperatorCD04280320,Tue Jun 03 2025 08:50:38 GMT+0100 (British Summer Time),Fri Dec 31 9999 00:00:00 GMT+0000 (Greenwich Mean Time),1
G,3,Iconic Aegean,Deluxe,FRA,DMC,FRANCE,FRANCE,Mon Jan 03 2028 00:00:00 GMT+0000 (Greenwich Mean Time),CD03280317,17/03/2028,0,0,EUR,1,0,0,0,0,0,0,2027,Budget2025,v1,GDeluxeFRADMCCD03280317Budget2025v1,GDeluxeFRADMCCD03280317,Tue Jun 03 2025 08:50:38 GMT+0100 (British Summer Time),Fri Dec 31 9999 00:00:00 GMT+0000 (Greenwich Mean Time),1
G,3,Iconic Aegean,Deluxe,TUR,Direct,HOME,Home Markets,Mon Jan 03 2028 00:00:00 GMT+0000 (Greenwich Mean Time),CD03280324,24/03/2028,0,0,EUR,1,86,86,0,0,0,0,2027,Budget2025,v1,GDeluxeTURDirectCD03280324Budget2025v1,GDeluxeTURDirectCD03280324,Tue Jun 03 2025 08:50:38 GMT+0100 (British Summer Time),Fri Dec 31 9999 00:00:00 GMT+0000 (Greenwich Mean Time),1
F,4,Iconic Aegean,Outside,JPN,Direct,APAC,ROW,Mon Jan 03 2028 00:00:00 GMT+0000 (Greenwich Mean Time),CD04280327,27/03/2028,0,0,USD,0,0,0,0,0,0,0,2027,Budget2025,v1,FOutsideJPNDirectCD04280327Budget2025v1,FOutsideJPNDirectCD04280327,Tue Jun 03 2025 08:50:38 GMT+0100 (British Summer Time),Fri Dec 31 9999 00:00:00 GMT+0000 (Greenwich Mean Time),1
G,7,Desert Days,Outside,CAN,DMC,NORAM,USA,Mon Jan 03 2028 00:00:00 GMT+0000 (Greenwich Mean Time),CJ07280312,12/03/2028,0,0,USD,0,182,166,0,0,69,0,2027,Budget2025,v1,GOutsideCANDMCCJ07280312Budget2025v1,GOutsideCANDMCCJ07280312,Tue Jun 03 2025 08:50:38 GMT+0100 (British Summer Time),Fri Dec 31 9999 00:00:00 GMT+0000 (Greenwich Mean Time),1
G,4,Iconic Aegean,Deluxe,EAS,DMC,EU,ROW,Mon Jan 03 2028 00:00:00 GMT+0000 (Greenwich Mean Time),CD04280327,27/03/2028,0,0,EUR,1,0,0,0,0,0,0,2027,Budget2025,v1,GDeluxeEASDMCCD04280327Budget2025v1,GDeluxeEASDMCCD04280327,Tue Jun 03 2025 08:50:38 GMT+0100 (British Summer Time),Fri Dec 31 9999 00:00:00 GMT+0000 (Greenwich Mean Time),1
G,4,Iconic Aegean,Inside,DAC,Tour Operator,GERMANY,ROW,Mon Jan 03 2028 00:00:00 GMT+0000 (Greenwich Mean Time),CD04280320,20/03/2028,0,0,EUR,1,0,0,0,0,0,0,2027,Budget2025,v1,GInsideDACTour OperatorCD04280320Budget2025v1,GInsideDACTour OperatorCD04280320,Tue Jun 03 2025 08:50:38 GMT+0100 (British Summer Time),Fri Dec 31 9999 00:00:00 GMT+0000 (Greenwich Mean Time),1
F,7,Desert Days,Outside,IND,Travel Agency,AWAY,Away Markets,Mon Jan 03 2028 00:00:00 GMT+0000 (Greenwich Mean Time),CJ07280312,12/03/2028,0,0,USD,0,182,166,0,0,0,0,2027,Budget2025,v1,FOutsideINDTravel AgencyCJ07280312Budget2025v1,FOutsideINDTravel AgencyCJ07280312,Tue Jun 03 2025 08:50:38 GMT+0100 (British Summer Time),Fri Dec 31 9999 00:00:00 GMT+0000 (Greenwich Mean Time),1
G,4,Iconic Aegean,Inside,SCN,Tour Operator,EU,ROW,Mon Jan 03 2028 00:00:00 GMT+0000 (Greenwich Mean Time),CD04280327,27/03/2028,0,0,EUR,1,120,120,0,0,0,0,2027,Budget2025,v1,GInsideSCNTour OperatorCD04280327Budget2025v1,GInsideSCNTour OperatorCD04280327,Tue Jun 03 2025 08:50:38 GMT+0100 (British Summer Time),Fri Dec 31 9999 00:00:00 GMT+0000 (Greenwich Mean Time),1
G,14,Positioning Journey,Inside,CHI,Travel Agency,APAC,ROW,Mon Jan 03 2028 00:00:00 GMT+0000 (Greenwich Mean Time),CJ14280319,19/03/2028,0,0,USD,0,105,96,0,0,17,0,2027,Budget2025,v1,GInsideCHITravel AgencyCJ14280319Budget2025v1,GInsideCHITravel AgencyCJ14280319,Tue Jun 03 2025 08:50:38 GMT+0100 (British Summer Time),Fri Dec 31 9999 00:00:00 GMT+0000 (Greenwich Mean Time),1
G,3,Iconic Aegean,Deluxe,JPN,DMC,APAC,ROW,Mon Jan 03 2028 00:00:00 GMT+0000 (Greenwich Mean Time),CD03280324,24/03/2028,0,0,USD,0,130,119,0,0,42,0,2027,Budget2025,v1,GDeluxeJPNDMCCD03280324Budget2025v1,GDeluxeJPNDMCCD03280324,Tue Jun 03 2025 08:50:38 GMT+0100 (British Summer Time),Fri Dec 31 9999 00:00:00 GMT+0000 (Greenwich Mean Time),1
F,4,Iconic Aegean,Outside,AFR,DMC,ROW,ROW,Mon Jan 03 2028 00:00:00 GMT+0000 (Greenwich Mean Time),CD04280327,27/03/2028,0,0,USD,0,0,0,0,0,25,0,2027,Budget2025,v1,FOutsideAFRDMCCD04280327Budget2025v1,FOutsideAFRDMCCD04280327,Tue Jun 03 2025 08:50:38 GMT+0100 (British Summer Time),Fri Dec 31 9999 00:00:00 GMT+0000 (Greenwich Mean Time),1
G,3,Iconic Aegean,Deluxe,SCN,DMC,EU,ROW,Mon Jan 03 2028 00:00:00 GMT+0000 (Greenwich Mean Time),CD03280324,24/03/2028,0,0,EUR,1,0,0,0,0,0,0,2027,Budget2025,v1,GDeluxeSCNDMCCD03280324Budget2025v1,GDeluxeSCNDMCCD03280324,Tue Jun 03 2025 08:50:38 GMT+0100 (British Summer Time),Fri Dec 31 9999 00:00:00 GMT+0000 (Greenwich Mean Time),1
F,4,Iconic Aegean,Outside,CHI,Direct,APAC,ROW,Mon Jan 03 2028 00:00:00 GMT+0000 (Greenwich Mean Time),CD04280327,27/03/2028,0,0,USD,0,0,0,0,0,38,0,2027,Budget2025,v1,FOutsideCHIDirectCD04280327Budget2025v1,FOutsideCHIDirectCD04280327,Tue Jun 03 2025 08:50:38 GMT+0100 (British Summer Time),Fri Dec 31 9999 00:00:00 GMT+0000 (Greenwich Mean Time),1
G,4,Iconic Aegean,Inside,LAT,Tour Operator,LATAM,LATAM,Mon Jan 03 2028 00:00:00 GMT+0000 (Greenwich Mean Time),CD04280320,20/03/2028,0,0,USD,0,204,185,0,0,19,0,2027,Budget2025,v1,GInsideLATTour OperatorCD04280320Budget2025v1,GInsideLATTour OperatorCD04280320,Tue Jun 03 2025 08:50:38 GMT+0100 (British Summer Time),Fri Dec 31 9999 00:00:00 GMT+0000 (Greenwich Mean Time),1
G,4,Iconic Aegean,Deluxe,CYP,Direct,HOME,Home Markets,Mon Jan 03 2028 00:00:00 GMT+0000 (Greenwich Mean Time),CD04280327,27/03/2028,0,0,EUR,1,86,86,0,0,10,0,2027,Budget2025,v1,GDeluxeCYPDirectCD04280327Budget2025v1,GDeluxeCYPDirectCD04280327,Tue Jun 03 2025 08:50:38 GMT+0100 (British Summer Time),Fri Dec 31 9999 00:00:00 GMT+0000 (Greenwich Mean Time),1
G,4,Iconic Aegean,Inside,CAN,Travel Agency,NORAM,USA,Mon Jan 03 2028 00:00:00 GMT+0000 (Greenwich Mean Time),CD04280327,27/03/2028,21,86,USD,0,154,140,13310,12100,43,3757,2027,Budget2025,v1,GInsideCANTravel AgencyCD04280327Budget2025v1,GInsideCANTravel AgencyCD04280327,Tue Jun 03 2025 08:50:38 GMT+0100 (British Summer Time),Fri Dec 31 9999 00:00:00 GMT+0000 (Greenwich Mean Time),1
G,3,Iconic Aegean,Outside,DAC,Direct,GERMANY,ROW,Mon Jan 03 2028 00:00:00 GMT+0000 (Greenwich Mean Time),CD03280317,17/03/2028,0,0,EUR,1,0,0,0,0,0,0,2027,Budget2025,v1,GOutsideDACDirectCD03280317Budget2025v1,GOutsideDACDirectCD03280317,Tue Jun 03 2025 08:50:38 GMT+0100 (British Summer Time),Fri Dec 31 9999 00:00:00 GMT+0000 (Greenwich Mean Time),1
G,7,Desert Days,Deluxe,BRI,Travel Agency,UKIE,UKIE,Mon Jan 03 2028 00:00:00 GMT+0000 (Greenwich Mean Time),CJ07280312,12/03/2028,0,0,GBP,1,142,167,0,0,23,0,2027,Budget2025,v1,GDeluxeBRITravel AgencyCJ07280312Budget2025v1,GDeluxeBRITravel AgencyCJ07280312,Tue Jun 03 2025 08:50:38 GMT+0100 (British Summer Time),Fri Dec 31 9999 00:00:00 GMT+0000 (Greenwich Mean Time),1
G,7,Desert Days,Deluxe,FRA,Travel Agency,FRANCE,FRANCE,Mon Jan 03 2028 00:00:00 GMT+0000 (Greenwich Mean Time),CJ07280305,05/03/2028,0,0,EUR,1,167,167,0,0,23,0,2027,Budget2025,v1,GDeluxeFRATravel AgencyCJ07280305Budget2025v1,GDeluxeFRATravel AgencyCJ07280305,Tue Jun 03 2025 08:50:38 GMT+0100 (British Summer Time),Fri Dec 31 9999 00:00:00 GMT+0000 (Greenwich Mean Time),1
G,14,Positioning Journey,Deluxe,BRI,Travel Agency,UKIE,UKIE,Mon Jan 03 2028 00:00:00 GMT+0000 (Greenwich Mean Time),CJ14280319,19/03/2028,0,0,GBP,1,82,97,0,0,11,0,2027,Budget2025,v1,GDeluxeBRITravel AgencyCJ14280319Budget2025v1,GDeluxeBRITravel AgencyCJ14280319,Tue Jun 03 2025 08:50:38 GMT+0100 (British Summer Time),Fri Dec 31 9999 00:00:00 GMT+0000 (Greenwich Mean Time),1
G,3,Iconic Aegean,Deluxe,SCN,Direct,EU,ROW,Mon Jan 03 2028 00:00:00 GMT+0000 (Greenwich Mean Time),CD03280317,17/03/2028,0,0,EUR,1,390,390,0,0,58,0,2027,Budget2025,v1,GDeluxeSCNDirectCD03280317Budget2025v1,GDeluxeSCNDirectCD03280317,Tue Jun 03 2025 08:50:38 GMT+0100 (British Summer Time),Fri Dec 31 9999 00:00:00 GMT+0000 (Greenwich Mean Time),1
G,14,Positioning Journey,Deluxe,SIP,Tour Operator,SIP,SIP,Mon Jan 03 2028 00:00:00 GMT+0000 (Greenwich Mean Time),CJ14280319,19/03/2028,0,0,EUR,1,97,97,0,0,25,0,2027,Budget2025,v1,GDeluxeSIPTour OperatorCJ14280319Budget2025v1,GDeluxeSIPTour OperatorCJ14280319,Tue Jun 03 2025 08:50:38 GMT+0100 (British Summer Time),Fri Dec 31 9999 00:00:00 GMT+0000 (Greenwich Mean Time),1
G,7,Desert Days,Deluxe,EAS,Direct,EU,ROW,Mon Jan 03 2028 00:00:00 GMT+0000 (Greenwich Mean Time),CJ07280305,05/03/2028,0,0,EUR,1,167,167,0,0,26,0,2027,Budget2025,v1,GDeluxeEASDirectCJ07280305Budget2025v1,GDeluxeEASDirectCJ07280305,Tue Jun 03 2025 08:50:38 GMT+0100 (British Summer Time),Fri Dec 31 9999 00:00:00 GMT+0000 (Greenwich Mean Time),1
F,3,Iconic Aegean,Outside,RUS,DMC,ROW,ROW,Mon Jan 03 2028 00:00:00 GMT+0000 (Greenwich Mean Time),CD03280324,24/03/2028,0,0,EUR,1,0,0,0,0,0,0,2027,Budget2025,v1,FOutsideRUSDMCCD03280324Budget2025v1,FOutsideRUSDMCCD03280324,Tue Jun 03 2025 08:50:38 GMT+0100 (British Summer Time),Fri Dec 31 9999 00:00:00 GMT+0000 (Greenwich Mean Time),1
G,7,Desert Days,Deluxe,GRC,Travel Agency,HOME,Home Markets,Mon Jan 03 2028 00:00:00 GMT+0000 (Greenwich Mean Time),CJ07280305,05/03/2028,2,14,EUR,1,167,167,2348,2348,5,83,2027,Budget2025,v1,GDeluxeGRCTravel AgencyCJ07280305Budget2025v1,GDeluxeGRCTravel AgencyCJ07280305,Tue Jun 03 2025 08:50:38 GMT+0100 (British Summer Time),Fri Dec 31 9999 00:00:00 GMT+0000 (Greenwich Mean Time),1
F,4,Iconic Aegean,Outside,BRI,DMC,UKIE,UKIE,Mon Jan 03 2028 00:00:00 GMT+0000 (Greenwich Mean Time),CD04280320,20/03/2028,0,0,GBP,1,0,0,0,0,0,0,2027,Budget2025,v1,FOutsideBRIDMCCD04280320Budget2025v1,FOutsideBRIDMCCD04280320,Tue Jun 03 2025 08:50:38 GMT+0100 (British Summer Time),Fri Dec 31 9999 00:00:00 GMT+0000 (Greenwich Mean Time),1
F,7,Desert Days,Outside,IND,Direct,AWAY,Away Markets,Mon Jan 03 2028 00:00:00 GMT+0000 (Greenwich Mean Time),CJ07280305,05/03/2028,0,0,USD,0,182,166,0,0,0,0,2027,Budget2025,v1,FOutsideINDDirectCJ07280305Budget2025v1,FOutsideINDDirectCJ07280305,Tue Jun 03 2025 08:50:38 GMT+0100 (British Summer Time),Fri Dec 31 9999 00:00:00 GMT+0000 (Greenwich Mean Time),1
G,4,Iconic Aegean,Deluxe,CAN,Travel Agency,NORAM,USA,Mon Jan 03 2028 00:00:00 GMT+0000 (Greenwich Mean Time),CD04280320,20/03/2028,0,0,USD,0,304,276,0,0,43,0,2027,Budget2025,v1,GDeluxeCANTravel AgencyCD04280320Budget2025v1,GDeluxeCANTravel AgencyCD04280320,Tue Jun 03 2025 08:50:38 GMT+0100 (British Summer Time),Fri Dec 31 9999 00:00:00 GMT+0000 (Greenwich Mean Time),1
G,7,Desert Days,Inside,EAS,DMC,EU,ROW,Mon Jan 03 2028 00:00:00 GMT+0000 (Greenwich Mean Time),CJ07280312,12/03/2028,0,0,EUR,1,167,167,0,0,0,0,2027,Budget2025,v1,GInsideEASDMCCJ07280312Budget2025v1,GInsideEASDMCCJ07280312,Tue Jun 03 2025 08:50:38 GMT+0100 (British Summer Time),Fri Dec 31 9999 00:00:00 GMT+0000 (Greenwich Mean Time),1
F,4,Iconic Aegean,Outside,USA,Travel Agency,NORAM,USA,Mon Jan 03 2028 00:00:00 GMT+0000 (Greenwich Mean Time),CD04280327,27/03/2028,44,178,USD,0,180,164,32169,29245,48,8573,2027,Budget2025,v1,FOutsideUSATravel AgencyCD04280327Budget2025v1,FOutsideUSATravel AgencyCD04280327,Tue Jun 03 2025 08:50:38 GMT+0100 (British Summer Time),Fri Dec 31 9999 00:00:00 GMT+0000 (Greenwich Mean Time),1
G,3,Iconic Aegean,Inside,APAC,Travel Agency,APAC,ROW,Mon Jan 03 2028 00:00:00 GMT+0000 (Greenwich Mean Time),CD03280317,17/03/2028,0,0,USD,0,0,0,0,0,48,0,2027,Budget2025,v1,GInsideAPACTravel AgencyCD03280317Budget2025v1,GInsideAPACTravel AgencyCD03280317,Tue Jun 03 2025 08:50:38 GMT+0100 (British Summer Time),Fri Dec 31 9999 00:00:00 GMT+0000 (Greenwich Mean Time),1
G,4,Iconic Aegean,Deluxe,LAT,Travel Agency,LATAM,LATAM,Mon Jan 03 2028 00:00:00 GMT+0000 (Greenwich Mean Time),CD04280327,27/03/2028,0,0,USD,0,0,0,0,0,38,0,2027,Budget2025,v1,GDeluxeLATTravel AgencyCD04280327Budget2025v1,GDeluxeLATTravel AgencyCD04280327,Tue Jun 03 2025 08:50:38 GMT+0100 (British Summer Time),Fri Dec 31 9999 00:00:00 GMT+0000 (Greenwich Mean Time),1
G,7,Desert Days,Inside,AUS,Tour Operator,AUNZ,AUS,Mon Jan 03 2028 00:00:00 GMT+0000 (Greenwich Mean Time),CJ07280305,05/03/2028,0,0,AUD,0,278,167,0,0,34,0,2027,Budget2025,v1,GInsideAUSTour OperatorCJ07280305Budget2025v1,GInsideAUSTour OperatorCJ07280305,Tue Jun 03 2025 08:50:38 GMT+0100 (British Summer Time),Fri Dec 31 9999 00:00:00 GMT+0000 (Greenwich Mean Time),1
F,7,Desert Days,Inside,NZE,Travel Agency,AUNZ,AUS,Mon Jan 03 2028 00:00:00 GMT+0000 (Greenwich Mean Time),CJ07280305,05/03/2028,0,0,AUD,0,278,167,0,0,20,0,2027,Budget2025,v1,FInsideNZETravel AgencyCJ07280305Budget2025v1,FInsideNZETravel AgencyCJ07280305,Tue Jun 03 2025 08:50:38 GMT+0100 (British Summer Time),Fri Dec 31 9999 00:00:00 GMT+0000 (Greenwich Mean Time),1
G,4,Iconic Aegean,Deluxe,CYP,DMC,HOME,Home Markets,Mon Jan 03 2028 00:00:00 GMT+0000 (Greenwich Mean Time),CD04280320,20/03/2028,0,0,EUR,1,0,0,0,0,0,0,2027,Budget2025,v1,GDeluxeCYPDMCCD04280320Budget2025v1,GDeluxeCYPDMCCD04280320,Tue Jun 03 2025 08:50:38 GMT+0100 (British Summer Time),Fri Dec 31 9999 00:00:00 GMT+0000 (Greenwich Mean Time),1
F,4,Iconic Aegean,Inside,CHI,Direct,APAC,ROW,Mon Jan 03 2028 00:00:00 GMT+0000 (Greenwich Mean Time),CD04280327,27/03/2028,0,0,USD,0,0,0,0,0,38,0,2027,Budget2025,v1,FInsideCHIDirectCD04280327Budget2025v1,FInsideCHIDirectCD04280327,Tue Jun 03 2025 08:50:38 GMT+0100 (British Summer Time),Fri Dec 31 9999 00:00:00 GMT+0000 (Greenwich Mean Time),1
G,7,Desert Days,Outside,NZE,Direct,AUNZ,AUS,Mon Jan 03 2028 00:00:00 GMT+0000 (Greenwich Mean Time),CJ07280312,12/03/2028,0,0,AUD,0,278,167,0,0,0,0,2027,Budget2025,v1,GOutsideNZEDirectCJ07280312Budget2025v1,GOutsideNZEDirectCJ07280312,Tue Jun 03 2025 08:50:38 GMT+0100 (British Summer Time),Fri Dec 31 9999 00:00:00 GMT+0000 (Greenwich Mean Time),1
G,14,Positioning Journey,Outside,JPN,Travel Agency,APAC,ROW,Mon Jan 03 2028 00:00:00 GMT+0000 (Greenwich Mean Time),CJ14280319,19/03/2028,0,0,USD,0,105,96,0,0,7,0,2027,Budget2025,v1,GOutsideJPNTravel AgencyCJ14280319Budget2025v1,GOutsideJPNTravel AgencyCJ14280319,Tue Jun 03 2025 08:50:38 GMT+0100 (British Summer Time),Fri Dec 31 9999 00:00:00 GMT+0000 (Greenwich Mean Time),1
F,4,Iconic Aegean,Deluxe,MID,Travel Agency,AWAY,Away Markets,Mon Jan 03 2028 00:00:00 GMT+0000 (Greenwich Mean Time),CD04280320,20/03/2028,0,0,USD,0,0,0,0,0,17,0,2027,Budget2025,v1,FDeluxeMIDTravel AgencyCD04280320Budget2025v1,FDeluxeMIDTravel AgencyCD04280320,Tue Jun 03 2025 08:50:38 GMT+0100 (British Summer Time),Fri Dec 31 9999 00:00:00 GMT+0000 (Greenwich Mean Time),1
F,3,Iconic Aegean,Inside,NZE,Tour Operator,AUNZ,AUS,Mon Jan 03 2028 00:00:00 GMT+0000 (Greenwich Mean Time),CD03280317,17/03/2028,0,0,AUD,0,0,0,0,0,15,0,2027,Budget2025,v1,FInsideNZETour OperatorCD03280317Budget2025v1,FInsideNZETour OperatorCD03280317,Tue Jun 03 2025 08:50:38 GMT+0100 (British Summer Time),Fri Dec 31 9999 00:00:00 GMT+0000 (Greenwich Mean Time),1
F,3,Iconic Aegean,Outside,USA,Tour Operator,NORAM,USA,Mon Jan 03 2028 00:00:00 GMT+0000 (Greenwich Mean Time),CD03280324,24/03/2028,1,4,USD,0,197,179,886,805,21,98,2027,Budget2025,v1,FOutsideUSATour OperatorCD03280324Budget2025v1,FOutsideUSATour OperatorCD03280324,Tue Jun 03 2025 08:50:38 GMT+0100 (British Summer Time),Fri Dec 31 9999 00:00:00 GMT+0000 (Greenwich Mean Time),1
F,3,Iconic Aegean,Outside,RUS,Travel Agency,ROW,ROW,Mon Jan 03 2028 00:00:00 GMT+0000 (Greenwich Mean Time),CD03280324,24/03/2028,0,0,EUR,1,143,143,0,0,1,0,2027,Budget2025,v1,FOutsideRUSTravel AgencyCD03280324Budget2025v1,FOutsideRUSTravel AgencyCD03280324,Tue Jun 03 2025 08:50:38 GMT+0100 (British Summer Time),Fri Dec 31 9999 00:00:00 GMT+0000 (Greenwich Mean Time),1
F,14,Positioning Journey,Deluxe,EAS,DMC,EU,ROW,Mon Jan 03 2028 00:00:00 GMT+0000 (Greenwich Mean Time),CJ14280319,19/03/2028,0,0,EUR,1,97,97,0,0,0,0,2027,Budget2025,v1,FDeluxeEASDMCCJ14280319Budget2025v1,FDeluxeEASDMCCJ14280319,Tue Jun 03 2025 08:50:38 GMT+0100 (British Summer Time),Fri Dec 31 9999 00:00:00 GMT+0000 (Greenwich Mean Time),1
F,4,Iconic Aegean,Outside,DAC,Direct,GERMANY,ROW,Mon Jan 03 2028 00:00:00 GMT+0000 (Greenwich Mean Time),CD04280320,20/03/2028,0,0,EUR,1,0,0,0,0,86,0,2027,Budget2025,v1,FOutsideDACDirectCD04280320Budget2025v1,FOutsideDACDirectCD04280320,Tue Jun 03 2025 08:50:38 GMT+0100 (British Summer Time),Fri Dec 31 9999 00:00:00 GMT+0000 (Greenwich Mean Time),1
F,4,Iconic Aegean,Outside,USA,DMC,NORAM,USA,Mon Jan 03 2028 00:00:00 GMT+0000 (Greenwich Mean Time),CD04280327,27/03/2028,1,6,USD,0,80,72,481,437,41,251,2027,Budget2025,v1,FOutsideUSADMCCD04280327Budget2025v1,FOutsideUSADMCCD04280327,Tue Jun 03 2025 08:50:38 GMT+0100 (British Summer Time),Fri Dec 31 9999 00:00:00 GMT+0000 (Greenwich Mean Time),1
G,4,Iconic Aegean,Outside,USA,Direct,NORAM,USA,Mon Jan 03 2028 00:00:00 GMT+0000 (Greenwich Mean Time),CD04280320,20/03/2028,14,58,USD,0,172,156,10006,9096,45,2641,2027,Budget2025,v1,GOutsideUSADirectCD04280320Budget2025v1,GOutsideUSADirectCD04280320,Tue Jun 03 2025 08:50:38 GMT+0100 (British Summer Time),Fri Dec 31 9999 00:00:00 GMT+0000 (Greenwich Mean Time),1
F,14,Positioning Journey,Deluxe,AFR,Tour Operator,ROW,ROW,Mon Jan 03 2028 00:00:00 GMT+0000 (Greenwich Mean Time),CJ14280319,19/03/2028,0,0,USD,0,105,96,0,0,0,0,2027,Budget2025,v1,FDeluxeAFRTour OperatorCJ14280319Budget2025v1,FDeluxeAFRTour OperatorCJ14280319,Tue Jun 03 2025 08:50:38 GMT+0100 (British Summer Time),Fri Dec 31 9999 00:00:00 GMT+0000 (Greenwich Mean Time),1
G,14,Positioning Journey,Outside,LAT,DMC,LATAM,LATAM,Mon Jan 03 2028 00:00:00 GMT+0000 (Greenwich Mean Time),CJ14280319,19/03/2028,0,0,USD,0,105,96,0,0,8,0,2027,Budget2025,v1,GOutsideLATDMCCJ14280319Budget2025v1,GOutsideLATDMCCJ14280319,Tue Jun 03 2025 08:50:38 GMT+0100 (British Summer Time),Fri Dec 31 9999 00:00:00 GMT+0000 (Greenwich Mean Time),1
F,7,Desert Days,Deluxe,CYP,DMC,HOME,Home Markets,Mon Jan 03 2028 00:00:00 GMT+0000 (Greenwich Mean Time),CJ07280312,12/03/2028,0,0,EUR,1,167,167,0,0,0,0,2027,Budget2025,v1,FDeluxeCYPDMCCJ07280312Budget2025v1,FDeluxeCYPDMCCJ07280312,Tue Jun 03 2025 08:50:38 GMT+0100 (British Summer Time),Fri Dec 31 9999 00:00:00 GMT+0000 (Greenwich Mean Time),1
G,4,Iconic Aegean,Outside,LAT,Direct,LATAM,LATAM,Mon Jan 03 2028 00:00:00 GMT+0000 (Greenwich Mean Time),CD04280327,27/03/2028,0,0,USD,0,200,182,0,0,19,0,2027,Budget2025,v1,GOutsideLATDirectCD04280327Budget2025v1,GOutsideLATDirectCD04280327,Tue Jun 03 2025 08:50:38 GMT+0100 (British Summer Time),Fri Dec 31 9999 00:00:00 GMT+0000 (Greenwich Mean Time),1
F,3,Iconic Aegean,Deluxe,EAS,DMC,EU,ROW,Mon Jan 03 2028 00:00:00 GMT+0000 (Greenwich Mean Time),CD03280317,17/03/2028,0,0,EUR,1,0,0,0,0,31,0,2027,Budget2025,v1,FDeluxeEASDMCCD03280317Budget2025v1,FDeluxeEASDMCCD03280317,Tue Jun 03 2025 08:50:38 GMT+0100 (British Summer Time),Fri Dec 31 9999 00:00:00 GMT+0000 (Greenwich Mean Time),1
G,3,Iconic Aegean,Outside,CHI,DMC,APAC,ROW,Mon Jan 03 2028 00:00:00 GMT+0000 (Greenwich Mean Time),CD03280317,17/03/2028,0,0,USD,0,167,152,0,0,0,0,2027,Budget2025,v1,GOutsideCHIDMCCD03280317Budget2025v1,GOutsideCHIDMCCD03280317,Tue Jun 03 2025 08:50:38 GMT+0100 (British Summer Time),Fri Dec 31 9999 00:00:00 GMT+0000 (Greenwich Mean Time),1
G,7,Desert Days,Deluxe,SIP,Direct,SIP,SIP,Mon Jan 03 2028 00:00:00 GMT+0000 (Greenwich Mean Time),CJ07280312,12/03/2028,0,0,EUR,1,167,167,0,0,25,0,2027,Budget2025,v1,GDeluxeSIPDirectCJ07280312Budget2025v1,GDeluxeSIPDirectCJ07280312,Tue Jun 03 2025 08:50:38 GMT+0100 (British Summer Time),Fri Dec 31 9999 00:00:00 GMT+0000 (Greenwich Mean Time),1
G,14,Positioning Journey,Outside,CAN,DMC,NORAM,USA,Mon Jan 03 2028 00:00:00 GMT+0000 (Greenwich Mean Time),CJ14280319,19/03/2028,0,0,USD,0,105,96,0,0,34,0,2027,Budget2025,v1,GOutsideCANDMCCJ14280319Budget2025v1,GOutsideCANDMCCJ14280319,Tue Jun 03 2025 08:50:38 GMT+0100 (British Summer Time),Fri Dec 31 9999 00:00:00 GMT+0000 (Greenwich Mean Time),1
F,7,Desert Days,Deluxe,LAT,Direct,LATAM,LATAM,Mon Jan 03 2028 00:00:00 GMT+0000 (Greenwich Mean Time),CJ07280305,05/03/2028,0,3,USD,0,182,166,639,581,17,61,2027,Budget2025,v1,FDeluxeLATDirectCJ07280305Budget2025v1,FDeluxeLATDirectCJ07280305,Tue Jun 03 2025 08:50:38 GMT+0100 (British Summer Time),Fri Dec 31 9999 00:00:00 GMT+0000 (Greenwich Mean Time),1
G,3,Iconic Aegean,Outside,SCN,Direct,EU,ROW,Mon Jan 03 2028 00:00:00 GMT+0000 (Greenwich Mean Time),CD03280324,24/03/2028,0,0,EUR,1,144,144,0,0,58,0,2027,Budget2025,v1,GOutsideSCNDirectCD03280324Budget2025v1,GOutsideSCNDirectCD03280324,Tue Jun 03 2025 08:50:38 GMT+0100 (British Summer Time),Fri Dec 31 9999 00:00:00 GMT+0000 (Greenwich Mean Time),1
F,7,Desert Days,Inside,AFR,DMC,ROW,ROW,Mon Jan 03 2028 00:00:00 GMT+0000 (Greenwich Mean Time),CJ07280305,05/03/2028,0,0,USD,0,182,166,0,0,0,0,2027,Budget2025,v1,FInsideAFRDMCCJ07280305Budget2025v1,FInsideAFRDMCCJ07280305,Tue Jun 03 2025 08:50:38 GMT+0100 (British Summer Time),Fri Dec 31 9999 00:00:00 GMT+0000 (Greenwich Mean Time),1
G,4,Iconic Aegean,Outside,CHI,Tour Operator,APAC,ROW,Mon Jan 03 2028 00:00:00 GMT+0000 (Greenwich Mean Time),CD04280320,20/03/2028,0,0,USD,0,165,150,0,0,41,0,2027,Budget2025,v1,GOutsideCHITour OperatorCD04280320Budget2025v1,GOutsideCHITour OperatorCD04280320,Tue Jun 03 2025 08:50:38 GMT+0100 (British Summer Time),Fri Dec 31 9999 00:00:00 GMT+0000 (Greenwich Mean Time),1
F,3,Iconic Aegean,Inside,AUS,DMC,AUNZ,AUS,Mon Jan 03 2028 00:00:00 GMT+0000 (Greenwich Mean Time),CD03280317,17/03/2028,0,0,AUD,0,0,0,0,0,39,0,2027,Budget2025,v1,FInsideAUSDMCCD03280317Budget2025v1,FInsideAUSDMCCD03280317,Tue Jun 03 2025 08:50:38 GMT+0100 (British Summer Time),Fri Dec 31 9999 00:00:00 GMT+0000 (Greenwich Mean Time),1
G,14,Positioning Journey,Outside,JPN,DMC,APAC,ROW,Mon Jan 03 2028 00:00:00 GMT+0000 (Greenwich Mean Time),CJ14280319,19/03/2028,0,0,USD,0,105,96,0,0,29,0,2027,Budget2025,v1,GOutsideJPNDMCCJ14280319Budget2025v1,GOutsideJPNDMCCJ14280319,Tue Jun 03 2025 08:50:38 GMT+0100 (British Summer Time),Fri Dec 31 9999 00:00:00 GMT+0000 (Greenwich Mean Time),1
F,7,Desert Days,Outside,BLK,Tour Operator,HOME,Home Markets,Mon Jan 03 2028 00:00:00 GMT+0000 (Greenwich Mean Time),CJ07280312,12/03/2028,1,7,EUR,1,167,167,1174,1174,20,140,2027,Budget2025,v1,FOutsideBLKTour OperatorCJ07280312Budget2025v1,FOutsideBLKTour OperatorCJ07280312,Tue Jun 03 2025 08:50:38 GMT+0100 (British Summer Time),Fri Dec 31 9999 00:00:00 GMT+0000 (Greenwich Mean Time),1
G,4,Iconic Aegean,Inside,USA,Travel Agency,NORAM,USA,Mon Jan 03 2028 00:00:00 GMT+0000 (Greenwich Mean Time),CD04280327,27/03/2028,27,108,USD,0,129,117,13997,12724,48,5201,2027,Budget2025,v1,GInsideUSATravel AgencyCD04280327Budget2025v1,GInsideUSATravel AgencyCD04280327,Tue Jun 03 2025 08:50:38 GMT+0100 (British Summer Time),Fri Dec 31 9999 00:00:00 GMT+0000 (Greenwich Mean Time),1
G,3,Iconic Aegean,Deluxe,BLX,Travel Agency,EU,ROW,Mon Jan 03 2028 00:00:00 GMT+0000 (Greenwich Mean Time),CD03280324,24/03/2028,0,0,EUR,1,0,0,0,0,0,0,2027,Budget2025,v1,GDeluxeBLXTravel AgencyCD03280324Budget2025v1,GDeluxeBLXTravel AgencyCD03280324,Tue Jun 03 2025 08:50:38 GMT+0100 (British Summer Time),Fri Dec 31 9999 00:00:00 GMT+0000 (Greenwich Mean Time),1
G,7,Desert Days,Outside,BLX,Travel Agency,EU,ROW,Mon Jan 03 2028 00:00:00 GMT+0000 (Greenwich Mean Time),CJ07280312,12/03/2028,0,0,EUR,1,167,167,0,0,107,0,2027,Budget2025,v1,GOutsideBLXTravel AgencyCJ07280312Budget2025v1,GOutsideBLXTravel AgencyCJ07280312,Tue Jun 03 2025 08:50:38 GMT+0100 (British Summer Time),Fri Dec 31 9999 00:00:00 GMT+0000 (Greenwich Mean Time),1
F,3,Iconic Aegean,Outside,NZE,Travel Agency,AUNZ,AUS,Mon Jan 03 2028 00:00:00 GMT+0000 (Greenwich Mean Time),CD03280317,17/03/2028,0,0,AUD,0,313,189,0,0,56,0,2027,Budget2025,v1,FOutsideNZETravel AgencyCD03280317Budget2025v1,FOutsideNZETravel AgencyCD03280317,Tue Jun 03 2025 08:50:38 GMT+0100 (British Summer Time),Fri Dec 31 9999 00:00:00 GMT+0000 (Greenwich Mean Time),1
F,3,Iconic Aegean,Outside,IND,Direct,AWAY,Away Markets,Mon Jan 03 2028 00:00:00 GMT+0000 (Greenwich Mean Time),CD03280317,17/03/2028,0,0,USD,0,0,0,0,0,0,0,2027,Budget2025,v1,FOutsideINDDirectCD03280317Budget2025v1,FOutsideINDDirectCD03280317,Tue Jun 03 2025 08:50:38 GMT+0100 (British Summer Time),Fri Dec 31 9999 00:00:00 GMT+0000 (Greenwich Mean Time),1
F,3,Iconic Aegean,Deluxe,AFR,Tour Operator,ROW,ROW,Mon Jan 03 2028 00:00:00 GMT+0000 (Greenwich Mean Time),CD03280324,24/03/2028,0,0,USD,0,0,0,0,0,0,0,2027,Budget2025,v1,FDeluxeAFRTour OperatorCD03280324Budget2025v1,FDeluxeAFRTour OperatorCD03280324,Tue Jun 03 2025 08:50:38 GMT+0100 (British Summer Time),Fri Dec 31 9999 00:00:00 GMT+0000 (Greenwich Mean Time),1
F,3,Iconic Aegean,Deluxe,NZE,DMC,AUNZ,AUS,Mon Jan 03 2028 00:00:00 GMT+0000 (Greenwich Mean Time),CD03280324,24/03/2028,0,0,AUD,0,0,0,0,0,0,0,2027,Budget2025,v1,FDeluxeNZEDMCCD03280324Budget2025v1,FDeluxeNZEDMCCD03280324,Tue Jun 03 2025 08:50:38 GMT+0100 (British Summer Time),Fri Dec 31 9999 00:00:00 GMT+0000 (Greenwich Mean Time),1
G,7,Desert Days,Deluxe,JPN,Travel Agency,APAC,ROW,Mon Jan 03 2028 00:00:00 GMT+0000 (Greenwich Mean Time),CJ07280312,12/03/2028,0,0,USD,0,182,166,0,0,16,0,2027,Budget2025,v1,GDeluxeJPNTravel AgencyCJ07280312Budget2025v1,GDeluxeJPNTravel AgencyCJ07280312,Tue Jun 03 2025 08:50:38 GMT+0100 (British Summer Time),Fri Dec 31 9999 00:00:00 GMT+0000 (Greenwich Mean Time),1
G,4,Iconic Aegean,Deluxe,TUR,DMC,HOME,Home Markets,Mon Jan 03 2028 00:00:00 GMT+0000 (Greenwich Mean Time),CD04280327,27/03/2028,0,0,EUR,1,0,0,0,0,0,0,2027,Budget2025,v1,GDeluxeTURDMCCD04280327Budget2025v1,GDeluxeTURDMCCD04280327,Tue Jun 03 2025 08:50:38 GMT+0100 (British Summer Time),Fri Dec 31 9999 00:00:00 GMT+0000 (Greenwich Mean Time),1
F,14,Positioning Journey,Outside,CHI,DMC,APAC,ROW,Mon Jan 03 2028 00:00:00 GMT+0000 (Greenwich Mean Time),CJ14280319,19/03/2028,0,0,USD,0,105,96,0,0,0,0,2027,Budget2025,v1,FOutsideCHIDMCCJ14280319Budget2025v1,FOutsideCHIDMCCJ14280319,Tue Jun 03 2025 08:50:38 GMT+0100 (British Summer Time),Fri Dec 31 9999 00:00:00 GMT+0000 (Greenwich Mean Time),1
G,3,Iconic Aegean,Inside,FRA,DMC,FRANCE,FRANCE,Mon Jan 03 2028 00:00:00 GMT+0000 (Greenwich Mean Time),CD03280317,17/03/2028,0,0,EUR,1,0,0,0,0,0,0,2027,Budget2025,v1,GInsideFRADMCCD03280317Budget2025v1,GInsideFRADMCCD03280317,Tue Jun 03 2025 08:50:38 GMT+0100 (British Summer Time),Fri Dec 31 9999 00:00:00 GMT+0000 (Greenwich Mean Time),1
G,3,Iconic Aegean,Deluxe,CHI,DMC,APAC,ROW,Mon Jan 03 2028 00:00:00 GMT+0000 (Greenwich Mean Time),CD03280324,24/03/2028,0,0,USD,0,165,150,0,0,0,0,2027,Budget2025,v1,GDeluxeCHIDMCCD03280324Budget2025v1,GDeluxeCHIDMCCD03280324,Tue Jun 03 2025 08:50:38 GMT+0100 (British Summer Time),Fri Dec 31 9999 00:00:00 GMT+0000 (Greenwich Mean Time),1
G,14,Positioning Journey,Deluxe,CHI,Tour Operator,APAC,ROW,Mon Jan 03 2028 00:00:00 GMT+0000 (Greenwich Mean Time),CJ14280319,19/03/2028,0,0,USD,0,105,96,0,0,20,0,2027,Budget2025,v1,GDeluxeCHITour OperatorCJ14280319Budget2025v1,GDeluxeCHITour OperatorCJ14280319,Tue Jun 03 2025 08:50:38 GMT+0100 (British Summer Time),Fri Dec 31 9999 00:00:00 GMT+0000 (Greenwich Mean Time),1
F,3,Iconic Aegean,Outside,AFR,DMC,ROW,ROW,Mon Jan 03 2028 00:00:00 GMT+0000 (Greenwich Mean Time),CD03280317,17/03/2028,0,0,USD,0,0,0,0,0,58,0,2027,Budget2025,v1,FOutsideAFRDMCCD03280317Budget2025v1,FOutsideAFRDMCCD03280317,Tue Jun 03 2025 08:50:38 GMT+0100 (British Summer Time),Fri Dec 31 9999 00:00:00 GMT+0000 (Greenwich Mean Time),1
G,4,Iconic Aegean,Deluxe,FRA,Tour Operator,FRANCE,FRANCE,Mon Jan 03 2028 00:00:00 GMT+0000 (Greenwich Mean Time),CD04280320,20/03/2028,0,0,EUR,1,0,0,0,0,32,0,2027,Budget2025,v1,GDeluxeFRATour OperatorCD04280320Budget2025v1,GDeluxeFRATour OperatorCD04280320,Tue Jun 03 2025 08:50:38 GMT+0100 (British Summer Time),Fri Dec 31 9999 00:00:00 GMT+0000 (Greenwich Mean Time),1
G,7,Desert Days,Inside,CHI,DMC,APAC,ROW,Mon Jan 03 2028 00:00:00 GMT+0000 (Greenwich Mean Time),CJ07280312,12/03/2028,0,0,USD,0,182,166,0,0,0,0,2027,Budget2025,v1,GInsideCHIDMCCJ07280312Budget2025v1,GInsideCHIDMCCJ07280312,Tue Jun 03 2025 08:50:38 GMT+0100 (British Summer Time),Fri Dec 31 9999 00:00:00 GMT+0000 (Greenwich Mean Time),1
G,3,Iconic Aegean,Inside,BLK,DMC,HOME,Home Markets,Mon Jan 03 2028 00:00:00 GMT+0000 (Greenwich Mean Time),CD03280324,24/03/2028,0,0,EUR,1,108,108,0,0,0,0,2027,Budget2025,v1,GInsideBLKDMCCD03280324Budget2025v1,GInsideBLKDMCCD03280324,Tue Jun 03 2025 08:50:38 GMT+0100 (British Summer Time),Fri Dec 31 9999 00:00:00 GMT+0000 (Greenwich Mean Time),1
F,3,Iconic Aegean,Inside,EAS,Tour Operator,EU,ROW,Mon Jan 03 2028 00:00:00 GMT+0000 (Greenwich Mean Time),CD03280324,24/03/2028,1,3,EUR,1,122,122,368,368,2,7,2027,Budget2025,v1,FInsideEASTour OperatorCD03280324Budget2025v1,FInsideEASTour OperatorCD03280324,Tue Jun 03 2025 08:50:38 GMT+0100 (British Summer Time),Fri Dec 31 9999 00:00:00 GMT+0000 (Greenwich Mean Time),1
F,3,Iconic Aegean,Outside,SCN,Tour Operator,EU,ROW,Mon Jan 03 2028 00:00:00 GMT+0000 (Greenwich Mean Time),CD03280317,17/03/2028,0,0,EUR,1,0,0,0,0,0,0,2027,Budget2025,v1,FOutsideSCNTour OperatorCD03280317Budget2025v1,FOutsideSCNTour OperatorCD03280317,Tue Jun 03 2025 08:50:38 GMT+0100 (British Summer Time),Fri Dec 31 9999 00:00:00 GMT+0000 (Greenwich Mean Time),1
F,3,Iconic Aegean,Inside,MID,Direct,AWAY,Away Markets,Mon Jan 03 2028 00:00:00 GMT+0000 (Greenwich Mean Time),CD03280324,24/03/2028,0,0,USD,0,0,0,0,0,0,0,2027,Budget2025,v1,FInsideMIDDirectCD03280324Budget2025v1,FInsideMIDDirectCD03280324,Tue Jun 03 2025 08:50:38 GMT+0100 (British Summer Time),Fri Dec 31 9999 00:00:00 GMT+0000 (Greenwich Mean Time),1
G,14,Positioning Journey,Outside,NTH,Tour Operator,EU,ROW,Mon Jan 03 2028 00:00:00 GMT+0000 (Greenwich Mean Time),CJ14280319,19/03/2028,0,0,EUR,1,97,97,0,0,0,0,2027,Budget2025,v1,GOutsideNTHTour OperatorCJ14280319Budget2025v1,GOutsideNTHTour OperatorCJ14280319,Tue Jun 03 2025 08:50:38 GMT+0100 (British Summer Time),Fri Dec 31 9999 00:00:00 GMT+0000 (Greenwich Mean Time),1
F,14,Positioning Journey,Inside,JPN,DMC,APAC,ROW,Mon Jan 03 2028 00:00:00 GMT+0000 (Greenwich Mean Time),CJ14280319,19/03/2028,0,0,USD,0,105,96,0,0,29,0,2027,Budget2025,v1,FInsideJPNDMCCJ14280319Budget2025v1,FInsideJPNDMCCJ14280319,Tue Jun 03 2025 08:50:38 GMT+0100 (British Summer Time),Fri Dec 31 9999 00:00:00 GMT+0000 (Greenwich Mean Time),1
G,3,Iconic Aegean,Outside,CAN,Direct,NORAM,USA,Mon Jan 03 2028 00:00:00 GMT+0000 (Greenwich Mean Time),CD03280317,17/03/2028,0,0,USD,0,175,159,0,0,9,0,2027,Budget2025,v1,GOutsideCANDirectCD03280317Budget2025v1,GOutsideCANDirectCD03280317,Tue Jun 03 2025 08:50:38 GMT+0100 (British Summer Time),Fri Dec 31 9999 00:00:00 GMT+0000 (Greenwich Mean Time),1
G,14,Positioning Journey,Deluxe,CAN,DMC,NORAM,USA,Mon Jan 03 2028 00:00:00 GMT+0000 (Greenwich Mean Time),CJ14280319,19/03/2028,0,0,USD,0,105,96,0,0,34,0,2027,Budget2025,v1,GDeluxeCANDMCCJ14280319Budget2025v1,GDeluxeCANDMCCJ14280319,Tue Jun 03 2025 08:50:38 GMT+0100 (British Summer Time),Fri Dec 31 9999 00:00:00 GMT+0000 (Greenwich Mean Time),1
F,14,Positioning Journey,Outside,AUS,Direct,AUNZ,AUS,Mon Jan 03 2028 00:00:00 GMT+0000 (Greenwich Mean Time),CJ14280319,19/03/2028,4,56,AUD,0,161,97,9018,5433,14,835,2027,Budget2025,v1,FOutsideAUSDirectCJ14280319Budget2025v1,FOutsideAUSDirectCJ14280319,Tue Jun 03 2025 08:50:38 GMT+0100 (British Summer Time),Fri Dec 31 9999 00:00:00 GMT+0000 (Greenwich Mean Time),1
F,4,Iconic Aegean,Inside,BRI,Tour Operator,UKIE,UKIE,Mon Jan 03 2028 00:00:00 GMT+0000 (Greenwich Mean Time),CD04280327,27/03/2028,0,0,GBP,1,0,0,0,0,0,0,2027,Budget2025,v1,FInsideBRITour OperatorCD04280327Budget2025v1,FInsideBRITour OperatorCD04280327,Tue Jun 03 2025 08:50:38 GMT+0100 (British Summer Time),Fri Dec 31 9999 00:00:00 GMT+0000 (Greenwich Mean Time),1
F,3,Iconic Aegean,Inside,CYP,DMC,HOME,Home Markets,Mon Jan 03 2028 00:00:00 GMT+0000 (Greenwich Mean Time),CD03280317,17/03/2028,0,0,EUR,1,110,110,0,0,0,0,2027,Budget2025,v1,FInsideCYPDMCCD03280317Budget2025v1,FInsideCYPDMCCD03280317,Tue Jun 03 2025 08:50:38 GMT+0100 (British Summer Time),Fri Dec 31 9999 00:00:00 GMT+0000 (Greenwich Mean Time),1
G,7,Desert Days,Outside,FRA,Tour Operator,FRANCE,FRANCE,Mon Jan 03 2028 00:00:00 GMT+0000 (Greenwich Mean Time),CJ07280305,05/03/2028,0,0,EUR,1,167,167,0,0,83,0,2027,Budget2025,v1,GOutsideFRATour OperatorCJ07280305Budget2025v1,GOutsideFRATour OperatorCJ07280305,Tue Jun 03 2025 08:50:38 GMT+0100 (British Summer Time),Fri Dec 31 9999 00:00:00 GMT+0000 (Greenwich Mean Time),1
F,4,Iconic Aegean,Outside,GRC,Tour Operator,HOME,Home Markets,Mon Jan 03 2028 00:00:00 GMT+0000 (Greenwich Mean Time),CD04280327,27/03/2028,0,0,EUR,1,157,157,0,0,0,0,2027,Budget2025,v1,FOutsideGRCTour OperatorCD04280327Budget2025v1,FOutsideGRCTour OperatorCD04280327,Tue Jun 03 2025 08:50:38 GMT+0100 (British Summer Time),Fri Dec 31 9999 00:00:00 GMT+0000 (Greenwich Mean Time),1
F,3,Iconic Aegean,Deluxe,EAS,Direct,EU,ROW,Mon Jan 03 2028 00:00:00 GMT+0000 (Greenwich Mean Time),CD03280324,24/03/2028,1,4,EUR,1,398,398,1793,1793,24,109,2027,Budget2025,v1,FDeluxeEASDirectCD03280324Budget2025v1,FDeluxeEASDirectCD03280324,Tue Jun 03 2025 08:50:38 GMT+0100 (British Summer Time),Fri Dec 31 9999 00:00:00 GMT+0000 (Greenwich Mean Time),1
G,4,Iconic Aegean,Deluxe,SCN,DMC,EU,ROW,Mon Jan 03 2028 00:00:00 GMT+0000 (Greenwich Mean Time),CD04280320,20/03/2028,0,0,EUR,1,0,0,0,0,1,0,2027,Budget2025,v1,GDeluxeSCNDMCCD04280320Budget2025v1,GDeluxeSCNDMCCD04280320,Tue Jun 03 2025 08:50:38 GMT+0100 (British Summer Time),Fri Dec 31 9999 00:00:00 GMT+0000 (Greenwich Mean Time),1
F,7,Desert Days,Outside,CAN,Direct,NORAM,USA,Mon Jan 03 2028 00:00:00 GMT+0000 (Greenwich Mean Time),CJ07280305,05/03/2028,0,3,USD,0,182,166,639,581,41,146,2027,Budget2025,v1,FOutsideCANDirectCJ07280305Budget2025v1,FOutsideCANDirectCJ07280305,Tue Jun 03 2025 08:50:38 GMT+0100 (British Summer Time),Fri Dec 31 9999 00:00:00 GMT+0000 (Greenwich Mean Time),1
F,3,Iconic Aegean,Outside,AUS,DMC,AUNZ,AUS,Mon Jan 03 2028 00:00:00 GMT+0000 (Greenwich Mean Time),CD03280317,17/03/2028,1,4,AUD,0,221,133,997,600,39,178,2027,Budget2025,v1,FOutsideAUSDMCCD03280317Budget2025v1,FOutsideAUSDMCCD03280317,Tue Jun 03 2025 08:50:38 GMT+0100 (British Summer Time),Fri Dec 31 9999 00:00:00 GMT+0000 (Greenwich Mean Time),1
F,4,Iconic Aegean,Deluxe,FRA,Direct,FRANCE,FRANCE,Mon Jan 03 2028 00:00:00 GMT+0000 (Greenwich Mean Time),CD04280327,27/03/2028,0,0,EUR,1,0,0,0,0,25,0,2027,Budget2025,v1,FDeluxeFRADirectCD04280327Budget2025v1,FDeluxeFRADirectCD04280327,Tue Jun 03 2025 08:50:38 GMT+0100 (British Summer Time),Fri Dec 31 9999 00:00:00 GMT+0000 (Greenwich Mean Time),1
F,7,Desert Days,Inside,FRA,Travel Agency,FRANCE,FRANCE,Mon Jan 03 2028 00:00:00 GMT+0000 (Greenwich Mean Time),CJ07280312,12/03/2028,8,59,EUR,1,167,167,9980,9980,23,1386,2027,Budget2025,v1,FInsideFRATravel AgencyCJ07280312Budget2025v1,FInsideFRATravel AgencyCJ07280312,Tue Jun 03 2025 08:50:38 GMT+0100 (British Summer Time),Fri Dec 31 9999 00:00:00 GMT+0000 (Greenwich Mean Time),1
F,3,Iconic Aegean,Inside,RUS,Tour Operator,ROW,ROW,Mon Jan 03 2028 00:00:00 GMT+0000 (Greenwich Mean Time),CD03280324,24/03/2028,0,0,EUR,1,122,122,0,0,22,0,2027,Budget2025,v1,FInsideRUSTour OperatorCD03280324Budget2025v1,FInsideRUSTour OperatorCD03280324,Tue Jun 03 2025 08:50:38 GMT+0100 (British Summer Time),Fri Dec 31 9999 00:00:00 GMT+0000 (Greenwich Mean Time),1
F,3,Iconic Aegean,Inside,MID,DMC,AWAY,Away Markets,Mon Jan 03 2028 00:00:00 GMT+0000 (Greenwich Mean Time),CD03280324,24/03/2028,0,0,USD,0,0,0,0,0,0,0,2027,Budget2025,v1,FInsideMIDDMCCD03280324Budget2025v1,FInsideMIDDMCCD03280324,Tue Jun 03 2025 08:50:38 GMT+0100 (British Summer Time),Fri Dec 31 9999 00:00:00 GMT+0000 (Greenwich Mean Time),1
F,7,Desert Days,Deluxe,AUS,Direct,AUNZ,AUS,Mon Jan 03 2028 00:00:00 GMT+0000 (Greenwich Mean Time),CJ07280312,12/03/2028,2,14,AUD,0,278,167,3898,2348,30,426,2027,Budget2025,v1,FDeluxeAUSDirectCJ07280312Budget2025v1,FDeluxeAUSDirectCJ07280312,Tue Jun 03 2025 08:50:38 GMT+0100 (British Summer Time),Fri Dec 31 9999 00:00:00 GMT+0000 (Greenwich Mean Time),1
F,3,Iconic Aegean,Inside,BLX,Direct,EU,ROW,Mon Jan 03 2028 00:00:00 GMT+0000 (Greenwich Mean Time),CD03280324,24/03/2028,0,0,EUR,1,114,114,0,0,62,0,2027,Budget2025,v1,FInsideBLXDirectCD03280324Budget2025v1,FInsideBLXDirectCD03280324,Tue Jun 03 2025 08:50:38 GMT+0100 (British Summer Time),Fri Dec 31 9999 00:00:00 GMT+0000 (Greenwich Mean Time),1
F,7,Desert Days,Deluxe,EAS,Tour Operator,EU,ROW,Mon Jan 03 2028 00:00:00 GMT+0000 (Greenwich Mean Time),CJ07280312,12/03/2028,0,3,EUR,1,167,167,587,587,28,100,2027,Budget2025,v1,FDeluxeEASTour OperatorCJ07280312Budget2025v1,FDeluxeEASTour OperatorCJ07280312,Tue Jun 03 2025 08:50:38 GMT+0100 (British Summer Time),Fri Dec 31 9999 00:00:00 GMT+0000 (Greenwich Mean Time),1
F,14,Positioning Journey,Deluxe,NZE,Travel Agency,AUNZ,AUS,Mon Jan 03 2028 00:00:00 GMT+0000 (Greenwich Mean Time),CJ14280319,19/03/2028,0,0,AUD,0,161,97,0,0,10,0,2027,Budget2025,v1,FDeluxeNZETravel AgencyCJ14280319Budget2025v1,FDeluxeNZETravel AgencyCJ14280319,Tue Jun 03 2025 08:50:38 GMT+0100 (British Summer Time),Fri Dec 31 9999 00:00:00 GMT+0000 (Greenwich Mean Time),1
F,3,Iconic Aegean,Inside,RUS,Travel Agency,ROW,ROW,Mon Jan 03 2028 00:00:00 GMT+0000 (Greenwich Mean Time),CD03280324,24/03/2028,0,0,EUR,1,117,117,0,0,1,0,2027,Budget2025,v1,FInsideRUSTravel AgencyCD03280324Budget2025v1,FInsideRUSTravel AgencyCD03280324,Tue Jun 03 2025 08:50:38 GMT+0100 (British Summer Time),Fri Dec 31 9999 00:00:00 GMT+0000 (Greenwich Mean Time),1
F,7,Desert Days,Inside,APAC,Tour Operator,APAC,ROW,Mon Jan 03 2028 00:00:00 GMT+0000 (Greenwich Mean Time),CJ07280305,05/03/2028,0,3,USD,0,182,166,639,581,1,5,2027,Budget2025,v1,FInsideAPACTour OperatorCJ07280305Budget2025v1,FInsideAPACTour OperatorCJ07280305,Tue Jun 03 2025 08:50:38 GMT+0100 (British Summer Time),Fri Dec 31 9999 00:00:00 GMT+0000 (Greenwich Mean Time),1
G,7,Desert Days,Deluxe,NZE,Travel Agency,AUNZ,AUS,Mon Jan 03 2028 00:00:00 GMT+0000 (Greenwich Mean Time),CJ07280305,05/03/2028,0,0,AUD,0,278,167,0,0,20,0,2027,Budget2025,v1,GDeluxeNZETravel AgencyCJ07280305Budget2025v1,GDeluxeNZETravel AgencyCJ07280305,Tue Jun 03 2025 08:50:38 GMT+0100 (British Summer Time),Fri Dec 31 9999 00:00:00 GMT+0000 (Greenwich Mean Time),1
G,3,Iconic Aegean,Inside,NTH,Direct,EU,ROW,Mon Jan 03 2028 00:00:00 GMT+0000 (Greenwich Mean Time),CD03280324,24/03/2028,0,0,EUR,1,111,111,0,0,0,0,2027,Budget2025,v1,GInsideNTHDirectCD03280324Budget2025v1,GInsideNTHDirectCD03280324,Tue Jun 03 2025 08:50:38 GMT+0100 (British Summer Time),Fri Dec 31 9999 00:00:00 GMT+0000 (Greenwich Mean Time),1
G,3,Iconic Aegean,Inside,CAN,DMC,NORAM,USA,Mon Jan 03 2028 00:00:00 GMT+0000 (Greenwich Mean Time),CD03280324,24/03/2028,0,0,USD,0,168,152,0,0,88,0,2027,Budget2025,v1,GInsideCANDMCCD03280324Budget2025v1,GInsideCANDMCCD03280324,Tue Jun 03 2025 08:50:38 GMT+0100 (British Summer Time),Fri Dec 31 9999 00:00:00 GMT+0000 (Greenwich Mean Time),1
G,4,Iconic Aegean,Deluxe,CHI,DMC,APAC,ROW,Mon Jan 03 2028 00:00:00 GMT+0000 (Greenwich Mean Time),CD04280327,27/03/2028,0,0,USD,0,165,150,0,0,0,0,2027,Budget2025,v1,GDeluxeCHIDMCCD04280327Budget2025v1,GDeluxeCHIDMCCD04280327,Tue Jun 03 2025 08:50:38 GMT+0100 (British Summer Time),Fri Dec 31 9999 00:00:00 GMT+0000 (Greenwich Mean Time),1
G,7,Desert Days,Deluxe,TUR,Tour Operator,HOME,Home Markets,Mon Jan 03 2028 00:00:00 GMT+0000 (Greenwich Mean Time),CJ07280305,05/03/2028,1,7,EUR,1,167,167,1174,1174,6,44,2027,Budget2025,v1,GDeluxeTURTour OperatorCJ07280305Budget2025v1,GDeluxeTURTour OperatorCJ07280305,Tue Jun 03 2025 08:50:38 GMT+0100 (British Summer Time),Fri Dec 31 9999 00:00:00 GMT+0000 (Greenwich Mean Time),1
F,3,Iconic Aegean,Outside,SCN,Tour Operator,EU,ROW,Mon Jan 03 2028 00:00:00 GMT+0000 (Greenwich Mean Time),CD03280324,24/03/2028,0,0,EUR,1,0,0,0,0,0,0,2027,Budget2025,v1,FOutsideSCNTour OperatorCD03280324Budget2025v1,FOutsideSCNTour OperatorCD03280324,Tue Jun 03 2025 08:50:38 GMT+0100 (British Summer Time),Fri Dec 31 9999 00:00:00 GMT+0000 (Greenwich Mean Time),1
F,7,Desert Days,Deluxe,BLK,Direct,HOME,Home Markets,Mon Jan 03 2028 00:00:00 GMT+0000 (Greenwich Mean Time),CJ07280305,05/03/2028,0,0,EUR,1,167,167,0,0,13,0,2027,Budget2025,v1,FDeluxeBLKDirectCJ07280305Budget2025v1,FDeluxeBLKDirectCJ07280305,Tue Jun 03 2025 08:50:38 GMT+0100 (British Summer Time),Fri Dec 31 9999 00:00:00 GMT+0000 (Greenwich Mean Time),1
F,4,Iconic Aegean,Deluxe,TUR,DMC,HOME,Home Markets,Mon Jan 03 2028 00:00:00 GMT+0000 (Greenwich Mean Time),CD04280327,27/03/2028,0,0,EUR,1,0,0,0,0,0,0,2027,Budget2025,v1,FDeluxeTURDMCCD04280327Budget2025v1,FDeluxeTURDMCCD04280327,Tue Jun 03 2025 08:50:38 GMT+0100 (British Summer Time),Fri Dec 31 9999 00:00:00 GMT+0000 (Greenwich Mean Time),1
F,3,Iconic Aegean,Outside,LAT,Tour Operator,LATAM,LATAM,Mon Jan 03 2028 00:00:00 GMT+0000 (Greenwich Mean Time),CD03280317,17/03/2028,41,123,USD,0,200,182,24713,22467,8,1045,2027,Budget2025,v1,FOutsideLATTour OperatorCD03280317Budget2025v1,FOutsideLATTour OperatorCD03280317,Tue Jun 03 2025 08:50:38 GMT+0100 (British Summer Time),Fri Dec 31 9999 00:00:00 GMT+0000 (Greenwich Mean Time),1
F,3,Iconic Aegean,Outside,SIP,Direct,SIP,SIP,Mon Jan 03 2028 00:00:00 GMT+0000 (Greenwich Mean Time),CD03280317,17/03/2028,6,18,EUR,1,154,154,2787,2787,33,594,2027,Budget2025,v1,FOutsideSIPDirectCD03280317Budget2025v1,FOutsideSIPDirectCD03280317,Tue Jun 03 2025 08:50:38 GMT+0100 (British Summer Time),Fri Dec 31 9999 00:00:00 GMT+0000 (Greenwich Mean Time),1
G,4,Iconic Aegean,Outside,USA,Travel Agency,NORAM,USA,Mon Jan 03 2028 00:00:00 GMT+0000 (Greenwich Mean Time),CD04280320,20/03/2028,30,122,USD,0,176,160,21592,19629,48,5875,2027,Budget2025,v1,GOutsideUSATravel AgencyCD04280320Budget2025v1,GOutsideUSATravel AgencyCD04280320,Tue Jun 03 2025 08:50:38 GMT+0100 (British Summer Time),Fri Dec 31 9999 00:00:00 GMT+0000 (Greenwich Mean Time),1
F,4,Iconic Aegean,Outside,AUS,Tour Operator,AUNZ,AUS,Mon Jan 03 2028 00:00:00 GMT+0000 (Greenwich Mean Time),CD04280327,27/03/2028,0,0,AUD,0,221,133,0,0,43,0,2027,Budget2025,v1,FOutsideAUSTour OperatorCD04280327Budget2025v1,FOutsideAUSTour OperatorCD04280327,Tue Jun 03 2025 08:50:38 GMT+0100 (British Summer Time),Fri Dec 31 9999 00:00:00 GMT+0000 (Greenwich Mean Time),1
F,3,Iconic Aegean,Inside,RUS,Tour Operator,ROW,ROW,Mon Jan 03 2028 00:00:00 GMT+0000 (Greenwich Mean Time),CD03280317,17/03/2028,0,0,EUR,1,122,122,0,0,22,0,2027,Budget2025,v1,FInsideRUSTour OperatorCD03280317Budget2025v1,FInsideRUSTour OperatorCD03280317,Tue Jun 03 2025 08:50:38 GMT+0100 (British Summer Time),Fri Dec 31 9999 00:00:00 GMT+0000 (Greenwich Mean Time),1
F,7,Desert Days,Inside,SIP,Direct,SIP,SIP,Mon Jan 03 2028 00:00:00 GMT+0000 (Greenwich Mean Time),CJ07280305,05/03/2028,0,3,EUR,1,167,167,587,587,25,88,2027,Budget2025,v1,FInsideSIPDirectCJ07280305Budget2025v1,FInsideSIPDirectCJ07280305,Tue Jun 03 2025 08:50:38 GMT+0100 (British Summer Time),Fri Dec 31 9999 00:00:00 GMT+0000 (Greenwich Mean Time),1
G,4,Iconic Aegean,Inside,CHI,Direct,APAC,ROW,Mon Jan 03 2028 00:00:00 GMT+0000 (Greenwich Mean Time),CD04280327,27/03/2028,0,0,USD,0,0,0,0,0,38,0,2027,Budget2025,v1,GInsideCHIDirectCD04280327Budget2025v1,GInsideCHIDirectCD04280327,Tue Jun 03 2025 08:50:38 GMT+0100 (British Summer Time),Fri Dec 31 9999 00:00:00 GMT+0000 (Greenwich Mean Time),1
F,3,Iconic Aegean,Outside,BLK,DMC,HOME,Home Markets,Mon Jan 03 2028 00:00:00 GMT+0000 (Greenwich Mean Time),CD03280324,24/03/2028,0,0,EUR,1,0,0,0,0,0,0,2027,Budget2025,v1,FOutsideBLKDMCCD03280324Budget2025v1,FOutsideBLKDMCCD03280324,Tue Jun 03 2025 08:50:38 GMT+0100 (British Summer Time),Fri Dec 31 9999 00:00:00 GMT+0000 (Greenwich Mean Time),1
F,4,Iconic Aegean,Inside,RUS,Tour Operator,ROW,ROW,Mon Jan 03 2028 00:00:00 GMT+0000 (Greenwich Mean Time),CD04280320,20/03/2028,0,0,EUR,1,122,122,0,0,16,0,2027,Budget2025,v1,FInsideRUSTour OperatorCD04280320Budget2025v1,FInsideRUSTour OperatorCD04280320,Tue Jun 03 2025 08:50:38 GMT+0100 (British Summer Time),Fri Dec 31 9999 00:00:00 GMT+0000 (Greenwich Mean Time),1
F,3,Iconic Aegean,Inside,JPN,Direct,APAC,ROW,Mon Jan 03 2028 00:00:00 GMT+0000 (Greenwich Mean Time),CD03280317,17/03/2028,0,0,USD,0,0,0,0,0,0,0,2027,Budget2025,v1,FInsideJPNDirectCD03280317Budget2025v1,FInsideJPNDirectCD03280317,Tue Jun 03 2025 08:50:38 GMT+0100 (British Summer Time),Fri Dec 31 9999 00:00:00 GMT+0000 (Greenwich Mean Time),1
G,4,Iconic Aegean,Inside,NTH,DMC,EU,ROW,Mon Jan 03 2028 00:00:00 GMT+0000 (Greenwich Mean Time),CD04280327,27/03/2028,0,0,EUR,1,0,0,0,0,0,0,2027,Budget2025,v1,GInsideNTHDMCCD04280327Budget2025v1,GInsideNTHDMCCD04280327,Tue Jun 03 2025 08:50:38 GMT+0100 (British Summer Time),Fri Dec 31 9999 00:00:00 GMT+0000 (Greenwich Mean Time),1
F,3,Iconic Aegean,Inside,MID,Tour Operator,AWAY,Away Markets,Mon Jan 03 2028 00:00:00 GMT+0000 (Greenwich Mean Time),CD03280317,17/03/2028,0,0,USD,0,137,125,0,0,32,0,2027,Budget2025,v1,FInsideMIDTour OperatorCD03280317Budget2025v1,FInsideMIDTour OperatorCD03280317,Tue Jun 03 2025 08:50:38 GMT+0100 (British Summer Time),Fri Dec 31 9999 00:00:00 GMT+0000 (Greenwich Mean Time),1
F,4,Iconic Aegean,Deluxe,DAC,DMC,GERMANY,ROW,Mon Jan 03 2028 00:00:00 GMT+0000 (Greenwich Mean Time),CD04280320,20/03/2028,0,0,EUR,1,0,0,0,0,17,0,2027,Budget2025,v1,FDeluxeDACDMCCD04280320Budget2025v1,FDeluxeDACDMCCD04280320,Tue Jun 03 2025 08:50:38 GMT+0100 (British Summer Time),Fri Dec 31 9999 00:00:00 GMT+0000 (Greenwich Mean Time),1
G,7,Desert Days,Outside,CHI,DMC,APAC,ROW,Mon Jan 03 2028 00:00:00 GMT+0000 (Greenwich Mean Time),CJ07280305,05/03/2028,0,0,USD,0,182,166,0,0,0,0,2027,Budget2025,v1,GOutsideCHIDMCCJ07280305Budget2025v1,GOutsideCHIDMCCJ07280305,Tue Jun 03 2025 08:50:38 GMT+0100 (British Summer Time),Fri Dec 31 9999 00:00:00 GMT+0000 (Greenwich Mean Time),1
F,14,Positioning Journey,Outside,APAC,Direct,APAC,ROW,Mon Jan 03 2028 00:00:00 GMT+0000 (Greenwich Mean Time),CJ14280319,19/03/2028,0,0,USD,0,105,96,0,0,0,0,2027,Budget2025,v1,FOutsideAPACDirectCJ14280319Budget2025v1,FOutsideAPACDirectCJ14280319,Tue Jun 03 2025 08:50:38 GMT+0100 (British Summer Time),Fri Dec 31 9999 00:00:00 GMT+0000 (Greenwich Mean Time),1
F,14,Positioning Journey,Inside,SIP,Direct,SIP,SIP,Mon Jan 03 2028 00:00:00 GMT+0000 (Greenwich Mean Time),CJ14280319,19/03/2028,1,14,EUR,1,97,97,1358,1358,12,172,2027,Budget2025,v1,FInsideSIPDirectCJ14280319Budget2025v1,FInsideSIPDirectCJ14280319,Tue Jun 03 2025 08:50:38 GMT+0100 (British Summer Time),Fri Dec 31 9999 00:00:00 GMT+0000 (Greenwich Mean Time),1
G,7,Desert Days,Inside,TUR,Travel Agency,HOME,Home Markets,Mon Jan 03 2028 00:00:00 GMT+0000 (Greenwich Mean Time),CJ07280312,12/03/2028,0,0,EUR,1,167,167,0,0,0,0,2027,Budget2025,v1,GInsideTURTravel AgencyCJ07280312Budget2025v1,GInsideTURTravel AgencyCJ07280312,Tue Jun 03 2025 08:50:38 GMT+0100 (British Summer Time),Fri Dec 31 9999 00:00:00 GMT+0000 (Greenwich Mean Time),1
G,3,Iconic Aegean,Inside,RUS,DMC,ROW,ROW,Mon Jan 03 2028 00:00:00 GMT+0000 (Greenwich Mean Time),CD03280317,17/03/2028,0,0,EUR,1,0,0,0,0,0,0,2027,Budget2025,v1,GInsideRUSDMCCD03280317Budget2025v1,GInsideRUSDMCCD03280317,Tue Jun 03 2025 08:50:38 GMT+0100 (British Summer Time),Fri Dec 31 9999 00:00:00 GMT+0000 (Greenwich Mean Time),1
G,3,Iconic Aegean,Inside,GRC,Tour Operator,HOME,Home Markets,Mon Jan 03 2028 00:00:00 GMT+0000 (Greenwich Mean Time),CD03280324,24/03/2028,0,0,EUR,1,124,124,0,0,0,0,2027,Budget2025,v1,GInsideGRCTour OperatorCD03280324Budget2025v1,GInsideGRCTour OperatorCD03280324,Tue Jun 03 2025 08:50:38 GMT+0100 (British Summer Time),Fri Dec 31 9999 00:00:00 GMT+0000 (Greenwich Mean Time),1
G,7,Desert Days,Outside,BLK,Tour Operator,HOME,Home Markets,Mon Jan 03 2028 00:00:00 GMT+0000 (Greenwich Mean Time),CJ07280305,05/03/2028,9,66,EUR,1,167,167,11154,11154,20,1334,2027,Budget2025,v1,GOutsideBLKTour OperatorCJ07280305Budget2025v1,GOutsideBLKTour OperatorCJ07280305,Tue Jun 03 2025 08:50:38 GMT+0100 (British Summer Time),Fri Dec 31 9999 00:00:00 GMT+0000 (Greenwich Mean Time),1
G,7,Desert Days,Inside,CAN,Tour Operator,NORAM,USA,Mon Jan 03 2028 00:00:00 GMT+0000 (Greenwich Mean Time),CJ07280305,05/03/2028,0,0,USD,0,182,166,0,0,0,0,2027,Budget2025,v1,GInsideCANTour OperatorCJ07280305Budget2025v1,GInsideCANTour OperatorCJ07280305,Tue Jun 03 2025 08:50:38 GMT+0100 (British Summer Time),Fri Dec 31 9999 00:00:00 GMT+0000 (Greenwich Mean Time),1
G,3,Iconic Aegean,Inside,BRI,Travel Agency,UKIE,UKIE,Mon Jan 03 2028 00:00:00 GMT+0000 (Greenwich Mean Time),CD03280324,24/03/2028,0,0,GBP,1,105,124,0,0,83,0,2027,Budget2025,v1,GInsideBRITravel AgencyCD03280324Budget2025v1,GInsideBRITravel AgencyCD03280324,Tue Jun 03 2025 08:50:38 GMT+0100 (British Summer Time),Fri Dec 31 9999 00:00:00 GMT+0000 (Greenwich Mean Time),1
G,14,Positioning Journey,Inside,MID,Tour Operator,AWAY,Away Markets,Mon Jan 03 2028 00:00:00 GMT+0000 (Greenwich Mean Time),CJ14280319,19/03/2028,0,0,USD,0,105,96,0,0,0,0,2027,Budget2025,v1,GInsideMIDTour OperatorCJ14280319Budget2025v1,GInsideMIDTour OperatorCJ14280319,Tue Jun 03 2025 08:50:38 GMT+0100 (British Summer Time),Fri Dec 31 9999 00:00:00 GMT+0000 (Greenwich Mean Time),1
G,4,Iconic Aegean,Outside,CAN,DMC,NORAM,USA,Mon Jan 03 2028 00:00:00 GMT+0000 (Greenwich Mean Time),CD04280327,27/03/2028,0,0,USD,0,224,203,0,0,51,0,2027,Budget2025,v1,GOutsideCANDMCCD04280327Budget2025v1,GOutsideCANDMCCD04280327,Tue Jun 03 2025 08:50:38 GMT+0100 (British Summer Time),Fri Dec 31 9999 00:00:00 GMT+0000 (Greenwich Mean Time),1
G,14,Positioning Journey,Inside,AFR,Travel Agency,ROW,ROW,Mon Jan 03 2028 00:00:00 GMT+0000 (Greenwich Mean Time),CJ14280319,19/03/2028,0,0,USD,0,105,96,0,0,14,0,2027,Budget2025,v1,GInsideAFRTravel AgencyCJ14280319Budget2025v1,GInsideAFRTravel AgencyCJ14280319,Tue Jun 03 2025 08:50:38 GMT+0100 (British Summer Time),Fri Dec 31 9999 00:00:00 GMT+0000 (Greenwich Mean Time),1
G,14,Positioning Journey,Outside,CAN,Travel Agency,NORAM,USA,Mon Jan 03 2028 00:00:00 GMT+0000 (Greenwich Mean Time),CJ14280319,19/03/2028,0,0,USD,0,105,96,0,0,25,0,2027,Budget2025,v1,GOutsideCANTravel AgencyCJ14280319Budget2025v1,GOutsideCANTravel AgencyCJ14280319,Tue Jun 03 2025 08:50:38 GMT+0100 (British Summer Time),Fri Dec 31 9999 00:00:00 GMT+0000 (Greenwich Mean Time),1
G,4,Iconic Aegean,Deluxe,NZE,Travel Agency,AUNZ,AUS,Mon Jan 03 2028 00:00:00 GMT+0000 (Greenwich Mean Time),CD04280327,27/03/2028,0,0,AUD,0,0,0,0,0,4,0,2027,Budget2025,v1,GDeluxeNZETravel AgencyCD04280327Budget2025v1,GDeluxeNZETravel AgencyCD04280327,Tue Jun 03 2025 08:50:38 GMT+0100 (British Summer Time),Fri Dec 31 9999 00:00:00 GMT+0000 (Greenwich Mean Time),1
G,7,Desert Days,Inside,IND,Tour Operator,AWAY,Away Markets,Mon Jan 03 2028 00:00:00 GMT+0000 (Greenwich Mean Time),CJ07280312,12/03/2028,13,94,USD,0,182,166,17278,15706,42,4040,2027,Budget2025,v1,GInsideINDTour OperatorCJ07280312Budget2025v1,GInsideINDTour OperatorCJ07280312,Tue Jun 03 2025 08:50:38 GMT+0100 (British Summer Time),Fri Dec 31 9999 00:00:00 GMT+0000 (Greenwich Mean Time),1
F,3,Iconic Aegean,Inside,BRI,Tour Operator,UKIE,UKIE,Mon Jan 03 2028 00:00:00 GMT+0000 (Greenwich Mean Time),CD03280324,24/03/2028,0,0,GBP,1,0,0,0,0,0,0,2027,Budget2025,v1,FInsideBRITour OperatorCD03280324Budget2025v1,FInsideBRITour OperatorCD03280324,Tue Jun 03 2025 08:50:38 GMT+0100 (British Summer Time),Fri Dec 31 9999 00:00:00 GMT+0000 (Greenwich Mean Time),1
F,3,Iconic Aegean,Inside,CHI,Travel Agency,APAC,ROW,Mon Jan 03 2028 00:00:00 GMT+0000 (Greenwich Mean Time),CD03280317,17/03/2028,0,0,USD,0,0,0,0,0,65,0,2027,Budget2025,v1,FInsideCHITravel AgencyCD03280317Budget2025v1,FInsideCHITravel AgencyCD03280317,Tue Jun 03 2025 08:50:38 GMT+0100 (British Summer Time),Fri Dec 31 9999 00:00:00 GMT+0000 (Greenwich Mean Time),1
F,3,Iconic Aegean,Inside,BLK,Tour Operator,HOME,Home Markets,Mon Jan 03 2028 00:00:00 GMT+0000 (Greenwich Mean Time),CD03280324,24/03/2028,1,4,EUR,1,122,122,553,553,15,71,2027,Budget2025,v1,FInsideBLKTour OperatorCD03280324Budget2025v1,FInsideBLKTour OperatorCD03280324,Tue Jun 03 2025 08:50:38 GMT+0100 (British Summer Time),Fri Dec 31 9999 00:00:00 GMT+0000 (Greenwich Mean Time),1
G,3,Iconic Aegean,Outside,NZE,Tour Operator,AUNZ,AUS,Mon Jan 03 2028 00:00:00 GMT+0000 (Greenwich Mean Time),CD03280317,17/03/2028,0,0,AUD,0,217,130,0,0,15,0,2027,Budget2025,v1,GOutsideNZETour OperatorCD03280317Budget2025v1,GOutsideNZETour OperatorCD03280317,Tue Jun 03 2025 08:50:38 GMT+0100 (British Summer Time),Fri Dec 31 9999 00:00:00 GMT+0000 (Greenwich Mean Time),1
F,7,Desert Days,Inside,SIP,Travel Agency,SIP,SIP,Mon Jan 03 2028 00:00:00 GMT+0000 (Greenwich Mean Time),CJ07280312,12/03/2028,9,63,EUR,1,167,167,10567,10567,27,1728,2027,Budget2025,v1,FInsideSIPTravel AgencyCJ07280312Budget2025v1,FInsideSIPTravel AgencyCJ07280312,Tue Jun 03 2025 08:50:38 GMT+0100 (British Summer Time),Fri Dec 31 9999 00:00:00 GMT+0000 (Greenwich Mean Time),1
F,7,Desert Days,Deluxe,FRA,Direct,FRANCE,FRANCE,Mon Jan 03 2028 00:00:00 GMT+0000 (Greenwich Mean Time),CJ07280312,12/03/2028,1,7,EUR,1,167,167,1174,1174,39,273,2027,Budget2025,v1,FDeluxeFRADirectCJ07280312Budget2025v1,FDeluxeFRADirectCJ07280312,Tue Jun 03 2025 08:50:38 GMT+0100 (British Summer Time),Fri Dec 31 9999 00:00:00 GMT+0000 (Greenwich Mean Time),1
F,4,Iconic Aegean,Inside,DAC,Tour Operator,GERMANY,ROW,Mon Jan 03 2028 00:00:00 GMT+0000 (Greenwich Mean Time),CD04280320,20/03/2028,0,0,EUR,1,0,0,0,0,0,0,2027,Budget2025,v1,FInsideDACTour OperatorCD04280320Budget2025v1,FInsideDACTour OperatorCD04280320,Tue Jun 03 2025 08:50:38 GMT+0100 (British Summer Time),Fri Dec 31 9999 00:00:00 GMT+0000 (Greenwich Mean Time),1
F,3,Iconic Aegean,Inside,EAS,DMC,EU,ROW,Mon Jan 03 2028 00:00:00 GMT+0000 (Greenwich Mean Time),CD03280317,17/03/2028,0,0,EUR,1,0,0,0,0,31,0,2027,Budget2025,v1,FInsideEASDMCCD03280317Budget2025v1,FInsideEASDMCCD03280317,Tue Jun 03 2025 08:50:38 GMT+0100 (British Summer Time),Fri Dec 31 9999 00:00:00 GMT+0000 (Greenwich Mean Time),1
F,7,Desert Days,Deluxe,APAC,Tour Operator,APAC,ROW,Mon Jan 03 2028 00:00:00 GMT+0000 (Greenwich Mean Time),CJ07280305,05/03/2028,0,3,USD,0,182,166,639,581,1,5,2027,Budget2025,v1,FDeluxeAPACTour OperatorCJ07280305Budget2025v1,FDeluxeAPACTour OperatorCJ07280305,Tue Jun 03 2025 08:50:38 GMT+0100 (British Summer Time),Fri Dec 31 9999 00:00:00 GMT+0000 (Greenwich Mean Time),1
F,14,Positioning Journey,Deluxe,SIP,Tour Operator,SIP,SIP,Mon Jan 03 2028 00:00:00 GMT+0000 (Greenwich Mean Time),CJ14280319,19/03/2028,0,0,EUR,1,97,97,0,0,25,0,2027,Budget2025,v1,FDeluxeSIPTour OperatorCJ14280319Budget2025v1,FDeluxeSIPTour OperatorCJ14280319,Tue Jun 03 2025 08:50:38 GMT+0100 (British Summer Time),Fri Dec 31 9999 00:00:00 GMT+0000 (Greenwich Mean Time),1
F,14,Positioning Journey,Deluxe,SIP,Direct,SIP,SIP,Mon Jan 03 2028 00:00:00 GMT+0000 (Greenwich Mean Time),CJ14280319,19/03/2028,1,14,EUR,1,97,97,1358,1358,12,172,2027,Budget2025,v1,FDeluxeSIPDirectCJ14280319Budget2025v1,FDeluxeSIPDirectCJ14280319,Tue Jun 03 2025 08:50:38 GMT+0100 (British Summer Time),Fri Dec 31 9999 00:00:00 GMT+0000 (Greenwich Mean Time),1
F,7,Desert Days,Inside,BLK,Travel Agency,HOME,Home Markets,Mon Jan 03 2028 00:00:00 GMT+0000 (Greenwich Mean Time),CJ07280305,05/03/2028,0,3,EUR,1,167,167,587,587,14,51,2027,Budget2025,v1,FInsideBLKTravel AgencyCJ07280305Budget2025v1,FInsideBLKTravel AgencyCJ07280305,Tue Jun 03 2025 08:50:38 GMT+0100 (British Summer Time),Fri Dec 31 9999 00:00:00 GMT+0000 (Greenwich Mean Time),1
G,3,Iconic Aegean,Inside,CHI,DMC,APAC,ROW,Mon Jan 03 2028 00:00:00 GMT+0000 (Greenwich Mean Time),CD03280324,24/03/2028,0,0,USD,0,185,169,0,0,0,0,2027,Budget2025,v1,GInsideCHIDMCCD03280324Budget2025v1,GInsideCHIDMCCD03280324,Tue Jun 03 2025 08:50:38 GMT+0100 (British Summer Time),Fri Dec 31 9999 00:00:00 GMT+0000 (Greenwich Mean Time),1
F,4,Iconic Aegean,Outside,NZE,Direct,AUNZ,AUS,Mon Jan 03 2028 00:00:00 GMT+0000 (Greenwich Mean Time),CD04280320,20/03/2028,0,0,AUD,0,212,128,0,0,0,0,2027,Budget2025,v1,FOutsideNZEDirectCD04280320Budget2025v1,FOutsideNZEDirectCD04280320,Tue Jun 03 2025 08:50:38 GMT+0100 (British Summer Time),Fri Dec 31 9999 00:00:00 GMT+0000 (Greenwich Mean Time),1
F,4,Iconic Aegean,Deluxe,SIP,Direct,SIP,SIP,Mon Jan 03 2028 00:00:00 GMT+0000 (Greenwich Mean Time),CD04280320,20/03/2028,2,8,EUR,1,237,237,1897,1897,31,253,2027,Budget2025,v1,FDeluxeSIPDirectCD04280320Budget2025v1,FDeluxeSIPDirectCD04280320,Tue Jun 03 2025 08:50:38 GMT+0100 (British Summer Time),Fri Dec 31 9999 00:00:00 GMT+0000 (Greenwich Mean Time),1
G,4,Iconic Aegean,Deluxe,LAT,DMC,LATAM,LATAM,Mon Jan 03 2028 00:00:00 GMT+0000 (Greenwich Mean Time),CD04280320,20/03/2028,2,10,USD,0,240,218,2401,2183,17,175,2027,Budget2025,v1,GDeluxeLATDMCCD04280320Budget2025v1,GDeluxeLATDMCCD04280320,Tue Jun 03 2025 08:50:38 GMT+0100 (British Summer Time),Fri Dec 31 9999 00:00:00 GMT+0000 (Greenwich Mean Time),1
G,14,Positioning Journey,Deluxe,DAC,Tour Operator,GERMANY,ROW,Mon Jan 03 2028 00:00:00 GMT+0000 (Greenwich Mean Time),CJ14280319,19/03/2028,0,0,EUR,1,97,97,0,0,0,0,2027,Budget2025,v1,GDeluxeDACTour OperatorCJ14280319Budget2025v1,GDeluxeDACTour OperatorCJ14280319,Tue Jun 03 2025 08:50:38 GMT+0100 (British Summer Time),Fri Dec 31 9999 00:00:00 GMT+0000 (Greenwich Mean Time),1
G,4,Iconic Aegean,Deluxe,USA,Travel Agency,NORAM,USA,Mon Jan 03 2028 00:00:00 GMT+0000 (Greenwich Mean Time),CD04280327,27/03/2028,9,38,USD,0,298,271,11354,10321,48,1830,2027,Budget2025,v1,GDeluxeUSATravel AgencyCD04280327Budget2025v1,GDeluxeUSATravel AgencyCD04280327,Tue Jun 03 2025 08:50:38 GMT+0100 (British Summer Time),Fri Dec 31 9999 00:00:00 GMT+0000 (Greenwich Mean Time),1
F,7,Desert Days,Inside,AFR,Tour Operator,ROW,ROW,Mon Jan 03 2028 00:00:00 GMT+0000 (Greenwich Mean Time),CJ07280312,12/03/2028,0,0,USD,0,182,166,0,0,0,0,2027,Budget2025,v1,FInsideAFRTour OperatorCJ07280312Budget2025v1,FInsideAFRTour OperatorCJ07280312,Tue Jun 03 2025 08:50:38 GMT+0100 (British Summer Time),Fri Dec 31 9999 00:00:00 GMT+0000 (Greenwich Mean Time),1
F,7,Desert Days,Inside,AUS,Direct,AUNZ,AUS,Mon Jan 03 2028 00:00:00 GMT+0000 (Greenwich Mean Time),CJ07280305,05/03/2028,1,10,AUD,0,278,167,2923,1761,30,319,2027,Budget2025,v1,FInsideAUSDirectCJ07280305Budget2025v1,FInsideAUSDirectCJ07280305,Tue Jun 03 2025 08:50:38 GMT+0100 (British Summer Time),Fri Dec 31 9999 00:00:00 GMT+0000 (Greenwich Mean Time),1
F,4,Iconic Aegean,Inside,RUS,Travel Agency,ROW,ROW,Mon Jan 03 2028 00:00:00 GMT+0000 (Greenwich Mean Time),CD04280320,20/03/2028,4,16,EUR,1,115,115,1846,1846,1,18,2027,Budget2025,v1,FInsideRUSTravel AgencyCD04280320Budget2025v1,FInsideRUSTravel AgencyCD04280320,Tue Jun 03 2025 08:50:38 GMT+0100 (British Summer Time),Fri Dec 31 9999 00:00:00 GMT+0000 (Greenwich Mean Time),1
F,14,Positioning Journey,Outside,BLK,Travel Agency,HOME,Home Markets,Mon Jan 03 2028 00:00:00 GMT+0000 (Greenwich Mean Time),CJ14280319,19/03/2028,7,98,EUR,1,97,97,9507,9507,7,700,2027,Budget2025,v1,FOutsideBLKTravel AgencyCJ14280319Budget2025v1,FOutsideBLKTravel AgencyCJ14280319,Tue Jun 03 2025 08:50:38 GMT+0100 (British Summer Time),Fri Dec 31 9999 00:00:00 GMT+0000 (Greenwich Mean Time),1
F,3,Iconic Aegean,Inside,USA,Travel Agency,NORAM,USA,Mon Jan 03 2028 00:00:00 GMT+0000 (Greenwich Mean Time),CD03280324,24/03/2028,6,18,USD,0,150,136,2707,2461,41,749,2027,Budget2025,v1,FInsideUSATravel AgencyCD03280324Budget2025v1,FInsideUSATravel AgencyCD03280324,Tue Jun 03 2025 08:50:38 GMT+0100 (British Summer Time),Fri Dec 31 9999 00:00:00 GMT+0000 (Greenwich Mean Time),1
F,7,Desert Days,Inside,JPN,Tour Operator,APAC,ROW,Mon Jan 03 2028 00:00:00 GMT+0000 (Greenwich Mean Time),CJ07280305,05/03/2028,0,0,USD,0,182,166,0,0,0,0,2027,Budget2025,v1,FInsideJPNTour OperatorCJ07280305Budget2025v1,FInsideJPNTour OperatorCJ07280305,Tue Jun 03 2025 08:50:38 GMT+0100 (British Summer Time),Fri Dec 31 9999 00:00:00 GMT+0000 (Greenwich Mean Time),1
F,3,Iconic Aegean,Inside,JPN,Tour Operator,APAC,ROW,Mon Jan 03 2028 00:00:00 GMT+0000 (Greenwich Mean Time),CD03280324,24/03/2028,0,0,USD,0,168,153,0,0,40,0,2027,Budget2025,v1,FInsideJPNTour OperatorCD03280324Budget2025v1,FInsideJPNTour OperatorCD03280324,Tue Jun 03 2025 08:50:38 GMT+0100 (British Summer Time),Fri Dec 31 9999 00:00:00 GMT+0000 (Greenwich Mean Time),1
F,14,Positioning Journey,Outside,SCN,Direct,EU,ROW,Mon Jan 03 2028 00:00:00 GMT+0000 (Greenwich Mean Time),CJ14280319,19/03/2028,1,14,EUR,1,97,97,1358,1358,5,75,2027,Budget2025,v1,FOutsideSCNDirectCJ14280319Budget2025v1,FOutsideSCNDirectCJ14280319,Tue Jun 03 2025 08:50:38 GMT+0100 (British Summer Time),Fri Dec 31 9999 00:00:00 GMT+0000 (Greenwich Mean Time),1
F,3,Iconic Aegean,Inside,AFR,Direct,ROW,ROW,Mon Jan 03 2028 00:00:00 GMT+0000 (Greenwich Mean Time),CD03280317,17/03/2028,0,0,USD,0,0,0,0,0,0,0,2027,Budget2025,v1,FInsideAFRDirectCD03280317Budget2025v1,FInsideAFRDirectCD03280317,Tue Jun 03 2025 08:50:38 GMT+0100 (British Summer Time),Fri Dec 31 9999 00:00:00 GMT+0000 (Greenwich Mean Time),1
G,14,Positioning Journey,Deluxe,DAC,DMC,GERMANY,ROW,Mon Jan 03 2028 00:00:00 GMT+0000 (Greenwich Mean Time),CJ14280319,19/03/2028,0,0,EUR,1,97,97,0,0,6,0,2027,Budget2025,v1,GDeluxeDACDMCCJ14280319Budget2025v1,GDeluxeDACDMCCJ14280319,Tue Jun 03 2025 08:50:38 GMT+0100 (British Summer Time),Fri Dec 31 9999 00:00:00 GMT+0000 (Greenwich Mean Time),1
F,3,Iconic Aegean,Inside,CYP,Tour Operator,HOME,Home Markets,Mon Jan 03 2028 00:00:00 GMT+0000 (Greenwich Mean Time),CD03280317,17/03/2028,0,0,EUR,1,120,120,0,0,0,0,2027,Budget2025,v1,FInsideCYPTour OperatorCD03280317Budget2025v1,FInsideCYPTour OperatorCD03280317,Tue Jun 03 2025 08:50:38 GMT+0100 (British Summer Time),Fri Dec 31 9999 00:00:00 GMT+0000 (Greenwich Mean Time),1
F,4,Iconic Aegean,Inside,EAS,Travel Agency,EU,ROW,Mon Jan 03 2028 00:00:00 GMT+0000 (Greenwich Mean Time),CD04280327,27/03/2028,0,0,EUR,1,122,122,0,0,73,0,2027,Budget2025,v1,FInsideEASTravel AgencyCD04280327Budget2025v1,FInsideEASTravel AgencyCD04280327,Tue Jun 03 2025 08:50:38 GMT+0100 (British Summer Time),Fri Dec 31 9999 00:00:00 GMT+0000 (Greenwich Mean Time),1
F,3,Iconic Aegean,Deluxe,DAC,Travel Agency,GERMANY,ROW,Mon Jan 03 2028 00:00:00 GMT+0000 (Greenwich Mean Time),CD03280317,17/03/2028,1,4,EUR,1,246,246,1108,1108,19,89,2027,Budget2025,v1,FDeluxeDACTravel AgencyCD03280317Budget2025v1,FDeluxeDACTravel AgencyCD03280317,Tue Jun 03 2025 08:50:38 GMT+0100 (British Summer Time),Fri Dec 31 9999 00:00:00 GMT+0000 (Greenwich Mean Time),1
F,3,Iconic Aegean,Inside,LAT,Direct,LATAM,LATAM,Mon Jan 03 2028 00:00:00 GMT+0000 (Greenwich Mean Time),CD03280317,17/03/2028,3,10,USD,0,131,119,1377,1252,29,308,2027,Budget2025,v1,FInsideLATDirectCD03280317Budget2025v1,FInsideLATDirectCD03280317,Tue Jun 03 2025 08:50:38 GMT+0100 (British Summer Time),Fri Dec 31 9999 00:00:00 GMT+0000 (Greenwich Mean Time),1
F,7,Desert Days,Outside,IND,Tour Operator,AWAY,Away Markets,Mon Jan 03 2028 00:00:00 GMT+0000 (Greenwich Mean Time),CJ07280312,12/03/2028,3,21,USD,0,182,166,3839,3490,42,897,2027,Budget2025,v1,FOutsideINDTour OperatorCJ07280312Budget2025v1,FOutsideINDTour OperatorCJ07280312,Tue Jun 03 2025 08:50:38 GMT+0100 (British Summer Time),Fri Dec 31 9999 00:00:00 GMT+0000 (Greenwich Mean Time),1
G,7,Desert Days,Inside,CAN,Travel Agency,NORAM,USA,Mon Jan 03 2028 00:00:00 GMT+0000 (Greenwich Mean Time),CJ07280305,05/03/2028,0,0,USD,0,182,166,0,0,52,0,2027,Budget2025,v1,GInsideCANTravel AgencyCJ07280305Budget2025v1,GInsideCANTravel AgencyCJ07280305,Tue Jun 03 2025 08:50:38 GMT+0100 (British Summer Time),Fri Dec 31 9999 00:00:00 GMT+0000 (Greenwich Mean Time),1
F,3,Iconic Aegean,Outside,AFR,DMC,ROW,ROW,Mon Jan 03 2028 00:00:00 GMT+0000 (Greenwich Mean Time),CD03280324,24/03/2028,0,0,USD,0,0,0,0,0,58,0,2027,Budget2025,v1,FOutsideAFRDMCCD03280324Budget2025v1,FOutsideAFRDMCCD03280324,Tue Jun 03 2025 08:50:38 GMT+0100 (British Summer Time),Fri Dec 31 9999 00:00:00 GMT+0000 (Greenwich Mean Time),1
G,14,Positioning Journey,Inside,SIP,Travel Agency,SIP,SIP,Mon Jan 03 2028 00:00:00 GMT+0000 (Greenwich Mean Time),CJ14280319,19/03/2028,0,0,EUR,1,97,97,0,0,13,0,2027,Budget2025,v1,GInsideSIPTravel AgencyCJ14280319Budget2025v1,GInsideSIPTravel AgencyCJ14280319,Tue Jun 03 2025 08:50:38 GMT+0100 (British Summer Time),Fri Dec 31 9999 00:00:00 GMT+0000 (Greenwich Mean Time),1
G,4,Iconic Aegean,Outside,SIP,DMC,SIP,SIP,Mon Jan 03 2028 00:00:00 GMT+0000 (Greenwich Mean Time),CD04280327,27/03/2028,0,0,EUR,1,155,155,0,0,18,0,2027,Budget2025,v1,GOutsideSIPDMCCD04280327Budget2025v1,GOutsideSIPDMCCD04280327,Tue Jun 03 2025 08:50:38 GMT+0100 (British Summer Time),Fri Dec 31 9999 00:00:00 GMT+0000 (Greenwich Mean Time),1
G,4,Iconic Aegean,Outside,CHI,Travel Agency,APAC,ROW,Mon Jan 03 2028 00:00:00 GMT+0000 (Greenwich Mean Time),CD04280320,20/03/2028,0,0,USD,0,167,151,0,0,42,0,2027,Budget2025,v1,GOutsideCHITravel AgencyCD04280320Budget2025v1,GOutsideCHITravel AgencyCD04280320,Tue Jun 03 2025 08:50:38 GMT+0100 (British Summer Time),Fri Dec 31 9999 00:00:00 GMT+0000 (Greenwich Mean Time),1
G,7,Desert Days,Inside,TUR,Direct,HOME,Home Markets,Mon Jan 03 2028 00:00:00 GMT+0000 (Greenwich Mean Time),CJ07280312,12/03/2028,0,0,EUR,1,167,167,0,0,0,0,2027,Budget2025,v1,GInsideTURDirectCJ07280312Budget2025v1,GInsideTURDirectCJ07280312,Tue Jun 03 2025 08:50:38 GMT+0100 (British Summer Time),Fri Dec 31 9999 00:00:00 GMT+0000 (Greenwich Mean Time),1
G,3,Iconic Aegean,Outside,FRA,Tour Operator,FRANCE,FRANCE,Mon Jan 03 2028 00:00:00 GMT+0000 (Greenwich Mean Time),CD03280324,24/03/2028,0,0,EUR,1,0,0,0,0,0,0,2027,Budget2025,v1,GOutsideFRATour OperatorCD03280324Budget2025v1,GOutsideFRATour OperatorCD03280324,Tue Jun 03 2025 08:50:38 GMT+0100 (British Summer Time),Fri Dec 31 9999 00:00:00 GMT+0000 (Greenwich Mean Time),1
G,3,Iconic Aegean,Inside,TUR,Tour Operator,HOME,Home Markets,Mon Jan 03 2028 00:00:00 GMT+0000 (Greenwich Mean Time),CD03280324,24/03/2028,0,0,EUR,1,121,121,0,0,13,0,2027,Budget2025,v1,GInsideTURTour OperatorCD03280324Budget2025v1,GInsideTURTour OperatorCD03280324,Tue Jun 03 2025 08:50:38 GMT+0100 (British Summer Time),Fri Dec 31 9999 00:00:00 GMT+0000 (Greenwich Mean Time),1
G,14,Positioning Journey,Outside,CHI,Travel Agency,APAC,ROW,Mon Jan 03 2028 00:00:00 GMT+0000 (Greenwich Mean Time),CJ14280319,19/03/2028,0,0,USD,0,105,96,0,0,17,0,2027,Budget2025,v1,GOutsideCHITravel AgencyCJ14280319Budget2025v1,GOutsideCHITravel AgencyCJ14280319,Tue Jun 03 2025 08:50:38 GMT+0100 (British Summer Time),Fri Dec 31 9999 00:00:00 GMT+0000 (Greenwich Mean Time),1
F,4,Iconic Aegean,Deluxe,NTH,DMC,EU,ROW,Mon Jan 03 2028 00:00:00 GMT+0000 (Greenwich Mean Time),CD04280320,20/03/2028,0,0,EUR,1,0,0,0,0,0,0,2027,Budget2025,v1,FDeluxeNTHDMCCD04280320Budget2025v1,FDeluxeNTHDMCCD04280320,Tue Jun 03 2025 08:50:38 GMT+0100 (British Summer Time),Fri Dec 31 9999 00:00:00 GMT+0000 (Greenwich Mean Time),1
F,14,Positioning Journey,Deluxe,SIP,DMC,SIP,SIP,Mon Jan 03 2028 00:00:00 GMT+0000 (Greenwich Mean Time),CJ14280319,19/03/2028,1,14,EUR,1,97,97,1358,1358,6,94,2027,Budget2025,v1,FDeluxeSIPDMCCJ14280319Budget2025v1,FDeluxeSIPDMCCJ14280319,Tue Jun 03 2025 08:50:38 GMT+0100 (British Summer Time),Fri Dec 31 9999 00:00:00 GMT+0000 (Greenwich Mean Time),1
G,7,Desert Days,Outside,USA,Tour Operator,NORAM,USA,Mon Jan 03 2028 00:00:00 GMT+0000 (Greenwich Mean Time),CJ07280312,12/03/2028,0,0,USD,0,182,166,0,0,21,0,2027,Budget2025,v1,GOutsideUSATour OperatorCJ07280312Budget2025v1,GOutsideUSATour OperatorCJ07280312,Tue Jun 03 2025 08:50:38 GMT+0100 (British Summer Time),Fri Dec 31 9999 00:00:00 GMT+0000 (Greenwich Mean Time),1
G,3,Iconic Aegean,Outside,IND,DMC,AWAY,Away Markets,Mon Jan 03 2028 00:00:00 GMT+0000 (Greenwich Mean Time),CD03280317,17/03/2028,0,0,USD,0,0,0,0,0,101,0,2027,Budget2025,v1,GOutsideINDDMCCD03280317Budget2025v1,GOutsideINDDMCCD03280317,Tue Jun 03 2025 08:50:38 GMT+0100 (British Summer Time),Fri Dec 31 9999 00:00:00 GMT+0000 (Greenwich Mean Time),1
F,4,Iconic Aegean,Deluxe,NTH,Direct,EU,ROW,Mon Jan 03 2028 00:00:00 GMT+0000 (Greenwich Mean Time),CD04280320,20/03/2028,0,0,EUR,1,398,398,0,0,0,0,2027,Budget2025,v1,FDeluxeNTHDirectCD04280320Budget2025v1,FDeluxeNTHDirectCD04280320,Tue Jun 03 2025 08:50:38 GMT+0100 (British Summer Time),Fri Dec 31 9999 00:00:00 GMT+0000 (Greenwich Mean Time),1
G,7,Desert Days,Outside,MID,Tour Operator,AWAY,Away Markets,Mon Jan 03 2028 00:00:00 GMT+0000 (Greenwich Mean Time),CJ07280312,12/03/2028,0,0,USD,0,182,166,0,0,0,0,2027,Budget2025,v1,GOutsideMIDTour OperatorCJ07280312Budget2025v1,GOutsideMIDTour OperatorCJ07280312,Tue Jun 03 2025 08:50:38 GMT+0100 (British Summer Time),Fri Dec 31 9999 00:00:00 GMT+0000 (Greenwich Mean Time),1
G,7,Desert Days,Inside,SIP,DMC,SIP,SIP,Mon Jan 03 2028 00:00:00 GMT+0000 (Greenwich Mean Time),CJ07280312,12/03/2028,0,0,EUR,1,167,167,0,0,13,0,2027,Budget2025,v1,GInsideSIPDMCCJ07280312Budget2025v1,GInsideSIPDMCCJ07280312,Tue Jun 03 2025 08:50:38 GMT+0100 (British Summer Time),Fri Dec 31 9999 00:00:00 GMT+0000 (Greenwich Mean Time),1
G,14,Positioning Journey,Inside,SCN,Tour Operator,EU,ROW,Mon Jan 03 2028 00:00:00 GMT+0000 (Greenwich Mean Time),CJ14280319,19/03/2028,0,0,EUR,1,97,97,0,0,0,0,2027,Budget2025,v1,GInsideSCNTour OperatorCJ14280319Budget2025v1,GInsideSCNTour OperatorCJ14280319,Tue Jun 03 2025 08:50:38 GMT+0100 (British Summer Time),Fri Dec 31 9999 00:00:00 GMT+0000 (Greenwich Mean Time),1
F,4,Iconic Aegean,Inside,BLX,Direct,EU,ROW,Mon Jan 03 2028 00:00:00 GMT+0000 (Greenwich Mean Time),CD04280327,27/03/2028,0,0,EUR,1,114,114,0,0,28,0,2027,Budget2025,v1,FInsideBLXDirectCD04280327Budget2025v1,FInsideBLXDirectCD04280327,Tue Jun 03 2025 08:50:38 GMT+0100 (British Summer Time),Fri Dec 31 9999 00:00:00 GMT+0000 (Greenwich Mean Time),1
F,7,Desert Days,Deluxe,BLK,Tour Operator,HOME,Home Markets,Mon Jan 03 2028 00:00:00 GMT+0000 (Greenwich Mean Time),CJ07280305,05/03/2028,0,3,EUR,1,167,167,587,587,20,70,2027,Budget2025,v1,FDeluxeBLKTour OperatorCJ07280305Budget2025v1,FDeluxeBLKTour OperatorCJ07280305,Tue Jun 03 2025 08:50:38 GMT+0100 (British Summer Time),Fri Dec 31 9999 00:00:00 GMT+0000 (Greenwich Mean Time),1
G,4,Iconic Aegean,Inside,BLK,Tour Operator,HOME,Home Markets,Mon Jan 03 2028 00:00:00 GMT+0000 (Greenwich Mean Time),CD04280320,20/03/2028,0,0,EUR,1,124,124,0,0,30,0,2027,Budget2025,v1,GInsideBLKTour OperatorCD04280320Budget2025v1,GInsideBLKTour OperatorCD04280320,Tue Jun 03 2025 08:50:38 GMT+0100 (British Summer Time),Fri Dec 31 9999 00:00:00 GMT+0000 (Greenwich Mean Time),1
G,7,Desert Days,Inside,MID,Travel Agency,AWAY,Away Markets,Mon Jan 03 2028 00:00:00 GMT+0000 (Greenwich Mean Time),CJ07280305,05/03/2028,0,0,USD,0,182,166,0,0,0,0,2027,Budget2025,v1,GInsideMIDTravel AgencyCJ07280305Budget2025v1,GInsideMIDTravel AgencyCJ07280305,Tue Jun 03 2025 08:50:38 GMT+0100 (British Summer Time),Fri Dec 31 9999 00:00:00 GMT+0000 (Greenwich Mean Time),1
G,7,Desert Days,Inside,BLK,DMC,HOME,Home Markets,Mon Jan 03 2028 00:00:00 GMT+0000 (Greenwich Mean Time),CJ07280312,12/03/2028,0,0,EUR,1,167,167,0,0,0,0,2027,Budget2025,v1,GInsideBLKDMCCJ07280312Budget2025v1,GInsideBLKDMCCJ07280312,Tue Jun 03 2025 08:50:38 GMT+0100 (British Summer Time),Fri Dec 31 9999 00:00:00 GMT+0000 (Greenwich Mean Time),1
G,7,Desert Days,Inside,MID,DMC,AWAY,Away Markets,Mon Jan 03 2028 00:00:00 GMT+0000 (Greenwich Mean Time),CJ07280305,05/03/2028,0,0,USD,0,182,166,0,0,33,0,2027,Budget2025,v1,GInsideMIDDMCCJ07280305Budget2025v1,GInsideMIDDMCCJ07280305,Tue Jun 03 2025 08:50:38 GMT+0100 (British Summer Time),Fri Dec 31 9999 00:00:00 GMT+0000 (Greenwich Mean Time),1
G,4,Iconic Aegean,Inside,CYP,Travel Agency,HOME,Home Markets,Mon Jan 03 2028 00:00:00 GMT+0000 (Greenwich Mean Time),CD04280320,20/03/2028,0,0,EUR,1,108,108,0,0,13,0,2027,Budget2025,v1,GInsideCYPTravel AgencyCD04280320Budget2025v1,GInsideCYPTravel AgencyCD04280320,Tue Jun 03 2025 08:50:38 GMT+0100 (British Summer Time),Fri Dec 31 9999 00:00:00 GMT+0000 (Greenwich Mean Time),1
G,3,Iconic Aegean,Inside,AUS,DMC,AUNZ,AUS,Mon Jan 03 2028 00:00:00 GMT+0000 (Greenwich Mean Time),CD03280324,24/03/2028,0,0,AUD,0,0,0,0,0,39,0,2027,Budget2025,v1,GInsideAUSDMCCD03280324Budget2025v1,GInsideAUSDMCCD03280324,Tue Jun 03 2025 08:50:38 GMT+0100 (British Summer Time),Fri Dec 31 9999 00:00:00 GMT+0000 (Greenwich Mean Time),1
G,7,Desert Days,Outside,BLK,Tour Operator,HOME,Home Markets,Mon Jan 03 2028 00:00:00 GMT+0000 (Greenwich Mean Time),CJ07280312,12/03/2028,9,66,EUR,1,167,167,11154,11154,20,1334,2027,Budget2025,v1,GOutsideBLKTour OperatorCJ07280312Budget2025v1,GOutsideBLKTour OperatorCJ07280312,Tue Jun 03 2025 08:50:38 GMT+0100 (British Summer Time),Fri Dec 31 9999 00:00:00 GMT+0000 (Greenwich Mean Time),1
G,3,Iconic Aegean,Inside,TUR,DMC,HOME,Home Markets,Mon Jan 03 2028 00:00:00 GMT+0000 (Greenwich Mean Time),CD03280317,17/03/2028,0,0,EUR,1,108,108,0,0,0,0,2027,Budget2025,v1,GInsideTURDMCCD03280317Budget2025v1,GInsideTURDMCCD03280317,Tue Jun 03 2025 08:50:38 GMT+0100 (British Summer Time),Fri Dec 31 9999 00:00:00 GMT+0000 (Greenwich Mean Time),1
G,3,Iconic Aegean,Deluxe,SCN,Tour Operator,EU,ROW,Mon Jan 03 2028 00:00:00 GMT+0000 (Greenwich Mean Time),CD03280324,24/03/2028,0,0,EUR,1,0,0,0,0,0,0,2027,Budget2025,v1,GDeluxeSCNTour OperatorCD03280324Budget2025v1,GDeluxeSCNTour OperatorCD03280324,Tue Jun 03 2025 08:50:38 GMT+0100 (British Summer Time),Fri Dec 31 9999 00:00:00 GMT+0000 (Greenwich Mean Time),1
G,14,Positioning Journey,Deluxe,NZE,DMC,AUNZ,AUS,Mon Jan 03 2028 00:00:00 GMT+0000 (Greenwich Mean Time),CJ14280319,19/03/2028,0,0,AUD,0,161,97,0,0,0,0,2027,Budget2025,v1,GDeluxeNZEDMCCJ14280319Budget2025v1,GDeluxeNZEDMCCJ14280319,Tue Jun 03 2025 08:50:38 GMT+0100 (British Summer Time),Fri Dec 31 9999 00:00:00 GMT+0000 (Greenwich Mean Time),1
G,7,Desert Days,Inside,AFR,Direct,ROW,ROW,Mon Jan 03 2028 00:00:00 GMT+0000 (Greenwich Mean Time),CJ07280305,05/03/2028,0,0,USD,0,182,166,0,0,24,0,2027,Budget2025,v1,GInsideAFRDirectCJ07280305Budget2025v1,GInsideAFRDirectCJ07280305,Tue Jun 03 2025 08:50:38 GMT+0100 (British Summer Time),Fri Dec 31 9999 00:00:00 GMT+0000 (Greenwich Mean Time),1
G,4,Iconic Aegean,Inside,APAC,Direct,APAC,ROW,Mon Jan 03 2028 00:00:00 GMT+0000 (Greenwich Mean Time),CD04280320,20/03/2028,0,0,USD,0,0,0,0,0,0,0,2027,Budget2025,v1,GInsideAPACDirectCD04280320Budget2025v1,GInsideAPACDirectCD04280320,Tue Jun 03 2025 08:50:38 GMT+0100 (British Summer Time),Fri Dec 31 9999 00:00:00 GMT+0000 (Greenwich Mean Time),1
F,4,Iconic Aegean,Deluxe,APAC,DMC,APAC,ROW,Mon Jan 03 2028 00:00:00 GMT+0000 (Greenwich Mean Time),CD04280320,20/03/2028,0,0,USD,0,168,153,0,0,38,0,2027,Budget2025,v1,FDeluxeAPACDMCCD04280320Budget2025v1,FDeluxeAPACDMCCD04280320,Tue Jun 03 2025 08:50:38 GMT+0100 (British Summer Time),Fri Dec 31 9999 00:00:00 GMT+0000 (Greenwich Mean Time),1
G,7,Desert Days,Outside,SIP,Direct,SIP,SIP,Mon Jan 03 2028 00:00:00 GMT+0000 (Greenwich Mean Time),CJ07280305,05/03/2028,0,0,EUR,1,167,167,0,0,25,0,2027,Budget2025,v1,GOutsideSIPDirectCJ07280305Budget2025v1,GOutsideSIPDirectCJ07280305,Tue Jun 03 2025 08:50:38 GMT+0100 (British Summer Time),Fri Dec 31 9999 00:00:00 GMT+0000 (Greenwich Mean Time),1
G,3,Iconic Aegean,Deluxe,MID,Direct,AWAY,Away Markets,Mon Jan 03 2028 00:00:00 GMT+0000 (Greenwich Mean Time),CD03280324,24/03/2028,0,0,USD,0,0,0,0,0,0,0,2027,Budget2025,v1,GDeluxeMIDDirectCD03280324Budget2025v1,GDeluxeMIDDirectCD03280324,Tue Jun 03 2025 08:50:38 GMT+0100 (British Summer Time),Fri Dec 31 9999 00:00:00 GMT+0000 (Greenwich Mean Time),1
F,3,Iconic Aegean,Deluxe,GRC,Tour Operator,HOME,Home Markets,Mon Jan 03 2028 00:00:00 GMT+0000 (Greenwich Mean Time),CD03280317,17/03/2028,0,0,EUR,1,223,223,0,0,0,0,2027,Budget2025,v1,FDeluxeGRCTour OperatorCD03280317Budget2025v1,FDeluxeGRCTour OperatorCD03280317,Tue Jun 03 2025 08:50:38 GMT+0100 (British Summer Time),Fri Dec 31 9999 00:00:00 GMT+0000 (Greenwich Mean Time),1
G,7,Desert Days,Outside,CHI,Travel Agency,APAC,ROW,Mon Jan 03 2028 00:00:00 GMT+0000 (Greenwich Mean Time),CJ07280305,05/03/2028,0,0,USD,0,182,166,0,0,34,0,2027,Budget2025,v1,GOutsideCHITravel AgencyCJ07280305Budget2025v1,GOutsideCHITravel AgencyCJ07280305,Tue Jun 03 2025 08:50:38 GMT+0100 (British Summer Time),Fri Dec 31 9999 00:00:00 GMT+0000 (Greenwich Mean Time),1
G,14,Positioning Journey,Outside,RUS,DMC,ROW,ROW,Mon Jan 03 2028 00:00:00 GMT+0000 (Greenwich Mean Time),CJ14280319,19/03/2028,0,0,EUR,1,97,97,0,0,0,0,2027,Budget2025,v1,GOutsideRUSDMCCJ14280319Budget2025v1,GOutsideRUSDMCCJ14280319,Tue Jun 03 2025 08:50:38 GMT+0100 (British Summer Time),Fri Dec 31 9999 00:00:00 GMT+0000 (Greenwich Mean Time),1
G,14,Positioning Journey,Deluxe,BLX,Direct,EU,ROW,Mon Jan 03 2028 00:00:00 GMT+0000 (Greenwich Mean Time),CJ14280319,19/03/2028,0,0,EUR,1,97,97,0,0,15,0,2027,Budget2025,v1,GDeluxeBLXDirectCJ14280319Budget2025v1,GDeluxeBLXDirectCJ14280319,Tue Jun 03 2025 08:50:38 GMT+0100 (British Summer Time),Fri Dec 31 9999 00:00:00 GMT+0000 (Greenwich Mean Time),1
G,3,Iconic Aegean,Outside,RUS,Tour Operator,ROW,ROW,Mon Jan 03 2028 00:00:00 GMT+0000 (Greenwich Mean Time),CD03280317,17/03/2028,0,0,EUR,1,0,0,0,0,22,0,2027,Budget2025,v1,GOutsideRUSTour OperatorCD03280317Budget2025v1,GOutsideRUSTour OperatorCD03280317,Tue Jun 03 2025 08:50:38 GMT+0100 (British Summer Time),Fri Dec 31 9999 00:00:00 GMT+0000 (Greenwich Mean Time),1
G,4,Iconic Aegean,Inside,LAT,DMC,LATAM,LATAM,Mon Jan 03 2028 00:00:00 GMT+0000 (Greenwich Mean Time),CD04280327,27/03/2028,18,72,USD,0,178,161,12820,11654,17,1264,2027,Budget2025,v1,GInsideLATDMCCD04280327Budget2025v1,GInsideLATDMCCD04280327,Tue Jun 03 2025 08:50:38 GMT+0100 (British Summer Time),Fri Dec 31 9999 00:00:00 GMT+0000 (Greenwich Mean Time),1
F,4,Iconic Aegean,Inside,BLX,DMC,EU,ROW,Mon Jan 03 2028 00:00:00 GMT+0000 (Greenwich Mean Time),CD04280320,20/03/2028,0,0,EUR,1,0,0,0,0,0,0,2027,Budget2025,v1,FInsideBLXDMCCD04280320Budget2025v1,FInsideBLXDMCCD04280320,Tue Jun 03 2025 08:50:38 GMT+0100 (British Summer Time),Fri Dec 31 9999 00:00:00 GMT+0000 (Greenwich Mean Time),1
G,4,Iconic Aegean,Deluxe,AUS,DMC,AUNZ,AUS,Mon Jan 03 2028 00:00:00 GMT+0000 (Greenwich Mean Time),CD04280320,20/03/2028,0,0,AUD,0,0,0,0,0,11,0,2027,Budget2025,v1,GDeluxeAUSDMCCD04280320Budget2025v1,GDeluxeAUSDMCCD04280320,Tue Jun 03 2025 08:50:38 GMT+0100 (British Summer Time),Fri Dec 31 9999 00:00:00 GMT+0000 (Greenwich Mean Time),1
F,7,Desert Days,Deluxe,FRA,Travel Agency,FRANCE,FRANCE,Mon Jan 03 2028 00:00:00 GMT+0000 (Greenwich Mean Time),CJ07280305,05/03/2028,10,70,EUR,1,167,167,11741,11741,23,1631,2027,Budget2025,v1,FDeluxeFRATravel AgencyCJ07280305Budget2025v1,FDeluxeFRATravel AgencyCJ07280305,Tue Jun 03 2025 08:50:38 GMT+0100 (British Summer Time),Fri Dec 31 9999 00:00:00 GMT+0000 (Greenwich Mean Time),1
F,14,Positioning Journey,Outside,CYP,Travel Agency,HOME,Home Markets,Mon Jan 03 2028 00:00:00 GMT+0000 (Greenwich Mean Time),CJ14280319,19/03/2028,1,14,EUR,1,97,97,1358,1358,4,64,2027,Budget2025,v1,FOutsideCYPTravel AgencyCJ14280319Budget2025v1,FOutsideCYPTravel AgencyCJ14280319,Tue Jun 03 2025 08:50:38 GMT+0100 (British Summer Time),Fri Dec 31 9999 00:00:00 GMT+0000 (Greenwich Mean Time),1
F,7,Desert Days,Outside,NTH,Travel Agency,EU,ROW,Mon Jan 03 2028 00:00:00 GMT+0000 (Greenwich Mean Time),CJ07280305,05/03/2028,1,10,EUR,1,167,167,1761,1761,18,191,2027,Budget2025,v1,FOutsideNTHTravel AgencyCJ07280305Budget2025v1,FOutsideNTHTravel AgencyCJ07280305,Tue Jun 03 2025 08:50:38 GMT+0100 (British Summer Time),Fri Dec 31 9999 00:00:00 GMT+0000 (Greenwich Mean Time),1
F,4,Iconic Aegean,Inside,AUS,Travel Agency,AUNZ,AUS,Mon Jan 03 2028 00:00:00 GMT+0000 (Greenwich Mean Time),CD04280327,27/03/2028,0,0,AUD,0,0,0,0,0,30,0,2027,Budget2025,v1,FInsideAUSTravel AgencyCD04280327Budget2025v1,FInsideAUSTravel AgencyCD04280327,Tue Jun 03 2025 08:50:38 GMT+0100 (British Summer Time),Fri Dec 31 9999 00:00:00 GMT+0000 (Greenwich Mean Time),1
F,4,Iconic Aegean,Inside,AUS,DMC,AUNZ,AUS,Mon Jan 03 2028 00:00:00 GMT+0000 (Greenwich Mean Time),CD04280327,27/03/2028,0,0,AUD,0,0,0,0,0,11,0,2027,Budget2025,v1,FInsideAUSDMCCD04280327Budget2025v1,FInsideAUSDMCCD04280327,Tue Jun 03 2025 08:50:38 GMT+0100 (British Summer Time),Fri Dec 31 9999 00:00:00 GMT+0000 (Greenwich Mean Time),1
F,4,Iconic Aegean,Outside,BRI,Direct,UKIE,UKIE,Mon Jan 03 2028 00:00:00 GMT+0000 (Greenwich Mean Time),CD04280327,27/03/2028,4,18,GBP,1,139,164,2509,2952,38,696,2027,Budget2025,v1,FOutsideBRIDirectCD04280327Budget2025v1,FOutsideBRIDirectCD04280327,Tue Jun 03 2025 08:50:38 GMT+0100 (British Summer Time),Fri Dec 31 9999 00:00:00 GMT+0000 (Greenwich Mean Time),1
F,4,Iconic Aegean,Deluxe,APAC,Tour Operator,APAC,ROW,Mon Jan 03 2028 00:00:00 GMT+0000 (Greenwich Mean Time),CD04280327,27/03/2028,0,0,USD,0,439,399,0,0,40,0,2027,Budget2025,v1,FDeluxeAPACTour OperatorCD04280327Budget2025v1,FDeluxeAPACTour OperatorCD04280327,Tue Jun 03 2025 08:50:38 GMT+0100 (British Summer Time),Fri Dec 31 9999 00:00:00 GMT+0000 (Greenwich Mean Time),1
G,7,Desert Days,Inside,DAC,DMC,GERMANY,ROW,Mon Jan 03 2028 00:00:00 GMT+0000 (Greenwich Mean Time),CJ07280312,12/03/2028,0,0,EUR,1,167,167,0,0,13,0,2027,Budget2025,v1,GInsideDACDMCCJ07280312Budget2025v1,GInsideDACDMCCJ07280312,Tue Jun 03 2025 08:50:38 GMT+0100 (British Summer Time),Fri Dec 31 9999 00:00:00 GMT+0000 (Greenwich Mean Time),1
G,4,Iconic Aegean,Deluxe,SIP,DMC,SIP,SIP,Mon Jan 03 2028 00:00:00 GMT+0000 (Greenwich Mean Time),CD04280327,27/03/2028,0,0,EUR,1,207,207,0,0,18,0,2027,Budget2025,v1,GDeluxeSIPDMCCD04280327Budget2025v1,GDeluxeSIPDMCCD04280327,Tue Jun 03 2025 08:50:38 GMT+0100 (British Summer Time),Fri Dec 31 9999 00:00:00 GMT+0000 (Greenwich Mean Time),1
F,14,Positioning Journey,Deluxe,LAT,Travel Agency,LATAM,LATAM,Mon Jan 03 2028 00:00:00 GMT+0000 (Greenwich Mean Time),CJ14280319,19/03/2028,0,0,USD,0,105,96,0,0,6,0,2027,Budget2025,v1,FDeluxeLATTravel AgencyCJ14280319Budget2025v1,FDeluxeLATTravel AgencyCJ14280319,Tue Jun 03 2025 08:50:38 GMT+0100 (British Summer Time),Fri Dec 31 9999 00:00:00 GMT+0000 (Greenwich Mean Time),1
G,14,Positioning Journey,Outside,EAS,Direct,EU,ROW,Mon Jan 03 2028 00:00:00 GMT+0000 (Greenwich Mean Time),CJ14280319,19/03/2028,0,0,EUR,1,97,97,0,0,13,0,2027,Budget2025,v1,GOutsideEASDirectCJ14280319Budget2025v1,GOutsideEASDirectCJ14280319,Tue Jun 03 2025 08:50:38 GMT+0100 (British Summer Time),Fri Dec 31 9999 00:00:00 GMT+0000 (Greenwich Mean Time),1
G,3,Iconic Aegean,Inside,IND,Travel Agency,AWAY,Away Markets,Mon Jan 03 2028 00:00:00 GMT+0000 (Greenwich Mean Time),CD03280317,17/03/2028,0,0,USD,0,0,0,0,0,0,0,2027,Budget2025,v1,GInsideINDTravel AgencyCD03280317Budget2025v1,GInsideINDTravel AgencyCD03280317,Tue Jun 03 2025 08:50:38 GMT+0100 (British Summer Time),Fri Dec 31 9999 00:00:00 GMT+0000 (Greenwich Mean Time),1
G,7,Desert Days,Deluxe,TUR,DMC,HOME,Home Markets,Mon Jan 03 2028 00:00:00 GMT+0000 (Greenwich Mean Time),CJ07280312,12/03/2028,0,0,EUR,1,167,167,0,0,0,0,2027,Budget2025,v1,GDeluxeTURDMCCJ07280312Budget2025v1,GDeluxeTURDMCCJ07280312,Tue Jun 03 2025 08:50:38 GMT+0100 (British Summer Time),Fri Dec 31 9999 00:00:00 GMT+0000 (Greenwich Mean Time),1
G,7,Desert Days,Deluxe,CYP,Tour Operator,HOME,Home Markets,Mon Jan 03 2028 00:00:00 GMT+0000 (Greenwich Mean Time),CJ07280312,12/03/2028,0,0,EUR,1,167,167,0,0,0,0,2027,Budget2025,v1,GDeluxeCYPTour OperatorCJ07280312Budget2025v1,GDeluxeCYPTour OperatorCJ07280312,Tue Jun 03 2025 08:50:38 GMT+0100 (British Summer Time),Fri Dec 31 9999 00:00:00 GMT+0000 (Greenwich Mean Time),1
G,7,Desert Days,Deluxe,IND,Travel Agency,AWAY,Away Markets,Mon Jan 03 2028 00:00:00 GMT+0000 (Greenwich Mean Time),CJ07280312,12/03/2028,0,0,USD,0,182,166,0,0,0,0,2027,Budget2025,v1,GDeluxeINDTravel AgencyCJ07280312Budget2025v1,GDeluxeINDTravel AgencyCJ07280312,Tue Jun 03 2025 08:50:38 GMT+0100 (British Summer Time),Fri Dec 31 9999 00:00:00 GMT+0000 (Greenwich Mean Time),1
F,3,Iconic Aegean,Outside,APAC,Tour Operator,APAC,ROW,Mon Jan 03 2028 00:00:00 GMT+0000 (Greenwich Mean Time),CD03280317,17/03/2028,0,0,USD,0,169,154,0,0,23,0,2027,Budget2025,v1,FOutsideAPACTour OperatorCD03280317Budget2025v1,FOutsideAPACTour OperatorCD03280317,Tue Jun 03 2025 08:50:38 GMT+0100 (British Summer Time),Fri Dec 31 9999 00:00:00 GMT+0000 (Greenwich Mean Time),1
F,3,Iconic Aegean,Outside,USA,Travel Agency,NORAM,USA,Mon Jan 03 2028 00:00:00 GMT+0000 (Greenwich Mean Time),CD03280324,24/03/2028,16,49,USD,0,158,143,7824,7113,41,2060,2027,Budget2025,v1,FOutsideUSATravel AgencyCD03280324Budget2025v1,FOutsideUSATravel AgencyCD03280324,Tue Jun 03 2025 08:50:38 GMT+0100 (British Summer Time),Fri Dec 31 9999 00:00:00 GMT+0000 (Greenwich Mean Time),1
F,4,Iconic Aegean,Outside,EAS,DMC,EU,ROW,Mon Jan 03 2028 00:00:00 GMT+0000 (Greenwich Mean Time),CD04280327,27/03/2028,0,0,EUR,1,0,0,0,0,0,0,2027,Budget2025,v1,FOutsideEASDMCCD04280327Budget2025v1,FOutsideEASDMCCD04280327,Tue Jun 03 2025 08:50:38 GMT+0100 (British Summer Time),Fri Dec 31 9999 00:00:00 GMT+0000 (Greenwich Mean Time),1
G,7,Desert Days,Inside,MID,DMC,AWAY,Away Markets,Mon Jan 03 2028 00:00:00 GMT+0000 (Greenwich Mean Time),CJ07280312,12/03/2028,0,0,USD,0,182,166,0,0,33,0,2027,Budget2025,v1,GInsideMIDDMCCJ07280312Budget2025v1,GInsideMIDDMCCJ07280312,Tue Jun 03 2025 08:50:38 GMT+0100 (British Summer Time),Fri Dec 31 9999 00:00:00 GMT+0000 (Greenwich Mean Time),1
G,3,Iconic Aegean,Deluxe,AUS,DMC,AUNZ,AUS,Mon Jan 03 2028 00:00:00 GMT+0000 (Greenwich Mean Time),CD03280324,24/03/2028,0,0,AUD,0,0,0,0,0,39,0,2027,Budget2025,v1,GDeluxeAUSDMCCD03280324Budget2025v1,GDeluxeAUSDMCCD03280324,Tue Jun 03 2025 08:50:38 GMT+0100 (British Summer Time),Fri Dec 31 9999 00:00:00 GMT+0000 (Greenwich Mean Time),1
G,4,Iconic Aegean,Deluxe,SCN,Direct,EU,ROW,Mon Jan 03 2028 00:00:00 GMT+0000 (Greenwich Mean Time),CD04280327,27/03/2028,0,0,EUR,1,390,390,0,0,21,0,2027,Budget2025,v1,GDeluxeSCNDirectCD04280327Budget2025v1,GDeluxeSCNDirectCD04280327,Tue Jun 03 2025 08:50:38 GMT+0100 (British Summer Time),Fri Dec 31 9999 00:00:00 GMT+0000 (Greenwich Mean Time),1
F,3,Iconic Aegean,Inside,CAN,DMC,NORAM,USA,Mon Jan 03 2028 00:00:00 GMT+0000 (Greenwich Mean Time),CD03280324,24/03/2028,0,0,USD,0,138,126,0,0,88,0,2027,Budget2025,v1,FInsideCANDMCCD03280324Budget2025v1,FInsideCANDMCCD03280324,Tue Jun 03 2025 08:50:38 GMT+0100 (British Summer Time),Fri Dec 31 9999 00:00:00 GMT+0000 (Greenwich Mean Time),1
G,14,Positioning Journey,Deluxe,TUR,Direct,HOME,Home Markets,Mon Jan 03 2028 00:00:00 GMT+0000 (Greenwich Mean Time),CJ14280319,19/03/2028,0,0,EUR,1,97,97,0,0,0,0,2027,Budget2025,v1,GDeluxeTURDirectCJ14280319Budget2025v1,GDeluxeTURDirectCJ14280319,Tue Jun 03 2025 08:50:38 GMT+0100 (British Summer Time),Fri Dec 31 9999 00:00:00 GMT+0000 (Greenwich Mean Time),1
F,7,Desert Days,Outside,BRI,Direct,UKIE,UKIE,Mon Jan 03 2028 00:00:00 GMT+0000 (Greenwich Mean Time),CJ07280305,05/03/2028,36,255,GBP,1,142,167,36429,42857,29,7603,2027,Budget2025,v1,FOutsideBRIDirectCJ07280305Budget2025v1,FOutsideBRIDirectCJ07280305,Tue Jun 03 2025 08:50:38 GMT+0100 (British Summer Time),Fri Dec 31 9999 00:00:00 GMT+0000 (Greenwich Mean Time),1
F,4,Iconic Aegean,Outside,MID,DMC,AWAY,Away Markets,Mon Jan 03 2028 00:00:00 GMT+0000 (Greenwich Mean Time),CD04280320,20/03/2028,0,0,USD,0,0,0,0,0,0,0,2027,Budget2025,v1,FOutsideMIDDMCCD04280320Budget2025v1,FOutsideMIDDMCCD04280320,Tue Jun 03 2025 08:50:38 GMT+0100 (British Summer Time),Fri Dec 31 9999 00:00:00 GMT+0000 (Greenwich Mean Time),1
G,7,Desert Days,Outside,LAT,Direct,LATAM,LATAM,Mon Jan 03 2028 00:00:00 GMT+0000 (Greenwich Mean Time),CJ07280312,12/03/2028,0,0,USD,0,182,166,0,0,17,0,2027,Budget2025,v1,GOutsideLATDirectCJ07280312Budget2025v1,GOutsideLATDirectCJ07280312,Tue Jun 03 2025 08:50:38 GMT+0100 (British Summer Time),Fri Dec 31 9999 00:00:00 GMT+0000 (Greenwich Mean Time),1
F,7,Desert Days,Outside,CYP,DMC,HOME,Home Markets,Mon Jan 03 2028 00:00:00 GMT+0000 (Greenwich Mean Time),CJ07280312,12/03/2028,0,0,EUR,1,167,167,0,0,0,0,2027,Budget2025,v1,FOutsideCYPDMCCJ07280312Budget2025v1,FOutsideCYPDMCCJ07280312,Tue Jun 03 2025 08:50:38 GMT+0100 (British Summer Time),Fri Dec 31 9999 00:00:00 GMT+0000 (Greenwich Mean Time),1
G,3,Iconic Aegean,Deluxe,APAC,Direct,APAC,ROW,Mon Jan 03 2028 00:00:00 GMT+0000 (Greenwich Mean Time),CD03280317,17/03/2028,0,0,USD,0,0,0,0,0,0,0,2027,Budget2025,v1,GDeluxeAPACDirectCD03280317Budget2025v1,GDeluxeAPACDirectCD03280317,Tue Jun 03 2025 08:50:38 GMT+0100 (British Summer Time),Fri Dec 31 9999 00:00:00 GMT+0000 (Greenwich Mean Time),1
F,7,Desert Days,Inside,EAS,DMC,EU,ROW,Mon Jan 03 2028 00:00:00 GMT+0000 (Greenwich Mean Time),CJ07280305,05/03/2028,0,0,EUR,1,167,167,0,0,0,0,2027,Budget2025,v1,FInsideEASDMCCJ07280305Budget2025v1,FInsideEASDMCCJ07280305,Tue Jun 03 2025 08:50:38 GMT+0100 (British Summer Time),Fri Dec 31 9999 00:00:00 GMT+0000 (Greenwich Mean Time),1
G,3,Iconic Aegean,Outside,NTH,Travel Agency,EU,ROW,Mon Jan 03 2028 00:00:00 GMT+0000 (Greenwich Mean Time),CD03280324,24/03/2028,0,0,EUR,1,147,147,0,0,91,0,2027,Budget2025,v1,GOutsideNTHTravel AgencyCD03280324Budget2025v1,GOutsideNTHTravel AgencyCD03280324,Tue Jun 03 2025 08:50:38 GMT+0100 (British Summer Time),Fri Dec 31 9999 00:00:00 GMT+0000 (Greenwich Mean Time),1
F,14,Positioning Journey,Outside,DAC,Direct,GERMANY,ROW,Mon Jan 03 2028 00:00:00 GMT+0000 (Greenwich Mean Time),CJ14280319,19/03/2028,0,0,EUR,1,97,97,0,0,24,0,2027,Budget2025,v1,FOutsideDACDirectCJ14280319Budget2025v1,FOutsideDACDirectCJ14280319,Tue Jun 03 2025 08:50:38 GMT+0100 (British Summer Time),Fri Dec 31 9999 00:00:00 GMT+0000 (Greenwich Mean Time),1
F,4,Iconic Aegean,Inside,FRA,Direct,FRANCE,FRANCE,Mon Jan 03 2028 00:00:00 GMT+0000 (Greenwich Mean Time),CD04280327,27/03/2028,0,0,EUR,1,0,0,0,0,25,0,2027,Budget2025,v1,FInsideFRADirectCD04280327Budget2025v1,FInsideFRADirectCD04280327,Tue Jun 03 2025 08:50:38 GMT+0100 (British Summer Time),Fri Dec 31 9999 00:00:00 GMT+0000 (Greenwich Mean Time),1
F,3,Iconic Aegean,Inside,CYP,Travel Agency,HOME,Home Markets,Mon Jan 03 2028 00:00:00 GMT+0000 (Greenwich Mean Time),CD03280324,24/03/2028,1,3,EUR,1,102,102,307,307,2,7,2027,Budget2025,v1,FInsideCYPTravel AgencyCD03280324Budget2025v1,FInsideCYPTravel AgencyCD03280324,Tue Jun 03 2025 08:50:38 GMT+0100 (British Summer Time),Fri Dec 31 9999 00:00:00 GMT+0000 (Greenwich Mean Time),1
G,14,Positioning Journey,Outside,SCN,Tour Operator,EU,ROW,Mon Jan 03 2028 00:00:00 GMT+0000 (Greenwich Mean Time),CJ14280319,19/03/2028,0,0,EUR,1,97,97,0,0,0,0,2027,Budget2025,v1,GOutsideSCNTour OperatorCJ14280319Budget2025v1,GOutsideSCNTour OperatorCJ14280319,Tue Jun 03 2025 08:50:38 GMT+0100 (British Summer Time),Fri Dec 31 9999 00:00:00 GMT+0000 (Greenwich Mean Time),1
F,7,Desert Days,Outside,JPN,Direct,APAC,ROW,Mon Jan 03 2028 00:00:00 GMT+0000 (Greenwich Mean Time),CJ07280312,12/03/2028,0,0,USD,0,182,166,0,0,0,0,2027,Budget2025,v1,FOutsideJPNDirectCJ07280312Budget2025v1,FOutsideJPNDirectCJ07280312,Tue Jun 03 2025 08:50:38 GMT+0100 (British Summer Time),Fri Dec 31 9999 00:00:00 GMT+0000 (Greenwich Mean Time),1
F,7,Desert Days,Deluxe,TUR,Direct,HOME,Home Markets,Mon Jan 03 2028 00:00:00 GMT+0000 (Greenwich Mean Time),CJ07280312,12/03/2028,0,0,EUR,1,167,167,0,0,0,0,2027,Budget2025,v1,FDeluxeTURDirectCJ07280312Budget2025v1,FDeluxeTURDirectCJ07280312,Tue Jun 03 2025 08:50:38 GMT+0100 (British Summer Time),Fri Dec 31 9999 00:00:00 GMT+0000 (Greenwich Mean Time),1
F,3,Iconic Aegean,Outside,LAT,Tour Operator,LATAM,LATAM,Mon Jan 03 2028 00:00:00 GMT+0000 (Greenwich Mean Time),CD03280324,24/03/2028,41,123,USD,0,200,182,24713,22467,8,1045,2027,Budget2025,v1,FOutsideLATTour OperatorCD03280324Budget2025v1,FOutsideLATTour OperatorCD03280324,Tue Jun 03 2025 08:50:38 GMT+0100 (British Summer Time),Fri Dec 31 9999 00:00:00 GMT+0000 (Greenwich Mean Time),1
G,14,Positioning Journey,Outside,MID,Direct,AWAY,Away Markets,Mon Jan 03 2028 00:00:00 GMT+0000 (Greenwich Mean Time),CJ14280319,19/03/2028,0,0,USD,0,105,96,0,0,0,0,2027,Budget2025,v1,GOutsideMIDDirectCJ14280319Budget2025v1,GOutsideMIDDirectCJ14280319,Tue Jun 03 2025 08:50:38 GMT+0100 (British Summer Time),Fri Dec 31 9999 00:00:00 GMT+0000 (Greenwich Mean Time),1
F,14,Positioning Journey,Inside,EAS,DMC,EU,ROW,Mon Jan 03 2028 00:00:00 GMT+0000 (Greenwich Mean Time),CJ14280319,19/03/2028,0,0,EUR,1,97,97,0,0,0,0,2027,Budget2025,v1,FInsideEASDMCCJ14280319Budget2025v1,FInsideEASDMCCJ14280319,Tue Jun 03 2025 08:50:38 GMT+0100 (British Summer Time),Fri Dec 31 9999 00:00:00 GMT+0000 (Greenwich Mean Time),1
F,4,Iconic Aegean,Deluxe,SCN,Tour Operator,EU,ROW,Mon Jan 03 2028 00:00:00 GMT+0000 (Greenwich Mean Time),CD04280327,27/03/2028,0,0,EUR,1,0,0,0,0,0,0,2027,Budget2025,v1,FDeluxeSCNTour OperatorCD04280327Budget2025v1,FDeluxeSCNTour OperatorCD04280327,Tue Jun 03 2025 08:50:38 GMT+0100 (British Summer Time),Fri Dec 31 9999 00:00:00 GMT+0000 (Greenwich Mean Time),1
F,3,Iconic Aegean,Inside,BLX,DMC,EU,ROW,Mon Jan 03 2028 00:00:00 GMT+0000 (Greenwich Mean Time),CD03280317,17/03/2028,0,0,EUR,1,0,0,0,0,0,0,2027,Budget2025,v1,FInsideBLXDMCCD03280317Budget2025v1,FInsideBLXDMCCD03280317,Tue Jun 03 2025 08:50:38 GMT+0100 (British Summer Time),Fri Dec 31 9999 00:00:00 GMT+0000 (Greenwich Mean Time),1
G,7,Desert Days,Outside,AUS,Tour Operator,AUNZ,AUS,Mon Jan 03 2028 00:00:00 GMT+0000 (Greenwich Mean Time),CJ07280312,12/03/2028,0,0,AUD,0,278,167,0,0,34,0,2027,Budget2025,v1,GOutsideAUSTour OperatorCJ07280312Budget2025v1,GOutsideAUSTour OperatorCJ07280312,Tue Jun 03 2025 08:50:38 GMT+0100 (British Summer Time),Fri Dec 31 9999 00:00:00 GMT+0000 (Greenwich Mean Time),1
F,7,Desert Days,Inside,CHI,Tour Operator,APAC,ROW,Mon Jan 03 2028 00:00:00 GMT+0000 (Greenwich Mean Time),CJ07280312,12/03/2028,0,0,USD,0,182,166,0,0,41,0,2027,Budget2025,v1,FInsideCHITour OperatorCJ07280312Budget2025v1,FInsideCHITour OperatorCJ07280312,Tue Jun 03 2025 08:50:38 GMT+0100 (British Summer Time),Fri Dec 31 9999 00:00:00 GMT+0000 (Greenwich Mean Time),1
F,7,Desert Days,Deluxe,AFR,DMC,ROW,ROW,Mon Jan 03 2028 00:00:00 GMT+0000 (Greenwich Mean Time),CJ07280312,12/03/2028,0,0,USD,0,182,166,0,0,0,0,2027,Budget2025,v1,FDeluxeAFRDMCCJ07280312Budget2025v1,FDeluxeAFRDMCCJ07280312,Tue Jun 03 2025 08:50:38 GMT+0100 (British Summer Time),Fri Dec 31 9999 00:00:00 GMT+0000 (Greenwich Mean Time),1
F,3,Iconic Aegean,Deluxe,NTH,Travel Agency,EU,ROW,Mon Jan 03 2028 00:00:00 GMT+0000 (Greenwich Mean Time),CD03280317,17/03/2028,0,0,EUR,1,0,0,0,0,91,0,2027,Budget2025,v1,FDeluxeNTHTravel AgencyCD03280317Budget2025v1,FDeluxeNTHTravel AgencyCD03280317,Tue Jun 03 2025 08:50:38 GMT+0100 (British Summer Time),Fri Dec 31 9999 00:00:00 GMT+0000 (Greenwich Mean Time),1
G,4,Iconic Aegean,Inside,FRA,Travel Agency,FRANCE,FRANCE,Mon Jan 03 2028 00:00:00 GMT+0000 (Greenwich Mean Time),CD04280327,27/03/2028,0,0,EUR,1,120,120,0,0,26,0,2027,Budget2025,v1,GInsideFRATravel AgencyCD04280327Budget2025v1,GInsideFRATravel AgencyCD04280327,Tue Jun 03 2025 08:50:38 GMT+0100 (British Summer Time),Fri Dec 31 9999 00:00:00 GMT+0000 (Greenwich Mean Time),1
F,7,Desert Days,Deluxe,NZE,Direct,AUNZ,AUS,Mon Jan 03 2028 00:00:00 GMT+0000 (Greenwich Mean Time),CJ07280312,12/03/2028,0,0,AUD,0,278,167,0,0,0,0,2027,Budget2025,v1,FDeluxeNZEDirectCJ07280312Budget2025v1,FDeluxeNZEDirectCJ07280312,Tue Jun 03 2025 08:50:38 GMT+0100 (British Summer Time),Fri Dec 31 9999 00:00:00 GMT+0000 (Greenwich Mean Time),1
G,3,Iconic Aegean,Outside,RUS,Travel Agency,ROW,ROW,Mon Jan 03 2028 00:00:00 GMT+0000 (Greenwich Mean Time),CD03280317,17/03/2028,0,0,EUR,1,140,140,0,0,1,0,2027,Budget2025,v1,GOutsideRUSTravel AgencyCD03280317Budget2025v1,GOutsideRUSTravel AgencyCD03280317,Tue Jun 03 2025 08:50:38 GMT+0100 (British Summer Time),Fri Dec 31 9999 00:00:00 GMT+0000 (Greenwich Mean Time),1
F,4,Iconic Aegean,Deluxe,BLK,Travel Agency,HOME,Home Markets,Mon Jan 03 2028 00:00:00 GMT+0000 (Greenwich Mean Time),CD04280327,27/03/2028,0,0,EUR,1,0,0,0,0,6,0,2027,Budget2025,v1,FDeluxeBLKTravel AgencyCD04280327Budget2025v1,FDeluxeBLKTravel AgencyCD04280327,Tue Jun 03 2025 08:50:38 GMT+0100 (British Summer Time),Fri Dec 31 9999 00:00:00 GMT+0000 (Greenwich Mean Time),1
F,14,Positioning Journey,Inside,FRA,DMC,FRANCE,FRANCE,Mon Jan 03 2028 00:00:00 GMT+0000 (Greenwich Mean Time),CJ14280319,19/03/2028,0,0,EUR,1,97,97,0,0,0,0,2027,Budget2025,v1,FInsideFRADMCCJ14280319Budget2025v1,FInsideFRADMCCJ14280319,Tue Jun 03 2025 08:50:38 GMT+0100 (British Summer Time),Fri Dec 31 9999 00:00:00 GMT+0000 (Greenwich Mean Time),1
F,4,Iconic Aegean,Outside,TUR,DMC,HOME,Home Markets,Mon Jan 03 2028 00:00:00 GMT+0000 (Greenwich Mean Time),CD04280320,20/03/2028,0,0,EUR,1,0,0,0,0,0,0,2027,Budget2025,v1,FOutsideTURDMCCD04280320Budget2025v1,FOutsideTURDMCCD04280320,Tue Jun 03 2025 08:50:38 GMT+0100 (British Summer Time),Fri Dec 31 9999 00:00:00 GMT+0000 (Greenwich Mean Time),1
G,3,Iconic Aegean,Deluxe,TUR,Direct,HOME,Home Markets,Mon Jan 03 2028 00:00:00 GMT+0000 (Greenwich Mean Time),CD03280317,17/03/2028,0,0,EUR,1,86,86,0,0,0,0,2027,Budget2025,v1,GDeluxeTURDirectCD03280317Budget2025v1,GDeluxeTURDirectCD03280317,Tue Jun 03 2025 08:50:38 GMT+0100 (British Summer Time),Fri Dec 31 9999 00:00:00 GMT+0000 (Greenwich Mean Time),1
G,14,Positioning Journey,Deluxe,EAS,Direct,EU,ROW,Mon Jan 03 2028 00:00:00 GMT+0000 (Greenwich Mean Time),CJ14280319,19/03/2028,0,0,EUR,1,97,97,0,0,13,0,2027,Budget2025,v1,GDeluxeEASDirectCJ14280319Budget2025v1,GDeluxeEASDirectCJ14280319,Tue Jun 03 2025 08:50:38 GMT+0100 (British Summer Time),Fri Dec 31 9999 00:00:00 GMT+0000 (Greenwich Mean Time),1
G,7,Desert Days,Deluxe,SCN,Direct,EU,ROW,Mon Jan 03 2028 00:00:00 GMT+0000 (Greenwich Mean Time),CJ07280305,05/03/2028,0,0,EUR,1,167,167,0,0,10,0,2027,Budget2025,v1,GDeluxeSCNDirectCJ07280305Budget2025v1,GDeluxeSCNDirectCJ07280305,Tue Jun 03 2025 08:50:38 GMT+0100 (British Summer Time),Fri Dec 31 9999 00:00:00 GMT+0000 (Greenwich Mean Time),1
G,4,Iconic Aegean,Deluxe,NTH,DMC,EU,ROW,Mon Jan 03 2028 00:00:00 GMT+0000 (Greenwich Mean Time),CD04280320,20/03/2028,0,0,EUR,1,0,0,0,0,0,0,2027,Budget2025,v1,GDeluxeNTHDMCCD04280320Budget2025v1,GDeluxeNTHDMCCD04280320,Tue Jun 03 2025 08:50:38 GMT+0100 (British Summer Time),Fri Dec 31 9999 00:00:00 GMT+0000 (Greenwich Mean Time),1
G,7,Desert Days,Deluxe,EAS,DMC,EU,ROW,Mon Jan 03 2028 00:00:00 GMT+0000 (Greenwich Mean Time),CJ07280305,05/03/2028,0,0,EUR,1,167,167,0,0,0,0,2027,Budget2025,v1,GDeluxeEASDMCCJ07280305Budget2025v1,GDeluxeEASDMCCJ07280305,Tue Jun 03 2025 08:50:38 GMT+0100 (British Summer Time),Fri Dec 31 9999 00:00:00 GMT+0000 (Greenwich Mean Time),1
G,3,Iconic Aegean,Inside,GRC,Direct,HOME,Home Markets,Mon Jan 03 2028 00:00:00 GMT+0000 (Greenwich Mean Time),CD03280324,24/03/2028,0,0,EUR,1,110,110,0,0,7,0,2027,Budget2025,v1,GInsideGRCDirectCD03280324Budget2025v1,GInsideGRCDirectCD03280324,Tue Jun 03 2025 08:50:38 GMT+0100 (British Summer Time),Fri Dec 31 9999 00:00:00 GMT+0000 (Greenwich Mean Time),1
F,4,Iconic Aegean,Inside,AUS,DMC,AUNZ,AUS,Mon Jan 03 2028 00:00:00 GMT+0000 (Greenwich Mean Time),CD04280320,20/03/2028,0,0,AUD,0,0,0,0,0,11,0,2027,Budget2025,v1,FInsideAUSDMCCD04280320Budget2025v1,FInsideAUSDMCCD04280320,Tue Jun 03 2025 08:50:38 GMT+0100 (British Summer Time),Fri Dec 31 9999 00:00:00 GMT+0000 (Greenwich Mean Time),1
F,3,Iconic Aegean,Deluxe,EAS,DMC,EU,ROW,Mon Jan 03 2028 00:00:00 GMT+0000 (Greenwich Mean Time),CD03280324,24/03/2028,0,0,EUR,1,0,0,0,0,31,0,2027,Budget2025,v1,FDeluxeEASDMCCD03280324Budget2025v1,FDeluxeEASDMCCD03280324,Tue Jun 03 2025 08:50:38 GMT+0100 (British Summer Time),Fri Dec 31 9999 00:00:00 GMT+0000 (Greenwich Mean Time),1
G,14,Positioning Journey,Inside,DAC,Direct,GERMANY,ROW,Mon Jan 03 2028 00:00:00 GMT+0000 (Greenwich Mean Time),CJ14280319,19/03/2028,0,0,EUR,1,97,97,0,0,24,0,2027,Budget2025,v1,GInsideDACDirectCJ14280319Budget2025v1,GInsideDACDirectCJ14280319,Tue Jun 03 2025 08:50:38 GMT+0100 (British Summer Time),Fri Dec 31 9999 00:00:00 GMT+0000 (Greenwich Mean Time),1
G,7,Desert Days,Deluxe,JPN,Travel Agency,APAC,ROW,Mon Jan 03 2028 00:00:00 GMT+0000 (Greenwich Mean Time),CJ07280305,05/03/2028,0,0,USD,0,182,166,0,0,16,0,2027,Budget2025,v1,GDeluxeJPNTravel AgencyCJ07280305Budget2025v1,GDeluxeJPNTravel AgencyCJ07280305,Tue Jun 03 2025 08:50:38 GMT+0100 (British Summer Time),Fri Dec 31 9999 00:00:00 GMT+0000 (Greenwich Mean Time),1
G,3,Iconic Aegean,Inside,BLK,DMC,HOME,Home Markets,Mon Jan 03 2028 00:00:00 GMT+0000 (Greenwich Mean Time),CD03280317,17/03/2028,0,0,EUR,1,108,108,0,0,0,0,2027,Budget2025,v1,GInsideBLKDMCCD03280317Budget2025v1,GInsideBLKDMCCD03280317,Tue Jun 03 2025 08:50:38 GMT+0100 (British Summer Time),Fri Dec 31 9999 00:00:00 GMT+0000 (Greenwich Mean Time),1
F,7,Desert Days,Inside,IND,Tour Operator,AWAY,Away Markets,Mon Jan 03 2028 00:00:00 GMT+0000 (Greenwich Mean Time),CJ07280305,05/03/2028,1,7,USD,0,182,166,1279,1163,42,299,2027,Budget2025,v1,FInsideINDTour OperatorCJ07280305Budget2025v1,FInsideINDTour OperatorCJ07280305,Tue Jun 03 2025 08:50:38 GMT+0100 (British Summer Time),Fri Dec 31 9999 00:00:00 GMT+0000 (Greenwich Mean Time),1
G,4,Iconic Aegean,Inside,AFR,Tour Operator,ROW,ROW,Mon Jan 03 2028 00:00:00 GMT+0000 (Greenwich Mean Time),CD04280327,27/03/2028,0,0,USD,0,120,109,0,0,0,0,2027,Budget2025,v1,GInsideAFRTour OperatorCD04280327Budget2025v1,GInsideAFRTour OperatorCD04280327,Tue Jun 03 2025 08:50:38 GMT+0100 (British Summer Time),Fri Dec 31 9999 00:00:00 GMT+0000 (Greenwich Mean Time),1
F,4,Iconic Aegean,Outside,SIP,Direct,SIP,SIP,Mon Jan 03 2028 00:00:00 GMT+0000 (Greenwich Mean Time),CD04280327,27/03/2028,32,128,EUR,1,143,143,18406,18406,31,4052,2027,Budget2025,v1,FOutsideSIPDirectCD04280327Budget2025v1,FOutsideSIPDirectCD04280327,Tue Jun 03 2025 08:50:38 GMT+0100 (British Summer Time),Fri Dec 31 9999 00:00:00 GMT+0000 (Greenwich Mean Time),1
G,4,Iconic Aegean,Deluxe,CAN,Direct,NORAM,USA,Mon Jan 03 2028 00:00:00 GMT+0000 (Greenwich Mean Time),CD04280320,20/03/2028,0,0,USD,0,308,280,0,0,41,0,2027,Budget2025,v1,GDeluxeCANDirectCD04280320Budget2025v1,GDeluxeCANDirectCD04280320,Tue Jun 03 2025 08:50:38 GMT+0100 (British Summer Time),Fri Dec 31 9999 00:00:00 GMT+0000 (Greenwich Mean Time),1
G,3,Iconic Aegean,Deluxe,SIP,DMC,SIP,SIP,Mon Jan 03 2028 00:00:00 GMT+0000 (Greenwich Mean Time),CD03280324,24/03/2028,1,4,EUR,1,207,207,933,933,39,179,2027,Budget2025,v1,GDeluxeSIPDMCCD03280324Budget2025v1,GDeluxeSIPDMCCD03280324,Tue Jun 03 2025 08:50:38 GMT+0100 (British Summer Time),Fri Dec 31 9999 00:00:00 GMT+0000 (Greenwich Mean Time),1
G,3,Iconic Aegean,Deluxe,CAN,Direct,NORAM,USA,Mon Jan 03 2028 00:00:00 GMT+0000 (Greenwich Mean Time),CD03280317,17/03/2028,0,0,USD,0,308,280,0,0,9,0,2027,Budget2025,v1,GDeluxeCANDirectCD03280317Budget2025v1,GDeluxeCANDirectCD03280317,Tue Jun 03 2025 08:50:38 GMT+0100 (British Summer Time),Fri Dec 31 9999 00:00:00 GMT+0000 (Greenwich Mean Time),1
G,7,Desert Days,Deluxe,AFR,Tour Operator,ROW,ROW,Mon Jan 03 2028 00:00:00 GMT+0000 (Greenwich Mean Time),CJ07280312,12/03/2028,0,0,USD,0,182,166,0,0,0,0,2027,Budget2025,v1,GDeluxeAFRTour OperatorCJ07280312Budget2025v1,GDeluxeAFRTour OperatorCJ07280312,Tue Jun 03 2025 08:50:38 GMT+0100 (British Summer Time),Fri Dec 31 9999 00:00:00 GMT+0000 (Greenwich Mean Time),1
G,3,Iconic Aegean,Deluxe,EAS,Travel Agency,EU,ROW,Mon Jan 03 2028 00:00:00 GMT+0000 (Greenwich Mean Time),CD03280324,24/03/2028,0,0,EUR,1,0,0,0,0,33,0,2027,Budget2025,v1,GDeluxeEASTravel AgencyCD03280324Budget2025v1,GDeluxeEASTravel AgencyCD03280324,Tue Jun 03 2025 08:50:38 GMT+0100 (British Summer Time),Fri Dec 31 9999 00:00:00 GMT+0000 (Greenwich Mean Time),1
F,14,Positioning Journey,Inside,BLX,Tour Operator,EU,ROW,Mon Jan 03 2028 00:00:00 GMT+0000 (Greenwich Mean Time),CJ14280319,19/03/2028,0,0,EUR,1,97,97,0,0,0,0,2027,Budget2025,v1,FInsideBLXTour OperatorCJ14280319Budget2025v1,FInsideBLXTour OperatorCJ14280319,Tue Jun 03 2025 08:50:38 GMT+0100 (British Summer Time),Fri Dec 31 9999 00:00:00 GMT+0000 (Greenwich Mean Time),1
G,4,Iconic Aegean,Inside,CYP,Tour Operator,HOME,Home Markets,Mon Jan 03 2028 00:00:00 GMT+0000 (Greenwich Mean Time),CD04280327,27/03/2028,0,0,EUR,1,124,124,0,0,0,0,2027,Budget2025,v1,GInsideCYPTour OperatorCD04280327Budget2025v1,GInsideCYPTour OperatorCD04280327,Tue Jun 03 2025 08:50:38 GMT+0100 (British Summer Time),Fri Dec 31 9999 00:00:00 GMT+0000 (Greenwich Mean Time),1
F,4,Iconic Aegean,Outside,CAN,Direct,NORAM,USA,Mon Jan 03 2028 00:00:00 GMT+0000 (Greenwich Mean Time),CD04280327,27/03/2028,0,0,USD,0,179,163,0,0,41,0,2027,Budget2025,v1,FOutsideCANDirectCD04280327Budget2025v1,FOutsideCANDirectCD04280327,Tue Jun 03 2025 08:50:38 GMT+0100 (British Summer Time),Fri Dec 31 9999 00:00:00 GMT+0000 (Greenwich Mean Time),1
F,3,Iconic Aegean,Outside,CYP,DMC,HOME,Home Markets,Mon Jan 03 2028 00:00:00 GMT+0000 (Greenwich Mean Time),CD03280317,17/03/2028,0,0,EUR,1,0,0,0,0,0,0,2027,Budget2025,v1,FOutsideCYPDMCCD03280317Budget2025v1,FOutsideCYPDMCCD03280317,Tue Jun 03 2025 08:50:38 GMT+0100 (British Summer Time),Fri Dec 31 9999 00:00:00 GMT+0000 (Greenwich Mean Time),1
F,14,Positioning Journey,Outside,AFR,Tour Operator,ROW,ROW,Mon Jan 03 2028 00:00:00 GMT+0000 (Greenwich Mean Time),CJ14280319,19/03/2028,0,0,USD,0,105,96,0,0,0,0,2027,Budget2025,v1,FOutsideAFRTour OperatorCJ14280319Budget2025v1,FOutsideAFRTour OperatorCJ14280319,Tue Jun 03 2025 08:50:38 GMT+0100 (British Summer Time),Fri Dec 31 9999 00:00:00 GMT+0000 (Greenwich Mean Time),1
F,4,Iconic Aegean,Outside,EAS,Direct,EU,ROW,Mon Jan 03 2028 00:00:00 GMT+0000 (Greenwich Mean Time),CD04280320,20/03/2028,11,46,EUR,1,164,164,7577,7577,27,1258,2027,Budget2025,v1,FOutsideEASDirectCD04280320Budget2025v1,FOutsideEASDirectCD04280320,Tue Jun 03 2025 08:50:38 GMT+0100 (British Summer Time),Fri Dec 31 9999 00:00:00 GMT+0000 (Greenwich Mean Time),1
F,7,Desert Days,Outside,NTH,Travel Agency,EU,ROW,Mon Jan 03 2028 00:00:00 GMT+0000 (Greenwich Mean Time),CJ07280312,12/03/2028,1,10,EUR,1,167,167,1761,1761,18,191,2027,Budget2025,v1,FOutsideNTHTravel AgencyCJ07280312Budget2025v1,FOutsideNTHTravel AgencyCJ07280312,Tue Jun 03 2025 08:50:38 GMT+0100 (British Summer Time),Fri Dec 31 9999 00:00:00 GMT+0000 (Greenwich Mean Time),1
F,7,Desert Days,Outside,EAS,Travel Agency,EU,ROW,Mon Jan 03 2028 00:00:00 GMT+0000 (Greenwich Mean Time),CJ07280305,05/03/2028,4,28,EUR,1,167,167,4696,4696,20,567,2027,Budget2025,v1,FOutsideEASTravel AgencyCJ07280305Budget2025v1,FOutsideEASTravel AgencyCJ07280305,Tue Jun 03 2025 08:50:38 GMT+0100 (British Summer Time),Fri Dec 31 9999 00:00:00 GMT+0000 (Greenwich Mean Time),1
F,4,Iconic Aegean,Deluxe,EAS,DMC,EU,ROW,Mon Jan 03 2028 00:00:00 GMT+0000 (Greenwich Mean Time),CD04280327,27/03/2028,0,0,EUR,1,0,0,0,0,0,0,2027,Budget2025,v1,FDeluxeEASDMCCD04280327Budget2025v1,FDeluxeEASDMCCD04280327,Tue Jun 03 2025 08:50:38 GMT+0100 (British Summer Time),Fri Dec 31 9999 00:00:00 GMT+0000 (Greenwich Mean Time),1
F,3,Iconic Aegean,Outside,CHI,Travel Agency,APAC,ROW,Mon Jan 03 2028 00:00:00 GMT+0000 (Greenwich Mean Time),CD03280324,24/03/2028,0,0,USD,0,170,155,0,0,65,0,2027,Budget2025,v1,FOutsideCHITravel AgencyCD03280324Budget2025v1,FOutsideCHITravel AgencyCD03280324,Tue Jun 03 2025 08:50:38 GMT+0100 (British Summer Time),Fri Dec 31 9999 00:00:00 GMT+0000 (Greenwich Mean Time),1
F,7,Desert Days,Inside,SCN,DMC,EU,ROW,Mon Jan 03 2028 00:00:00 GMT+0000 (Greenwich Mean Time),CJ07280305,05/03/2028,0,0,EUR,1,167,167,0,0,0,0,2027,Budget2025,v1,FInsideSCNDMCCJ07280305Budget2025v1,FInsideSCNDMCCJ07280305,Tue Jun 03 2025 08:50:38 GMT+0100 (British Summer Time),Fri Dec 31 9999 00:00:00 GMT+0000 (Greenwich Mean Time),1
F,3,Iconic Aegean,Outside,APAC,Direct,APAC,ROW,Mon Jan 03 2028 00:00:00 GMT+0000 (Greenwich Mean Time),CD03280317,17/03/2028,0,0,USD,0,0,0,0,0,0,0,2027,Budget2025,v1,FOutsideAPACDirectCD03280317Budget2025v1,FOutsideAPACDirectCD03280317,Tue Jun 03 2025 08:50:38 GMT+0100 (British Summer Time),Fri Dec 31 9999 00:00:00 GMT+0000 (Greenwich Mean Time),1
F,4,Iconic Aegean,Inside,AFR,Travel Agency,ROW,ROW,Mon Jan 03 2028 00:00:00 GMT+0000 (Greenwich Mean Time),CD04280320,20/03/2028,0,0,USD,0,116,106,0,0,28,0,2027,Budget2025,v1,FInsideAFRTravel AgencyCD04280320Budget2025v1,FInsideAFRTravel AgencyCD04280320,Tue Jun 03 2025 08:50:38 GMT+0100 (British Summer Time),Fri Dec 31 9999 00:00:00 GMT+0000 (Greenwich Mean Time),1
F,4,Iconic Aegean,Inside,CYP,Direct,HOME,Home Markets,Mon Jan 03 2028 00:00:00 GMT+0000 (Greenwich Mean Time),CD04280327,27/03/2028,0,0,EUR,1,109,109,0,0,10,0,2027,Budget2025,v1,FInsideCYPDirectCD04280327Budget2025v1,FInsideCYPDirectCD04280327,Tue Jun 03 2025 08:50:38 GMT+0100 (British Summer Time),Fri Dec 31 9999 00:00:00 GMT+0000 (Greenwich Mean Time),1
G,7,Desert Days,Inside,FRA,Travel Agency,FRANCE,FRANCE,Mon Jan 03 2028 00:00:00 GMT+0000 (Greenwich Mean Time),CJ07280305,05/03/2028,0,0,EUR,1,167,167,0,0,23,0,2027,Budget2025,v1,GInsideFRATravel AgencyCJ07280305Budget2025v1,GInsideFRATravel AgencyCJ07280305,Tue Jun 03 2025 08:50:38 GMT+0100 (British Summer Time),Fri Dec 31 9999 00:00:00 GMT+0000 (Greenwich Mean Time),1
F,7,Desert Days,Deluxe,BRI,Direct,UKIE,UKIE,Mon Jan 03 2028 00:00:00 GMT+0000 (Greenwich Mean Time),CJ07280305,05/03/2028,15,108,GBP,1,142,167,15469,18199,29,3228,2027,Budget2025,v1,FDeluxeBRIDirectCJ07280305Budget2025v1,FDeluxeBRIDirectCJ07280305,Tue Jun 03 2025 08:50:38 GMT+0100 (British Summer Time),Fri Dec 31 9999 00:00:00 GMT+0000 (Greenwich Mean Time),1
G,7,Desert Days,Outside,FRA,Direct,FRANCE,FRANCE,Mon Jan 03 2028 00:00:00 GMT+0000 (Greenwich Mean Time),CJ07280312,12/03/2028,0,0,EUR,1,167,167,0,0,39,0,2027,Budget2025,v1,GOutsideFRADirectCJ07280312Budget2025v1,GOutsideFRADirectCJ07280312,Tue Jun 03 2025 08:50:38 GMT+0100 (British Summer Time),Fri Dec 31 9999 00:00:00 GMT+0000 (Greenwich Mean Time),1
G,3,Iconic Aegean,Deluxe,CYP,Travel Agency,HOME,Home Markets,Mon Jan 03 2028 00:00:00 GMT+0000 (Greenwich Mean Time),CD03280317,17/03/2028,0,0,EUR,1,0,0,0,0,2,0,2027,Budget2025,v1,GDeluxeCYPTravel AgencyCD03280317Budget2025v1,GDeluxeCYPTravel AgencyCD03280317,Tue Jun 03 2025 08:50:38 GMT+0100 (British Summer Time),Fri Dec 31 9999 00:00:00 GMT+0000 (Greenwich Mean Time),1
F,4,Iconic Aegean,Inside,LAT,Direct,LATAM,LATAM,Mon Jan 03 2028 00:00:00 GMT+0000 (Greenwich Mean Time),CD04280327,27/03/2028,15,60,USD,0,145,132,8740,7945,19,1170,2027,Budget2025,v1,FInsideLATDirectCD04280327Budget2025v1,FInsideLATDirectCD04280327,Tue Jun 03 2025 08:50:38 GMT+0100 (British Summer Time),Fri Dec 31 9999 00:00:00 GMT+0000 (Greenwich Mean Time),1
F,14,Positioning Journey,Deluxe,NTH,DMC,EU,ROW,Mon Jan 03 2028 00:00:00 GMT+0000 (Greenwich Mean Time),CJ14280319,19/03/2028,0,0,EUR,1,97,97,0,0,0,0,2027,Budget2025,v1,FDeluxeNTHDMCCJ14280319Budget2025v1,FDeluxeNTHDMCCJ14280319,Tue Jun 03 2025 08:50:38 GMT+0100 (British Summer Time),Fri Dec 31 9999 00:00:00 GMT+0000 (Greenwich Mean Time),1
F,4,Iconic Aegean,Inside,NTH,Direct,EU,ROW,Mon Jan 03 2028 00:00:00 GMT+0000 (Greenwich Mean Time),CD04280327,27/03/2028,0,0,EUR,1,114,114,0,0,0,0,2027,Budget2025,v1,FInsideNTHDirectCD04280327Budget2025v1,FInsideNTHDirectCD04280327,Tue Jun 03 2025 08:50:38 GMT+0100 (British Summer Time),Fri Dec 31 9999 00:00:00 GMT+0000 (Greenwich Mean Time),1
F,4,Iconic Aegean,Inside,NZE,DMC,AUNZ,AUS,Mon Jan 03 2028 00:00:00 GMT+0000 (Greenwich Mean Time),CD04280320,20/03/2028,0,0,AUD,0,0,0,0,0,0,0,2027,Budget2025,v1,FInsideNZEDMCCD04280320Budget2025v1,FInsideNZEDMCCD04280320,Tue Jun 03 2025 08:50:38 GMT+0100 (British Summer Time),Fri Dec 31 9999 00:00:00 GMT+0000 (Greenwich Mean Time),1
F,14,Positioning Journey,Deluxe,CYP,Direct,HOME,Home Markets,Mon Jan 03 2028 00:00:00 GMT+0000 (Greenwich Mean Time),CJ14280319,19/03/2028,0,0,EUR,1,97,97,0,0,6,0,2027,Budget2025,v1,FDeluxeCYPDirectCJ14280319Budget2025v1,FDeluxeCYPDirectCJ14280319,Tue Jun 03 2025 08:50:38 GMT+0100 (British Summer Time),Fri Dec 31 9999 00:00:00 GMT+0000 (Greenwich Mean Time),1
F,14,Positioning Journey,Deluxe,BLX,Direct,EU,ROW,Mon Jan 03 2028 00:00:00 GMT+0000 (Greenwich Mean Time),CJ14280319,19/03/2028,0,0,EUR,1,97,97,0,0,15,0,2027,Budget2025,v1,FDeluxeBLXDirectCJ14280319Budget2025v1,FDeluxeBLXDirectCJ14280319,Tue Jun 03 2025 08:50:38 GMT+0100 (British Summer Time),Fri Dec 31 9999 00:00:00 GMT+0000 (Greenwich Mean Time),1
G,3,Iconic Aegean,Outside,JPN,Direct,APAC,ROW,Mon Jan 03 2028 00:00:00 GMT+0000 (Greenwich Mean Time),CD03280324,24/03/2028,0,0,USD,0,0,0,0,0,0,0,2027,Budget2025,v1,GOutsideJPNDirectCD03280324Budget2025v1,GOutsideJPNDirectCD03280324,Tue Jun 03 2025 08:50:38 GMT+0100 (British Summer Time),Fri Dec 31 9999 00:00:00 GMT+0000 (Greenwich Mean Time),1
F,14,Positioning Journey,Deluxe,NZE,DMC,AUNZ,AUS,Mon Jan 03 2028 00:00:00 GMT+0000 (Greenwich Mean Time),CJ14280319,19/03/2028,0,0,AUD,0,161,97,0,0,0,0,2027,Budget2025,v1,FDeluxeNZEDMCCJ14280319Budget2025v1,FDeluxeNZEDMCCJ14280319,Tue Jun 03 2025 08:50:38 GMT+0100 (British Summer Time),Fri Dec 31 9999 00:00:00 GMT+0000 (Greenwich Mean Time),1
F,3,Iconic Aegean,Inside,CHI,Direct,APAC,ROW,Mon Jan 03 2028 00:00:00 GMT+0000 (Greenwich Mean Time),CD03280317,17/03/2028,0,0,USD,0,0,0,0,0,308,0,2027,Budget2025,v1,FInsideCHIDirectCD03280317Budget2025v1,FInsideCHIDirectCD03280317,Tue Jun 03 2025 08:50:38 GMT+0100 (British Summer Time),Fri Dec 31 9999 00:00:00 GMT+0000 (Greenwich Mean Time),1
F,3,Iconic Aegean,Inside,AUS,Direct,AUNZ,AUS,Mon Jan 03 2028 00:00:00 GMT+0000 (Greenwich Mean Time),CD03280324,24/03/2028,3,9,AUD,0,242,145,2180,1313,44,397,2027,Budget2025,v1,FInsideAUSDirectCD03280324Budget2025v1,FInsideAUSDirectCD03280324,Tue Jun 03 2025 08:50:38 GMT+0100 (British Summer Time),Fri Dec 31 9999 00:00:00 GMT+0000 (Greenwich Mean Time),1
G,14,Positioning Journey,Outside,NZE,Tour Operator,AUNZ,AUS,Mon Jan 03 2028 00:00:00 GMT+0000 (Greenwich Mean Time),CJ14280319,19/03/2028,0,0,AUD,0,161,97,0,0,13,0,2027,Budget2025,v1,GOutsideNZETour OperatorCJ14280319Budget2025v1,GOutsideNZETour OperatorCJ14280319,Tue Jun 03 2025 08:50:38 GMT+0100 (British Summer Time),Fri Dec 31 9999 00:00:00 GMT+0000 (Greenwich Mean Time),1
F,4,Iconic Aegean,Inside,AFR,Direct,ROW,ROW,Mon Jan 03 2028 00:00:00 GMT+0000 (Greenwich Mean Time),CD04280327,27/03/2028,0,0,USD,0,0,0,0,0,0,0,2027,Budget2025,v1,FInsideAFRDirectCD04280327Budget2025v1,FInsideAFRDirectCD04280327,Tue Jun 03 2025 08:50:38 GMT+0100 (British Summer Time),Fri Dec 31 9999 00:00:00 GMT+0000 (Greenwich Mean Time),1
G,14,Positioning Journey,Outside,SIP,DMC,SIP,SIP,Mon Jan 03 2028 00:00:00 GMT+0000 (Greenwich Mean Time),CJ14280319,19/03/2028,0,0,EUR,1,97,97,0,0,6,0,2027,Budget2025,v1,GOutsideSIPDMCCJ14280319Budget2025v1,GOutsideSIPDMCCJ14280319,Tue Jun 03 2025 08:50:38 GMT+0100 (British Summer Time),Fri Dec 31 9999 00:00:00 GMT+0000 (Greenwich Mean Time),1
G,7,Desert Days,Outside,USA,Travel Agency,NORAM,USA,Mon Jan 03 2028 00:00:00 GMT+0000 (Greenwich Mean Time),CJ07280305,05/03/2028,0,0,USD,0,182,166,0,0,70,0,2027,Budget2025,v1,GOutsideUSATravel AgencyCJ07280305Budget2025v1,GOutsideUSATravel AgencyCJ07280305,Tue Jun 03 2025 08:50:38 GMT+0100 (British Summer Time),Fri Dec 31 9999 00:00:00 GMT+0000 (Greenwich Mean Time),1
G,3,Iconic Aegean,Outside,FRA,Travel Agency,FRANCE,FRANCE,Mon Jan 03 2028 00:00:00 GMT+0000 (Greenwich Mean Time),CD03280317,17/03/2028,0,0,EUR,1,156,156,0,0,9,0,2027,Budget2025,v1,GOutsideFRATravel AgencyCD03280317Budget2025v1,GOutsideFRATravel AgencyCD03280317,Tue Jun 03 2025 08:50:38 GMT+0100 (British Summer Time),Fri Dec 31 9999 00:00:00 GMT+0000 (Greenwich Mean Time),1
F,4,Iconic Aegean,Deluxe,SCN,DMC,EU,ROW,Mon Jan 03 2028 00:00:00 GMT+0000 (Greenwich Mean Time),CD04280320,20/03/2028,0,0,EUR,1,0,0,0,0,1,0,2027,Budget2025,v1,FDeluxeSCNDMCCD04280320Budget2025v1,FDeluxeSCNDMCCD04280320,Tue Jun 03 2025 08:50:38 GMT+0100 (British Summer Time),Fri Dec 31 9999 00:00:00 GMT+0000 (Greenwich Mean Time),1
G,3,Iconic Aegean,Outside,USA,Tour Operator,NORAM,USA,Mon Jan 03 2028 00:00:00 GMT+0000 (Greenwich Mean Time),CD03280317,17/03/2028,145,436,USD,0,223,203,97479,88618,21,9526,2027,Budget2025,v1,GOutsideUSATour OperatorCD03280317Budget2025v1,GOutsideUSATour OperatorCD03280317,Tue Jun 03 2025 08:50:38 GMT+0100 (British Summer Time),Fri Dec 31 9999 00:00:00 GMT+0000 (Greenwich Mean Time),1
G,7,Desert Days,Outside,IND,Tour Operator,AWAY,Away Markets,Mon Jan 03 2028 00:00:00 GMT+0000 (Greenwich Mean Time),CJ07280312,12/03/2028,37,259,USD,0,182,166,47355,43048,42,11073,2027,Budget2025,v1,GOutsideINDTour OperatorCJ07280312Budget2025v1,GOutsideINDTour OperatorCJ07280312,Tue Jun 03 2025 08:50:38 GMT+0100 (British Summer Time),Fri Dec 31 9999 00:00:00 GMT+0000 (Greenwich Mean Time),1
G,3,Iconic Aegean,Inside,AUS,Travel Agency,AUNZ,AUS,Mon Jan 03 2028 00:00:00 GMT+0000 (Greenwich Mean Time),CD03280317,17/03/2028,0,0,AUD,0,0,0,0,0,35,0,2027,Budget2025,v1,GInsideAUSTravel AgencyCD03280317Budget2025v1,GInsideAUSTravel AgencyCD03280317,Tue Jun 03 2025 08:50:38 GMT+0100 (British Summer Time),Fri Dec 31 9999 00:00:00 GMT+0000 (Greenwich Mean Time),1
G,7,Desert Days,Outside,CAN,Travel Agency,NORAM,USA,Mon Jan 03 2028 00:00:00 GMT+0000 (Greenwich Mean Time),CJ07280305,05/03/2028,0,0,USD,0,182,166,0,0,52,0,2027,Budget2025,v1,GOutsideCANTravel AgencyCJ07280305Budget2025v1,GOutsideCANTravel AgencyCJ07280305,Tue Jun 03 2025 08:50:38 GMT+0100 (British Summer Time),Fri Dec 31 9999 00:00:00 GMT+0000 (Greenwich Mean Time),1
G,3,Iconic Aegean,Inside,GRC,DMC,HOME,Home Markets,Mon Jan 03 2028 00:00:00 GMT+0000 (Greenwich Mean Time),CD03280317,17/03/2028,9,28,EUR,1,108,108,3080,3080,16,458,2027,Budget2025,v1,GInsideGRCDMCCD03280317Budget2025v1,GInsideGRCDMCCD03280317,Tue Jun 03 2025 08:50:38 GMT+0100 (British Summer Time),Fri Dec 31 9999 00:00:00 GMT+0000 (Greenwich Mean Time),1
G,14,Positioning Journey,Inside,MID,Travel Agency,AWAY,Away Markets,Mon Jan 03 2028 00:00:00 GMT+0000 (Greenwich Mean Time),CJ14280319,19/03/2028,0,0,USD,0,105,96,0,0,0,0,2027,Budget2025,v1,GInsideMIDTravel AgencyCJ14280319Budget2025v1,GInsideMIDTravel AgencyCJ14280319,Tue Jun 03 2025 08:50:38 GMT+0100 (British Summer Time),Fri Dec 31 9999 00:00:00 GMT+0000 (Greenwich Mean Time),1
G,7,Desert Days,Inside,IND,Tour Operator,AWAY,Away Markets,Mon Jan 03 2028 00:00:00 GMT+0000 (Greenwich Mean Time),CJ07280305,05/03/2028,13,94,USD,0,182,166,17278,15706,42,4040,2027,Budget2025,v1,GInsideINDTour OperatorCJ07280305Budget2025v1,GInsideINDTour OperatorCJ07280305,Tue Jun 03 2025 08:50:38 GMT+0100 (British Summer Time),Fri Dec 31 9999 00:00:00 GMT+0000 (Greenwich Mean Time),1
G,4,Iconic Aegean,Outside,AFR,DMC,ROW,ROW,Mon Jan 03 2028 00:00:00 GMT+0000 (Greenwich Mean Time),CD04280327,27/03/2028,0,0,USD,0,0,0,0,0,25,0,2027,Budget2025,v1,GOutsideAFRDMCCD04280327Budget2025v1,GOutsideAFRDMCCD04280327,Tue Jun 03 2025 08:50:38 GMT+0100 (British Summer Time),Fri Dec 31 9999 00:00:00 GMT+0000 (Greenwich Mean Time),1
G,14,Positioning Journey,Deluxe,NZE,Travel Agency,AUNZ,AUS,Mon Jan 03 2028 00:00:00 GMT+0000 (Greenwich Mean Time),CJ14280319,19/03/2028,0,0,AUD,0,161,97,0,0,10,0,2027,Budget2025,v1,GDeluxeNZETravel AgencyCJ14280319Budget2025v1,GDeluxeNZETravel AgencyCJ14280319,Tue Jun 03 2025 08:50:38 GMT+0100 (British Summer Time),Fri Dec 31 9999 00:00:00 GMT+0000 (Greenwich Mean Time),1
G,4,Iconic Aegean,Deluxe,BLX,DMC,EU,ROW,Mon Jan 03 2028 00:00:00 GMT+0000 (Greenwich Mean Time),CD04280320,20/03/2028,0,0,EUR,1,0,0,0,0,0,0,2027,Budget2025,v1,GDeluxeBLXDMCCD04280320Budget2025v1,GDeluxeBLXDMCCD04280320,Tue Jun 03 2025 08:50:38 GMT+0100 (British Summer Time),Fri Dec 31 9999 00:00:00 GMT+0000 (Greenwich Mean Time),1
G,3,Iconic Aegean,Deluxe,USA,Direct,NORAM,USA,Mon Jan 03 2028 00:00:00 GMT+0000 (Greenwich Mean Time),CD03280324,24/03/2028,0,0,USD,0,308,280,0,0,36,0,2027,Budget2025,v1,GDeluxeUSADirectCD03280324Budget2025v1,GDeluxeUSADirectCD03280324,Tue Jun 03 2025 08:50:38 GMT+0100 (British Summer Time),Fri Dec 31 9999 00:00:00 GMT+0000 (Greenwich Mean Time),1
G,3,Iconic Aegean,Deluxe,NTH,DMC,EU,ROW,Mon Jan 03 2028 00:00:00 GMT+0000 (Greenwich Mean Time),CD03280317,17/03/2028,0,0,EUR,1,0,0,0,0,0,0,2027,Budget2025,v1,GDeluxeNTHDMCCD03280317Budget2025v1,GDeluxeNTHDMCCD03280317,Tue Jun 03 2025 08:50:38 GMT+0100 (British Summer Time),Fri Dec 31 9999 00:00:00 GMT+0000 (Greenwich Mean Time),1
G,7,Desert Days,Outside,SCN,Direct,EU,ROW,Mon Jan 03 2028 00:00:00 GMT+0000 (Greenwich Mean Time),CJ07280305,05/03/2028,0,0,EUR,1,167,167,0,0,10,0,2027,Budget2025,v1,GOutsideSCNDirectCJ07280305Budget2025v1,GOutsideSCNDirectCJ07280305,Tue Jun 03 2025 08:50:38 GMT+0100 (British Summer Time),Fri Dec 31 9999 00:00:00 GMT+0000 (Greenwich Mean Time),1
F,3,Iconic Aegean,Outside,JPN,Direct,APAC,ROW,Mon Jan 03 2028 00:00:00 GMT+0000 (Greenwich Mean Time),CD03280317,17/03/2028,0,0,USD,0,0,0,0,0,0,0,2027,Budget2025,v1,FOutsideJPNDirectCD03280317Budget2025v1,FOutsideJPNDirectCD03280317,Tue Jun 03 2025 08:50:38 GMT+0100 (British Summer Time),Fri Dec 31 9999 00:00:00 GMT+0000 (Greenwich Mean Time),1
G,4,Iconic Aegean,Inside,IND,DMC,AWAY,Away Markets,Mon Jan 03 2028 00:00:00 GMT+0000 (Greenwich Mean Time),CD04280320,20/03/2028,0,0,USD,0,0,0,0,0,0,0,2027,Budget2025,v1,GInsideINDDMCCD04280320Budget2025v1,GInsideINDDMCCD04280320,Tue Jun 03 2025 08:50:38 GMT+0100 (British Summer Time),Fri Dec 31 9999 00:00:00 GMT+0000 (Greenwich Mean Time),1
F,14,Positioning Journey,Inside,AFR,DMC,ROW,ROW,Mon Jan 03 2028 00:00:00 GMT+0000 (Greenwich Mean Time),CJ14280319,19/03/2028,0,0,USD,0,105,96,0,0,0,0,2027,Budget2025,v1,FInsideAFRDMCCJ14280319Budget2025v1,FInsideAFRDMCCJ14280319,Tue Jun 03 2025 08:50:38 GMT+0100 (British Summer Time),Fri Dec 31 9999 00:00:00 GMT+0000 (Greenwich Mean Time),1
G,14,Positioning Journey,Outside,BLK,DMC,HOME,Home Markets,Mon Jan 03 2028 00:00:00 GMT+0000 (Greenwich Mean Time),CJ14280319,19/03/2028,0,0,EUR,1,97,97,0,0,0,0,2027,Budget2025,v1,GOutsideBLKDMCCJ14280319Budget2025v1,GOutsideBLKDMCCJ14280319,Tue Jun 03 2025 08:50:38 GMT+0100 (British Summer Time),Fri Dec 31 9999 00:00:00 GMT+0000 (Greenwich Mean Time),1
F,4,Iconic Aegean,Outside,TUR,Tour Operator,HOME,Home Markets,Mon Jan 03 2028 00:00:00 GMT+0000 (Greenwich Mean Time),CD04280320,20/03/2028,6,26,EUR,1,165,165,4292,4292,15,408,2027,Budget2025,v1,FOutsideTURTour OperatorCD04280320Budget2025v1,FOutsideTURTour OperatorCD04280320,Tue Jun 03 2025 08:50:38 GMT+0100 (British Summer Time),Fri Dec 31 9999 00:00:00 GMT+0000 (Greenwich Mean Time),1
G,14,Positioning Journey,Outside,USA,Travel Agency,NORAM,USA,Mon Jan 03 2028 00:00:00 GMT+0000 (Greenwich Mean Time),CJ14280319,19/03/2028,0,0,USD,0,105,96,0,0,34,0,2027,Budget2025,v1,GOutsideUSATravel AgencyCJ14280319Budget2025v1,GOutsideUSATravel AgencyCJ14280319,Tue Jun 03 2025 08:50:38 GMT+0100 (British Summer Time),Fri Dec 31 9999 00:00:00 GMT+0000 (Greenwich Mean Time),1
G,3,Iconic Aegean,Inside,SIP,DMC,SIP,SIP,Mon Jan 03 2028 00:00:00 GMT+0000 (Greenwich Mean Time),CD03280324,24/03/2028,0,0,EUR,1,120,120,0,0,39,0,2027,Budget2025,v1,GInsideSIPDMCCD03280324Budget2025v1,GInsideSIPDMCCD03280324,Tue Jun 03 2025 08:50:38 GMT+0100 (British Summer Time),Fri Dec 31 9999 00:00:00 GMT+0000 (Greenwich Mean Time),1
G,7,Desert Days,Inside,JPN,Direct,APAC,ROW,Mon Jan 03 2028 00:00:00 GMT+0000 (Greenwich Mean Time),CJ07280305,05/03/2028,0,0,USD,0,182,166,0,0,0,0,2027,Budget2025,v1,GInsideJPNDirectCJ07280305Budget2025v1,GInsideJPNDirectCJ07280305,Tue Jun 03 2025 08:50:38 GMT+0100 (British Summer Time),Fri Dec 31 9999 00:00:00 GMT+0000 (Greenwich Mean Time),1
G,4,Iconic Aegean,Deluxe,USA,Direct,NORAM,USA,Mon Jan 03 2028 00:00:00 GMT+0000 (Greenwich Mean Time),CD04280320,20/03/2028,0,0,USD,0,308,280,0,0,45,0,2027,Budget2025,v1,GDeluxeUSADirectCD04280320Budget2025v1,GDeluxeUSADirectCD04280320,Tue Jun 03 2025 08:50:38 GMT+0100 (British Summer Time),Fri Dec 31 9999 00:00:00 GMT+0000 (Greenwich Mean Time),1
G,4,Iconic Aegean,Outside,CAN,DMC,NORAM,USA,Mon Jan 03 2028 00:00:00 GMT+0000 (Greenwich Mean Time),CD04280320,20/03/2028,0,0,USD,0,224,203,0,0,51,0,2027,Budget2025,v1,GOutsideCANDMCCD04280320Budget2025v1,GOutsideCANDMCCD04280320,Tue Jun 03 2025 08:50:38 GMT+0100 (British Summer Time),Fri Dec 31 9999 00:00:00 GMT+0000 (Greenwich Mean Time),1
G,4,Iconic Aegean,Deluxe,JPN,DMC,APAC,ROW,Mon Jan 03 2028 00:00:00 GMT+0000 (Greenwich Mean Time),CD04280327,27/03/2028,0,0,USD,0,165,150,0,0,44,0,2027,Budget2025,v1,GDeluxeJPNDMCCD04280327Budget2025v1,GDeluxeJPNDMCCD04280327,Tue Jun 03 2025 08:50:38 GMT+0100 (British Summer Time),Fri Dec 31 9999 00:00:00 GMT+0000 (Greenwich Mean Time),1
G,14,Positioning Journey,Deluxe,GRC,Tour Operator,HOME,Home Markets,Mon Jan 03 2028 00:00:00 GMT+0000 (Greenwich Mean Time),CJ14280319,19/03/2028,0,0,EUR,1,97,97,0,0,0,0,2027,Budget2025,v1,GDeluxeGRCTour OperatorCJ14280319Budget2025v1,GDeluxeGRCTour OperatorCJ14280319,Tue Jun 03 2025 08:50:38 GMT+0100 (British Summer Time),Fri Dec 31 9999 00:00:00 GMT+0000 (Greenwich Mean Time),1
F,4,Iconic Aegean,Deluxe,FRA,Tour Operator,FRANCE,FRANCE,Mon Jan 03 2028 00:00:00 GMT+0000 (Greenwich Mean Time),CD04280327,27/03/2028,0,0,EUR,1,0,0,0,0,32,0,2027,Budget2025,v1,FDeluxeFRATour OperatorCD04280327Budget2025v1,FDeluxeFRATour OperatorCD04280327,Tue Jun 03 2025 08:50:38 GMT+0100 (British Summer Time),Fri Dec 31 9999 00:00:00 GMT+0000 (Greenwich Mean Time),1
G,7,Desert Days,Outside,LAT,Travel Agency,LATAM,LATAM,Mon Jan 03 2028 00:00:00 GMT+0000 (Greenwich Mean Time),CJ07280312,12/03/2028,0,0,USD,0,182,166,0,0,14,0,2027,Budget2025,v1,GOutsideLATTravel AgencyCJ07280312Budget2025v1,GOutsideLATTravel AgencyCJ07280312,Tue Jun 03 2025 08:50:38 GMT+0100 (British Summer Time),Fri Dec 31 9999 00:00:00 GMT+0000 (Greenwich Mean Time),1
G,14,Positioning Journey,Deluxe,EAS,DMC,EU,ROW,Mon Jan 03 2028 00:00:00 GMT+0000 (Greenwich Mean Time),CJ14280319,19/03/2028,0,0,EUR,1,97,97,0,0,0,0,2027,Budget2025,v1,GDeluxeEASDMCCJ14280319Budget2025v1,GDeluxeEASDMCCJ14280319,Tue Jun 03 2025 08:50:38 GMT+0100 (British Summer Time),Fri Dec 31 9999 00:00:00 GMT+0000 (Greenwich Mean Time),1
G,4,Iconic Aegean,Deluxe,MID,DMC,AWAY,Away Markets,Mon Jan 03 2028 00:00:00 GMT+0000 (Greenwich Mean Time),CD04280327,27/03/2028,0,0,USD,0,0,0,0,0,0,0,2027,Budget2025,v1,GDeluxeMIDDMCCD04280327Budget2025v1,GDeluxeMIDDMCCD04280327,Tue Jun 03 2025 08:50:38 GMT+0100 (British Summer Time),Fri Dec 31 9999 00:00:00 GMT+0000 (Greenwich Mean Time),1
G,14,Positioning Journey,Deluxe,CHI,Travel Agency,APAC,ROW,Mon Jan 03 2028 00:00:00 GMT+0000 (Greenwich Mean Time),CJ14280319,19/03/2028,0,0,USD,0,105,96,0,0,17,0,2027,Budget2025,v1,GDeluxeCHITravel AgencyCJ14280319Budget2025v1,GDeluxeCHITravel AgencyCJ14280319,Tue Jun 03 2025 08:50:38 GMT+0100 (British Summer Time),Fri Dec 31 9999 00:00:00 GMT+0000 (Greenwich Mean Time),1
G,4,Iconic Aegean,Deluxe,NZE,Travel Agency,AUNZ,AUS,Mon Jan 03 2028 00:00:00 GMT+0000 (Greenwich Mean Time),CD04280320,20/03/2028,0,0,AUD,0,0,0,0,0,4,0,2027,Budget2025,v1,GDeluxeNZETravel AgencyCD04280320Budget2025v1,GDeluxeNZETravel AgencyCD04280320,Tue Jun 03 2025 08:50:38 GMT+0100 (British Summer Time),Fri Dec 31 9999 00:00:00 GMT+0000 (Greenwich Mean Time),1
F,3,Iconic Aegean,Outside,USA,DMC,NORAM,USA,Mon Jan 03 2028 00:00:00 GMT+0000 (Greenwich Mean Time),CD03280324,24/03/2028,8,25,USD,0,181,164,4623,4203,55,1403,2027,Budget2025,v1,FOutsideUSADMCCD03280324Budget2025v1,FOutsideUSADMCCD03280324,Tue Jun 03 2025 08:50:38 GMT+0100 (British Summer Time),Fri Dec 31 9999 00:00:00 GMT+0000 (Greenwich Mean Time),1
G,7,Desert Days,Deluxe,BLX,DMC,EU,ROW,Mon Jan 03 2028 00:00:00 GMT+0000 (Greenwich Mean Time),CJ07280312,12/03/2028,0,0,EUR,1,167,167,0,0,0,0,2027,Budget2025,v1,GDeluxeBLXDMCCJ07280312Budget2025v1,GDeluxeBLXDMCCJ07280312,Tue Jun 03 2025 08:50:38 GMT+0100 (British Summer Time),Fri Dec 31 9999 00:00:00 GMT+0000 (Greenwich Mean Time),1
F,3,Iconic Aegean,Deluxe,AFR,DMC,ROW,ROW,Mon Jan 03 2028 00:00:00 GMT+0000 (Greenwich Mean Time),CD03280317,17/03/2028,0,0,USD,0,0,0,0,0,58,0,2027,Budget2025,v1,FDeluxeAFRDMCCD03280317Budget2025v1,FDeluxeAFRDMCCD03280317,Tue Jun 03 2025 08:50:38 GMT+0100 (British Summer Time),Fri Dec 31 9999 00:00:00 GMT+0000 (Greenwich Mean Time),1
F,7,Desert Days,Outside,SIP,Direct,SIP,SIP,Mon Jan 03 2028 00:00:00 GMT+0000 (Greenwich Mean Time),CJ07280305,05/03/2028,2,14,EUR,1,167,167,2348,2348,25,352,2027,Budget2025,v1,FOutsideSIPDirectCJ07280305Budget2025v1,FOutsideSIPDirectCJ07280305,Tue Jun 03 2025 08:50:38 GMT+0100 (British Summer Time),Fri Dec 31 9999 00:00:00 GMT+0000 (Greenwich Mean Time),1
F,3,Iconic Aegean,Outside,LAT,Travel Agency,LATAM,LATAM,Mon Jan 03 2028 00:00:00 GMT+0000 (Greenwich Mean Time),CD03280324,24/03/2028,21,64,USD,0,200,182,12916,11742,32,2089,2027,Budget2025,v1,FOutsideLATTravel AgencyCD03280324Budget2025v1,FOutsideLATTravel AgencyCD03280324,Tue Jun 03 2025 08:50:38 GMT+0100 (British Summer Time),Fri Dec 31 9999 00:00:00 GMT+0000 (Greenwich Mean Time),1
F,4,Iconic Aegean,Outside,EAS,Direct,EU,ROW,Mon Jan 03 2028 00:00:00 GMT+0000 (Greenwich Mean Time),CD04280327,27/03/2028,11,46,EUR,1,164,164,7577,7577,27,1258,2027,Budget2025,v1,FOutsideEASDirectCD04280327Budget2025v1,FOutsideEASDirectCD04280327,Tue Jun 03 2025 08:50:38 GMT+0100 (British Summer Time),Fri Dec 31 9999 00:00:00 GMT+0000 (Greenwich Mean Time),1
F,7,Desert Days,Deluxe,EAS,DMC,EU,ROW,Mon Jan 03 2028 00:00:00 GMT+0000 (Greenwich Mean Time),CJ07280312,12/03/2028,0,0,EUR,1,167,167,0,0,0,0,2027,Budget2025,v1,FDeluxeEASDMCCJ07280312Budget2025v1,FDeluxeEASDMCCJ07280312,Tue Jun 03 2025 08:50:38 GMT+0100 (British Summer Time),Fri Dec 31 9999 00:00:00 GMT+0000 (Greenwich Mean Time),1
F,4,Iconic Aegean,Outside,CAN,DMC,NORAM,USA,Mon Jan 03 2028 00:00:00 GMT+0000 (Greenwich Mean Time),CD04280327,27/03/2028,0,0,USD,0,130,118,0,0,51,0,2027,Budget2025,v1,FOutsideCANDMCCD04280327Budget2025v1,FOutsideCANDMCCD04280327,Tue Jun 03 2025 08:50:38 GMT+0100 (British Summer Time),Fri Dec 31 9999 00:00:00 GMT+0000 (Greenwich Mean Time),1
F,3,Iconic Aegean,Outside,EAS,Tour Operator,EU,ROW,Mon Jan 03 2028 00:00:00 GMT+0000 (Greenwich Mean Time),CD03280324,24/03/2028,0,0,EUR,1,0,0,0,0,2,0,2027,Budget2025,v1,FOutsideEASTour OperatorCD03280324Budget2025v1,FOutsideEASTour OperatorCD03280324,Tue Jun 03 2025 08:50:38 GMT+0100 (British Summer Time),Fri Dec 31 9999 00:00:00 GMT+0000 (Greenwich Mean Time),1
F,4,Iconic Aegean,Outside,NTH,DMC,EU,ROW,Mon Jan 03 2028 00:00:00 GMT+0000 (Greenwich Mean Time),CD04280327,27/03/2028,0,0,EUR,1,0,0,0,0,0,0,2027,Budget2025,v1,FOutsideNTHDMCCD04280327Budget2025v1,FOutsideNTHDMCCD04280327,Tue Jun 03 2025 08:50:38 GMT+0100 (British Summer Time),Fri Dec 31 9999 00:00:00 GMT+0000 (Greenwich Mean Time),1
F,14,Positioning Journey,Deluxe,NTH,Direct,EU,ROW,Mon Jan 03 2028 00:00:00 GMT+0000 (Greenwich Mean Time),CJ14280319,19/03/2028,0,0,EUR,1,97,97,0,0,0,0,2027,Budget2025,v1,FDeluxeNTHDirectCJ14280319Budget2025v1,FDeluxeNTHDirectCJ14280319,Tue Jun 03 2025 08:50:38 GMT+0100 (British Summer Time),Fri Dec 31 9999 00:00:00 GMT+0000 (Greenwich Mean Time),1
F,7,Desert Days,Deluxe,JPN,Tour Operator,APAC,ROW,Mon Jan 03 2028 00:00:00 GMT+0000 (Greenwich Mean Time),CJ07280305,05/03/2028,0,0,USD,0,182,166,0,0,0,0,2027,Budget2025,v1,FDeluxeJPNTour OperatorCJ07280305Budget2025v1,FDeluxeJPNTour OperatorCJ07280305,Tue Jun 03 2025 08:50:38 GMT+0100 (British Summer Time),Fri Dec 31 9999 00:00:00 GMT+0000 (Greenwich Mean Time),1
F,3,Iconic Aegean,Inside,SCN,Direct,EU,ROW,Mon Jan 03 2028 00:00:00 GMT+0000 (Greenwich Mean Time),CD03280324,24/03/2028,0,0,EUR,1,114,114,0,0,58,0,2027,Budget2025,v1,FInsideSCNDirectCD03280324Budget2025v1,FInsideSCNDirectCD03280324,Tue Jun 03 2025 08:50:38 GMT+0100 (British Summer Time),Fri Dec 31 9999 00:00:00 GMT+0000 (Greenwich Mean Time),1
F,3,Iconic Aegean,Inside,SIP,Travel Agency,SIP,SIP,Mon Jan 03 2028 00:00:00 GMT+0000 (Greenwich Mean Time),CD03280317,17/03/2028,14,42,EUR,1,119,119,5035,5035,33,1393,2027,Budget2025,v1,FInsideSIPTravel AgencyCD03280317Budget2025v1,FInsideSIPTravel AgencyCD03280317,Tue Jun 03 2025 08:50:38 GMT+0100 (British Summer Time),Fri Dec 31 9999 00:00:00 GMT+0000 (Greenwich Mean Time),1
F,7,Desert Days,Inside,NTH,DMC,EU,ROW,Mon Jan 03 2028 00:00:00 GMT+0000 (Greenwich Mean Time),CJ07280305,05/03/2028,0,0,EUR,1,167,167,0,0,0,0,2027,Budget2025,v1,FInsideNTHDMCCJ07280305Budget2025v1,FInsideNTHDMCCJ07280305,Tue Jun 03 2025 08:50:38 GMT+0100 (British Summer Time),Fri Dec 31 9999 00:00:00 GMT+0000 (Greenwich Mean Time),1
F,4,Iconic Aegean,Outside,APAC,DMC,APAC,ROW,Mon Jan 03 2028 00:00:00 GMT+0000 (Greenwich Mean Time),CD04280320,20/03/2028,0,0,USD,0,170,155,0,0,38,0,2027,Budget2025,v1,FOutsideAPACDMCCD04280320Budget2025v1,FOutsideAPACDMCCD04280320,Tue Jun 03 2025 08:50:38 GMT+0100 (British Summer Time),Fri Dec 31 9999 00:00:00 GMT+0000 (Greenwich Mean Time),1
F,3,Iconic Aegean,Inside,DAC,Travel Agency,GERMANY,ROW,Mon Jan 03 2028 00:00:00 GMT+0000 (Greenwich Mean Time),CD03280317,17/03/2028,3,10,EUR,1,101,101,1064,1064,19,208,2027,Budget2025,v1,FInsideDACTravel AgencyCD03280317Budget2025v1,FInsideDACTravel AgencyCD03280317,Tue Jun 03 2025 08:50:38 GMT+0100 (British Summer Time),Fri Dec 31 9999 00:00:00 GMT+0000 (Greenwich Mean Time),1
F,3,Iconic Aegean,Inside,SCN,Travel Agency,EU,ROW,Mon Jan 03 2028 00:00:00 GMT+0000 (Greenwich Mean Time),CD03280324,24/03/2028,0,0,EUR,1,122,122,0,0,0,0,2027,Budget2025,v1,FInsideSCNTravel AgencyCD03280324Budget2025v1,FInsideSCNTravel AgencyCD03280324,Tue Jun 03 2025 08:50:38 GMT+0100 (British Summer Time),Fri Dec 31 9999 00:00:00 GMT+0000 (Greenwich Mean Time),1
F,7,Desert Days,Deluxe,SCN,Travel Agency,EU,ROW,Mon Jan 03 2028 00:00:00 GMT+0000 (Greenwich Mean Time),CJ07280312,12/03/2028,0,3,EUR,1,167,167,587,587,114,401,2027,Budget2025,v1,FDeluxeSCNTravel AgencyCJ07280312Budget2025v1,FDeluxeSCNTravel AgencyCJ07280312,Tue Jun 03 2025 08:50:38 GMT+0100 (British Summer Time),Fri Dec 31 9999 00:00:00 GMT+0000 (Greenwich Mean Time),1
F,4,Iconic Aegean,Inside,LAT,DMC,LATAM,LATAM,Mon Jan 03 2028 00:00:00 GMT+0000 (Greenwich Mean Time),CD04280320,20/03/2028,3,14,USD,0,129,117,1809,1645,17,245,2027,Budget2025,v1,FInsideLATDMCCD04280320Budget2025v1,FInsideLATDMCCD04280320,Tue Jun 03 2025 08:50:38 GMT+0100 (British Summer Time),Fri Dec 31 9999 00:00:00 GMT+0000 (Greenwich Mean Time),1
F,7,Desert Days,Deluxe,BRI,DMC,UKIE,UKIE,Mon Jan 03 2028 00:00:00 GMT+0000 (Greenwich Mean Time),CJ07280312,12/03/2028,0,0,GBP,1,142,167,0,0,0,0,2027,Budget2025,v1,FDeluxeBRIDMCCJ07280312Budget2025v1,FDeluxeBRIDMCCJ07280312,Tue Jun 03 2025 08:50:38 GMT+0100 (British Summer Time),Fri Dec 31 9999 00:00:00 GMT+0000 (Greenwich Mean Time),1
F,4,Iconic Aegean,Inside,SIP,Tour Operator,SIP,SIP,Mon Jan 03 2028 00:00:00 GMT+0000 (Greenwich Mean Time),CD04280320,20/03/2028,0,0,EUR,1,0,0,0,0,28,0,2027,Budget2025,v1,FInsideSIPTour OperatorCD04280320Budget2025v1,FInsideSIPTour OperatorCD04280320,Tue Jun 03 2025 08:50:38 GMT+0100 (British Summer Time),Fri Dec 31 9999 00:00:00 GMT+0000 (Greenwich Mean Time),1
F,3,Iconic Aegean,Deluxe,EAS,Direct,EU,ROW,Mon Jan 03 2028 00:00:00 GMT+0000 (Greenwich Mean Time),CD03280317,17/03/2028,1,4,EUR,1,398,398,1793,1793,24,109,2027,Budget2025,v1,FDeluxeEASDirectCD03280317Budget2025v1,FDeluxeEASDirectCD03280317,Tue Jun 03 2025 08:50:38 GMT+0100 (British Summer Time),Fri Dec 31 9999 00:00:00 GMT+0000 (Greenwich Mean Time),1
F,14,Positioning Journey,Inside,BRI,Direct,UKIE,UKIE,Mon Jan 03 2028 00:00:00 GMT+0000 (Greenwich Mean Time),CJ14280319,19/03/2028,10,140,GBP,1,82,97,11545,13582,14,2041,2027,Budget2025,v1,FInsideBRIDirectCJ14280319Budget2025v1,FInsideBRIDirectCJ14280319,Tue Jun 03 2025 08:50:38 GMT+0100 (British Summer Time),Fri Dec 31 9999 00:00:00 GMT+0000 (Greenwich Mean Time),1
F,3,Iconic Aegean,Deluxe,BLX,Travel Agency,EU,ROW,Mon Jan 03 2028 00:00:00 GMT+0000 (Greenwich Mean Time),CD03280324,24/03/2028,0,0,EUR,1,0,0,0,0,0,0,2027,Budget2025,v1,FDeluxeBLXTravel AgencyCD03280324Budget2025v1,FDeluxeBLXTravel AgencyCD03280324,Tue Jun 03 2025 08:50:38 GMT+0100 (British Summer Time),Fri Dec 31 9999 00:00:00 GMT+0000 (Greenwich Mean Time),1
F,4,Iconic Aegean,Deluxe,AFR,DMC,ROW,ROW,Mon Jan 03 2028 00:00:00 GMT+0000 (Greenwich Mean Time),CD04280327,27/03/2028,0,0,USD,0,0,0,0,0,25,0,2027,Budget2025,v1,FDeluxeAFRDMCCD04280327Budget2025v1,FDeluxeAFRDMCCD04280327,Tue Jun 03 2025 08:50:38 GMT+0100 (British Summer Time),Fri Dec 31 9999 00:00:00 GMT+0000 (Greenwich Mean Time),1
F,3,Iconic Aegean,Deluxe,CYP,DMC,HOME,Home Markets,Mon Jan 03 2028 00:00:00 GMT+0000 (Greenwich Mean Time),CD03280317,17/03/2028,0,0,EUR,1,0,0,0,0,0,0,2027,Budget2025,v1,FDeluxeCYPDMCCD03280317Budget2025v1,FDeluxeCYPDMCCD03280317,Tue Jun 03 2025 08:50:38 GMT+0100 (British Summer Time),Fri Dec 31 9999 00:00:00 GMT+0000 (Greenwich Mean Time),1
F,14,Positioning Journey,Inside,IND,Travel Agency,AWAY,Away Markets,Mon Jan 03 2028 00:00:00 GMT+0000 (Greenwich Mean Time),CJ14280319,19/03/2028,0,0,USD,0,105,96,0,0,0,0,2027,Budget2025,v1,FInsideINDTravel AgencyCJ14280319Budget2025v1,FInsideINDTravel AgencyCJ14280319,Tue Jun 03 2025 08:50:38 GMT+0100 (British Summer Time),Fri Dec 31 9999 00:00:00 GMT+0000 (Greenwich Mean Time),1
F,7,Desert Days,Outside,FRA,Direct,FRANCE,FRANCE,Mon Jan 03 2028 00:00:00 GMT+0000 (Greenwich Mean Time),CJ07280305,05/03/2028,2,17,EUR,1,167,167,2935,2935,39,684,2027,Budget2025,v1,FOutsideFRADirectCJ07280305Budget2025v1,FOutsideFRADirectCJ07280305,Tue Jun 03 2025 08:50:38 GMT+0100 (British Summer Time),Fri Dec 31 9999 00:00:00 GMT+0000 (Greenwich Mean Time),1
G,7,Desert Days,Outside,EAS,DMC,EU,ROW,Mon Jan 03 2028 00:00:00 GMT+0000 (Greenwich Mean Time),CJ07280312,12/03/2028,0,0,EUR,1,167,167,0,0,0,0,2027,Budget2025,v1,GOutsideEASDMCCJ07280312Budget2025v1,GOutsideEASDMCCJ07280312,Tue Jun 03 2025 08:50:38 GMT+0100 (British Summer Time),Fri Dec 31 9999 00:00:00 GMT+0000 (Greenwich Mean Time),1
F,7,Desert Days,Outside,RUS,DMC,ROW,ROW,Mon Jan 03 2028 00:00:00 GMT+0000 (Greenwich Mean Time),CJ07280312,12/03/2028,0,0,EUR,1,167,167,0,0,0,0,2027,Budget2025,v1,FOutsideRUSDMCCJ07280312Budget2025v1,FOutsideRUSDMCCJ07280312,Tue Jun 03 2025 08:50:38 GMT+0100 (British Summer Time),Fri Dec 31 9999 00:00:00 GMT+0000 (Greenwich Mean Time),1
G,14,Positioning Journey,Outside,CHI,Tour Operator,APAC,ROW,Mon Jan 03 2028 00:00:00 GMT+0000 (Greenwich Mean Time),CJ14280319,19/03/2028,0,0,USD,0,105,96,0,0,20,0,2027,Budget2025,v1,GOutsideCHITour OperatorCJ14280319Budget2025v1,GOutsideCHITour OperatorCJ14280319,Tue Jun 03 2025 08:50:38 GMT+0100 (British Summer Time),Fri Dec 31 9999 00:00:00 GMT+0000 (Greenwich Mean Time),1
F,14,Positioning Journey,Outside,NTH,Travel Agency,EU,ROW,Mon Jan 03 2028 00:00:00 GMT+0000 (Greenwich Mean Time),CJ14280319,19/03/2028,1,14,EUR,1,97,97,1358,1358,8,124,2027,Budget2025,v1,FOutsideNTHTravel AgencyCJ14280319Budget2025v1,FOutsideNTHTravel AgencyCJ14280319,Tue Jun 03 2025 08:50:38 GMT+0100 (British Summer Time),Fri Dec 31 9999 00:00:00 GMT+0000 (Greenwich Mean Time),1
F,14,Positioning Journey,Outside,GRC,Travel Agency,HOME,Home Markets,Mon Jan 03 2028 00:00:00 GMT+0000 (Greenwich Mean Time),CJ14280319,19/03/2028,5,70,EUR,1,97,97,6791,6791,2,205,2027,Budget2025,v1,FOutsideGRCTravel AgencyCJ14280319Budget2025v1,FOutsideGRCTravel AgencyCJ14280319,Tue Jun 03 2025 08:50:38 GMT+0100 (British Summer Time),Fri Dec 31 9999 00:00:00 GMT+0000 (Greenwich Mean Time),1
F,4,Iconic Aegean,Outside,BRI,Travel Agency,UKIE,UKIE,Mon Jan 03 2028 00:00:00 GMT+0000 (Greenwich Mean Time),CD04280327,27/03/2028,1,6,GBP,1,139,164,836,984,51,310,2027,Budget2025,v1,FOutsideBRITravel AgencyCD04280327Budget2025v1,FOutsideBRITravel AgencyCD04280327,Tue Jun 03 2025 08:50:38 GMT+0100 (British Summer Time),Fri Dec 31 9999 00:00:00 GMT+0000 (Greenwich Mean Time),1
G,4,Iconic Aegean,Outside,MID,DMC,AWAY,Away Markets,Mon Jan 03 2028 00:00:00 GMT+0000 (Greenwich Mean Time),CD04280327,27/03/2028,0,0,USD,0,0,0,0,0,0,0,2027,Budget2025,v1,GOutsideMIDDMCCD04280327Budget2025v1,GOutsideMIDDMCCD04280327,Tue Jun 03 2025 08:50:38 GMT+0100 (British Summer Time),Fri Dec 31 9999 00:00:00 GMT+0000 (Greenwich Mean Time),1
F,3,Iconic Aegean,Inside,NTH,Travel Agency,EU,ROW,Mon Jan 03 2028 00:00:00 GMT+0000 (Greenwich Mean Time),CD03280324,24/03/2028,0,0,EUR,1,122,122,0,0,91,0,2027,Budget2025,v1,FInsideNTHTravel AgencyCD03280324Budget2025v1,FInsideNTHTravel AgencyCD03280324,Tue Jun 03 2025 08:50:38 GMT+0100 (British Summer Time),Fri Dec 31 9999 00:00:00 GMT+0000 (Greenwich Mean Time),1
F,3,Iconic Aegean,Outside,BLK,DMC,HOME,Home Markets,Mon Jan 03 2028 00:00:00 GMT+0000 (Greenwich Mean Time),CD03280317,17/03/2028,0,0,EUR,1,0,0,0,0,0,0,2027,Budget2025,v1,FOutsideBLKDMCCD03280317Budget2025v1,FOutsideBLKDMCCD03280317,Tue Jun 03 2025 08:50:38 GMT+0100 (British Summer Time),Fri Dec 31 9999 00:00:00 GMT+0000 (Greenwich Mean Time),1
F,3,Iconic Aegean,Inside,IND,Tour Operator,AWAY,Away Markets,Mon Jan 03 2028 00:00:00 GMT+0000 (Greenwich Mean Time),CD03280324,24/03/2028,0,0,USD,0,137,125,0,0,11,0,2027,Budget2025,v1,FInsideINDTour OperatorCD03280324Budget2025v1,FInsideINDTour OperatorCD03280324,Tue Jun 03 2025 08:50:38 GMT+0100 (British Summer Time),Fri Dec 31 9999 00:00:00 GMT+0000 (Greenwich Mean Time),1
G,7,Desert Days,Outside,DAC,Tour Operator,GERMANY,ROW,Mon Jan 03 2028 00:00:00 GMT+0000 (Greenwich Mean Time),CJ07280312,12/03/2028,0,0,EUR,1,167,167,0,0,0,0,2027,Budget2025,v1,GOutsideDACTour OperatorCJ07280312Budget2025v1,GOutsideDACTour OperatorCJ07280312,Tue Jun 03 2025 08:50:38 GMT+0100 (British Summer Time),Fri Dec 31 9999 00:00:00 GMT+0000 (Greenwich Mean Time),1
F,7,Desert Days,Inside,MID,Travel Agency,AWAY,Away Markets,Mon Jan 03 2028 00:00:00 GMT+0000 (Greenwich Mean Time),CJ07280305,05/03/2028,46,322,USD,0,182,166,58874,53519,0,0,2027,Budget2025,v1,FInsideMIDTravel AgencyCJ07280305Budget2025v1,FInsideMIDTravel AgencyCJ07280305,Tue Jun 03 2025 08:50:38 GMT+0100 (British Summer Time),Fri Dec 31 9999 00:00:00 GMT+0000 (Greenwich Mean Time),1
G,3,Iconic Aegean,Inside,JPN,DMC,APAC,ROW,Mon Jan 03 2028 00:00:00 GMT+0000 (Greenwich Mean Time),CD03280317,17/03/2028,0,0,USD,0,185,169,0,0,42,0,2027,Budget2025,v1,GInsideJPNDMCCD03280317Budget2025v1,GInsideJPNDMCCD03280317,Tue Jun 03 2025 08:50:38 GMT+0100 (British Summer Time),Fri Dec 31 9999 00:00:00 GMT+0000 (Greenwich Mean Time),1
F,4,Iconic Aegean,Inside,RUS,Travel Agency,ROW,ROW,Mon Jan 03 2028 00:00:00 GMT+0000 (Greenwich Mean Time),CD04280327,27/03/2028,4,16,EUR,1,115,115,1846,1846,1,18,2027,Budget2025,v1,FInsideRUSTravel AgencyCD04280327Budget2025v1,FInsideRUSTravel AgencyCD04280327,Tue Jun 03 2025 08:50:38 GMT+0100 (British Summer Time),Fri Dec 31 9999 00:00:00 GMT+0000 (Greenwich Mean Time),1
F,14,Positioning Journey,Inside,SIP,Tour Operator,SIP,SIP,Mon Jan 03 2028 00:00:00 GMT+0000 (Greenwich Mean Time),CJ14280319,19/03/2028,0,0,EUR,1,97,97,0,0,25,0,2027,Budget2025,v1,FInsideSIPTour OperatorCJ14280319Budget2025v1,FInsideSIPTour OperatorCJ14280319,Tue Jun 03 2025 08:50:38 GMT+0100 (British Summer Time),Fri Dec 31 9999 00:00:00 GMT+0000 (Greenwich Mean Time),1
F,7,Desert Days,Outside,BLK,Travel Agency,HOME,Home Markets,Mon Jan 03 2028 00:00:00 GMT+0000 (Greenwich Mean Time),CJ07280305,05/03/2028,1,10,EUR,1,167,167,1761,1761,14,153,2027,Budget2025,v1,FOutsideBLKTravel AgencyCJ07280305Budget2025v1,FOutsideBLKTravel AgencyCJ07280305,Tue Jun 03 2025 08:50:38 GMT+0100 (British Summer Time),Fri Dec 31 9999 00:00:00 GMT+0000 (Greenwich Mean Time),1
G,4,Iconic Aegean,Outside,BLK,Direct,HOME,Home Markets,Mon Jan 03 2028 00:00:00 GMT+0000 (Greenwich Mean Time),CD04280320,20/03/2028,0,0,EUR,1,120,120,0,0,28,0,2027,Budget2025,v1,GOutsideBLKDirectCD04280320Budget2025v1,GOutsideBLKDirectCD04280320,Tue Jun 03 2025 08:50:38 GMT+0100 (British Summer Time),Fri Dec 31 9999 00:00:00 GMT+0000 (Greenwich Mean Time),1
G,7,Desert Days,Inside,EAS,Tour Operator,EU,ROW,Mon Jan 03 2028 00:00:00 GMT+0000 (Greenwich Mean Time),CJ07280305,05/03/2028,0,0,EUR,1,167,167,0,0,28,0,2027,Budget2025,v1,GInsideEASTour OperatorCJ07280305Budget2025v1,GInsideEASTour OperatorCJ07280305,Tue Jun 03 2025 08:50:38 GMT+0100 (British Summer Time),Fri Dec 31 9999 00:00:00 GMT+0000 (Greenwich Mean Time),1
G,7,Desert Days,Deluxe,LAT,Travel Agency,LATAM,LATAM,Mon Jan 03 2028 00:00:00 GMT+0000 (Greenwich Mean Time),CJ07280305,05/03/2028,0,0,USD,0,182,166,0,0,14,0,2027,Budget2025,v1,GDeluxeLATTravel AgencyCJ07280305Budget2025v1,GDeluxeLATTravel AgencyCJ07280305,Tue Jun 03 2025 08:50:38 GMT+0100 (British Summer Time),Fri Dec 31 9999 00:00:00 GMT+0000 (Greenwich Mean Time),1
F,3,Iconic Aegean,Inside,BLX,Tour Operator,EU,ROW,Mon Jan 03 2028 00:00:00 GMT+0000 (Greenwich Mean Time),CD03280317,17/03/2028,0,0,EUR,1,122,122,0,0,0,0,2027,Budget2025,v1,FInsideBLXTour OperatorCD03280317Budget2025v1,FInsideBLXTour OperatorCD03280317,Tue Jun 03 2025 08:50:38 GMT+0100 (British Summer Time),Fri Dec 31 9999 00:00:00 GMT+0000 (Greenwich Mean Time),1
F,14,Positioning Journey,Deluxe,BLX,Travel Agency,EU,ROW,Mon Jan 03 2028 00:00:00 GMT+0000 (Greenwich Mean Time),CJ14280319,19/03/2028,1,14,EUR,1,97,97,1358,1358,52,735,2027,Budget2025,v1,FDeluxeBLXTravel AgencyCJ14280319Budget2025v1,FDeluxeBLXTravel AgencyCJ14280319,Tue Jun 03 2025 08:50:38 GMT+0100 (British Summer Time),Fri Dec 31 9999 00:00:00 GMT+0000 (Greenwich Mean Time),1
F,3,Iconic Aegean,Deluxe,AUS,Direct,AUNZ,AUS,Mon Jan 03 2028 00:00:00 GMT+0000 (Greenwich Mean Time),CD03280324,24/03/2028,0,0,AUD,0,0,0,0,0,44,0,2027,Budget2025,v1,FDeluxeAUSDirectCD03280324Budget2025v1,FDeluxeAUSDirectCD03280324,Tue Jun 03 2025 08:50:38 GMT+0100 (British Summer Time),Fri Dec 31 9999 00:00:00 GMT+0000 (Greenwich Mean Time),1
F,3,Iconic Aegean,Deluxe,CHI,Travel Agency,APAC,ROW,Mon Jan 03 2028 00:00:00 GMT+0000 (Greenwich Mean Time),CD03280317,17/03/2028,0,0,USD,0,275,250,0,0,65,0,2027,Budget2025,v1,FDeluxeCHITravel AgencyCD03280317Budget2025v1,FDeluxeCHITravel AgencyCD03280317,Tue Jun 03 2025 08:50:38 GMT+0100 (British Summer Time),Fri Dec 31 9999 00:00:00 GMT+0000 (Greenwich Mean Time),1
F,4,Iconic Aegean,Deluxe,RUS,Tour Operator,ROW,ROW,Mon Jan 03 2028 00:00:00 GMT+0000 (Greenwich Mean Time),CD04280327,27/03/2028,0,0,EUR,1,0,0,0,0,16,0,2027,Budget2025,v1,FDeluxeRUSTour OperatorCD04280327Budget2025v1,FDeluxeRUSTour OperatorCD04280327,Tue Jun 03 2025 08:50:38 GMT+0100 (British Summer Time),Fri Dec 31 9999 00:00:00 GMT+0000 (Greenwich Mean Time),1
F,7,Desert Days,Deluxe,SCN,Tour Operator,EU,ROW,Mon Jan 03 2028 00:00:00 GMT+0000 (Greenwich Mean Time),CJ07280312,12/03/2028,0,0,EUR,1,167,167,0,0,0,0,2027,Budget2025,v1,FDeluxeSCNTour OperatorCJ07280312Budget2025v1,FDeluxeSCNTour OperatorCJ07280312,Tue Jun 03 2025 08:50:38 GMT+0100 (British Summer Time),Fri Dec 31 9999 00:00:00 GMT+0000 (Greenwich Mean Time),1
F,7,Desert Days,Deluxe,CYP,Travel Agency,HOME,Home Markets,Mon Jan 03 2028 00:00:00 GMT+0000 (Greenwich Mean Time),CJ07280312,12/03/2028,0,3,EUR,1,167,167,587,587,9,33,2027,Budget2025,v1,FDeluxeCYPTravel AgencyCJ07280312Budget2025v1,FDeluxeCYPTravel AgencyCJ07280312,Tue Jun 03 2025 08:50:38 GMT+0100 (British Summer Time),Fri Dec 31 9999 00:00:00 GMT+0000 (Greenwich Mean Time),1
F,7,Desert Days,Deluxe,USA,DMC,NORAM,USA,Mon Jan 03 2028 00:00:00 GMT+0000 (Greenwich Mean Time),CJ07280312,12/03/2028,1,7,USD,0,182,166,1279,1163,25,178,2027,Budget2025,v1,FDeluxeUSADMCCJ07280312Budget2025v1,FDeluxeUSADMCCJ07280312,Tue Jun 03 2025 08:50:38 GMT+0100 (British Summer Time),Fri Dec 31 9999 00:00:00 GMT+0000 (Greenwich Mean Time),1
F,4,Iconic Aegean,Outside,EAS,Tour Operator,EU,ROW,Mon Jan 03 2028 00:00:00 GMT+0000 (Greenwich Mean Time),CD04280320,20/03/2028,0,0,EUR,1,0,0,0,0,1,0,2027,Budget2025,v1,FOutsideEASTour OperatorCD04280320Budget2025v1,FOutsideEASTour OperatorCD04280320,Tue Jun 03 2025 08:50:38 GMT+0100 (British Summer Time),Fri Dec 31 9999 00:00:00 GMT+0000 (Greenwich Mean Time),1
G,4,Iconic Aegean,Outside,CHI,DMC,APAC,ROW,Mon Jan 03 2028 00:00:00 GMT+0000 (Greenwich Mean Time),CD04280327,27/03/2028,0,0,USD,0,167,152,0,0,0,0,2027,Budget2025,v1,GOutsideCHIDMCCD04280327Budget2025v1,GOutsideCHIDMCCD04280327,Tue Jun 03 2025 08:50:38 GMT+0100 (British Summer Time),Fri Dec 31 9999 00:00:00 GMT+0000 (Greenwich Mean Time),1
G,3,Iconic Aegean,Inside,NZE,Travel Agency,AUNZ,AUS,Mon Jan 03 2028 00:00:00 GMT+0000 (Greenwich Mean Time),CD03280324,24/03/2028,0,0,AUD,0,0,0,0,0,56,0,2027,Budget2025,v1,GInsideNZETravel AgencyCD03280324Budget2025v1,GInsideNZETravel AgencyCD03280324,Tue Jun 03 2025 08:50:38 GMT+0100 (British Summer Time),Fri Dec 31 9999 00:00:00 GMT+0000 (Greenwich Mean Time),1
G,14,Positioning Journey,Outside,BRI,DMC,UKIE,UKIE,Mon Jan 03 2028 00:00:00 GMT+0000 (Greenwich Mean Time),CJ14280319,19/03/2028,0,0,GBP,1,82,97,0,0,0,0,2027,Budget2025,v1,GOutsideBRIDMCCJ14280319Budget2025v1,GOutsideBRIDMCCJ14280319,Tue Jun 03 2025 08:50:38 GMT+0100 (British Summer Time),Fri Dec 31 9999 00:00:00 GMT+0000 (Greenwich Mean Time),1
G,7,Desert Days,Deluxe,NTH,Tour Operator,EU,ROW,Mon Jan 03 2028 00:00:00 GMT+0000 (Greenwich Mean Time),CJ07280312,12/03/2028,0,0,EUR,1,167,167,0,0,0,0,2027,Budget2025,v1,GDeluxeNTHTour OperatorCJ07280312Budget2025v1,GDeluxeNTHTour OperatorCJ07280312,Tue Jun 03 2025 08:50:38 GMT+0100 (British Summer Time),Fri Dec 31 9999 00:00:00 GMT+0000 (Greenwich Mean Time),1
G,14,Positioning Journey,Inside,APAC,Tour Operator,APAC,ROW,Mon Jan 03 2028 00:00:00 GMT+0000 (Greenwich Mean Time),CJ14280319,19/03/2028,0,0,USD,0,105,96,0,0,0,0,2027,Budget2025,v1,GInsideAPACTour OperatorCJ14280319Budget2025v1,GInsideAPACTour OperatorCJ14280319,Tue Jun 03 2025 08:50:38 GMT+0100 (British Summer Time),Fri Dec 31 9999 00:00:00 GMT+0000 (Greenwich Mean Time),1
G,14,Positioning Journey,Inside,APAC,DMC,APAC,ROW,Mon Jan 03 2028 00:00:00 GMT+0000 (Greenwich Mean Time),CJ14280319,19/03/2028,0,0,USD,0,105,96,0,0,0,0,2027,Budget2025,v1,GInsideAPACDMCCJ14280319Budget2025v1,GInsideAPACDMCCJ14280319,Tue Jun 03 2025 08:50:38 GMT+0100 (British Summer Time),Fri Dec 31 9999 00:00:00 GMT+0000 (Greenwich Mean Time),1
G,3,Iconic Aegean,Deluxe,CYP,Tour Operator,HOME,Home Markets,Mon Jan 03 2028 00:00:00 GMT+0000 (Greenwich Mean Time),CD03280317,17/03/2028,0,0,EUR,1,218,218,0,0,0,0,2027,Budget2025,v1,GDeluxeCYPTour OperatorCD03280317Budget2025v1,GDeluxeCYPTour OperatorCD03280317,Tue Jun 03 2025 08:50:38 GMT+0100 (British Summer Time),Fri Dec 31 9999 00:00:00 GMT+0000 (Greenwich Mean Time),1
F,3,Iconic Aegean,Outside,RUS,Direct,ROW,ROW,Mon Jan 03 2028 00:00:00 GMT+0000 (Greenwich Mean Time),CD03280317,17/03/2028,0,0,EUR,1,0,0,0,0,0,0,2027,Budget2025,v1,FOutsideRUSDirectCD03280317Budget2025v1,FOutsideRUSDirectCD03280317,Tue Jun 03 2025 08:50:38 GMT+0100 (British Summer Time),Fri Dec 31 9999 00:00:00 GMT+0000 (Greenwich Mean Time),1
F,4,Iconic Aegean,Inside,CYP,Tour Operator,HOME,Home Markets,Mon Jan 03 2028 00:00:00 GMT+0000 (Greenwich Mean Time),CD04280320,20/03/2028,0,0,EUR,1,120,120,0,0,0,0,2027,Budget2025,v1,FInsideCYPTour OperatorCD04280320Budget2025v1,FInsideCYPTour OperatorCD04280320,Tue Jun 03 2025 08:50:38 GMT+0100 (British Summer Time),Fri Dec 31 9999 00:00:00 GMT+0000 (Greenwich Mean Time),1
F,7,Desert Days,Deluxe,AFR,Travel Agency,ROW,ROW,Mon Jan 03 2028 00:00:00 GMT+0000 (Greenwich Mean Time),CJ07280312,12/03/2028,1,7,USD,0,182,166,1279,1163,30,212,2027,Budget2025,v1,FDeluxeAFRTravel AgencyCJ07280312Budget2025v1,FDeluxeAFRTravel AgencyCJ07280312,Tue Jun 03 2025 08:50:38 GMT+0100 (British Summer Time),Fri Dec 31 9999 00:00:00 GMT+0000 (Greenwich Mean Time),1
F,4,Iconic Aegean,Deluxe,LAT,Travel Agency,LATAM,LATAM,Mon Jan 03 2028 00:00:00 GMT+0000 (Greenwich Mean Time),CD04280327,27/03/2028,0,0,USD,0,0,0,0,0,38,0,2027,Budget2025,v1,FDeluxeLATTravel AgencyCD04280327Budget2025v1,FDeluxeLATTravel AgencyCD04280327,Tue Jun 03 2025 08:50:38 GMT+0100 (British Summer Time),Fri Dec 31 9999 00:00:00 GMT+0000 (Greenwich Mean Time),1
G,3,Iconic Aegean,Outside,SIP,DMC,SIP,SIP,Mon Jan 03 2028 00:00:00 GMT+0000 (Greenwich Mean Time),CD03280324,24/03/2028,19,58,EUR,1,156,156,9164,9164,39,2338,2027,Budget2025,v1,GOutsideSIPDMCCD03280324Budget2025v1,GOutsideSIPDMCCD03280324,Tue Jun 03 2025 08:50:38 GMT+0100 (British Summer Time),Fri Dec 31 9999 00:00:00 GMT+0000 (Greenwich Mean Time),1
F,7,Desert Days,Inside,MID,DMC,AWAY,Away Markets,Mon Jan 03 2028 00:00:00 GMT+0000 (Greenwich Mean Time),CJ07280312,12/03/2028,5,38,USD,0,182,166,7039,6399,33,1308,2027,Budget2025,v1,FInsideMIDDMCCJ07280312Budget2025v1,FInsideMIDDMCCJ07280312,Tue Jun 03 2025 08:50:38 GMT+0100 (British Summer Time),Fri Dec 31 9999 00:00:00 GMT+0000 (Greenwich Mean Time),1
F,14,Positioning Journey,Deluxe,BLK,Direct,HOME,Home Markets,Mon Jan 03 2028 00:00:00 GMT+0000 (Greenwich Mean Time),CJ14280319,19/03/2028,0,0,EUR,1,97,97,0,0,6,0,2027,Budget2025,v1,FDeluxeBLKDirectCJ14280319Budget2025v1,FDeluxeBLKDirectCJ14280319,Tue Jun 03 2025 08:50:38 GMT+0100 (British Summer Time),Fri Dec 31 9999 00:00:00 GMT+0000 (Greenwich Mean Time),1
F,4,Iconic Aegean,Outside,BLX,DMC,EU,ROW,Mon Jan 03 2028 00:00:00 GMT+0000 (Greenwich Mean Time),CD04280327,27/03/2028,0,0,EUR,1,0,0,0,0,0,0,2027,Budget2025,v1,FOutsideBLXDMCCD04280327Budget2025v1,FOutsideBLXDMCCD04280327,Tue Jun 03 2025 08:50:38 GMT+0100 (British Summer Time),Fri Dec 31 9999 00:00:00 GMT+0000 (Greenwich Mean Time),1
G,4,Iconic Aegean,Outside,TUR,Travel Agency,HOME,Home Markets,Mon Jan 03 2028 00:00:00 GMT+0000 (Greenwich Mean Time),CD04280327,27/03/2028,0,0,EUR,1,130,130,0,0,25,0,2027,Budget2025,v1,GOutsideTURTravel AgencyCD04280327Budget2025v1,GOutsideTURTravel AgencyCD04280327,Tue Jun 03 2025 08:50:38 GMT+0100 (British Summer Time),Fri Dec 31 9999 00:00:00 GMT+0000 (Greenwich Mean Time),1
G,4,Iconic Aegean,Deluxe,BLX,Tour Operator,EU,ROW,Mon Jan 03 2028 00:00:00 GMT+0000 (Greenwich Mean Time),CD04280320,20/03/2028,0,0,EUR,1,0,0,0,0,0,0,2027,Budget2025,v1,GDeluxeBLXTour OperatorCD04280320Budget2025v1,GDeluxeBLXTour OperatorCD04280320,Tue Jun 03 2025 08:50:38 GMT+0100 (British Summer Time),Fri Dec 31 9999 00:00:00 GMT+0000 (Greenwich Mean Time),1
G,3,Iconic Aegean,Inside,IND,DMC,AWAY,Away Markets,Mon Jan 03 2028 00:00:00 GMT+0000 (Greenwich Mean Time),CD03280317,17/03/2028,0,0,USD,0,0,0,0,0,101,0,2027,Budget2025,v1,GInsideINDDMCCD03280317Budget2025v1,GInsideINDDMCCD03280317,Tue Jun 03 2025 08:50:38 GMT+0100 (British Summer Time),Fri Dec 31 9999 00:00:00 GMT+0000 (Greenwich Mean Time),1
G,3,Iconic Aegean,Deluxe,CAN,Travel Agency,NORAM,USA,Mon Jan 03 2028 00:00:00 GMT+0000 (Greenwich Mean Time),CD03280324,24/03/2028,0,0,USD,0,304,276,0,0,22,0,2027,Budget2025,v1,GDeluxeCANTravel AgencyCD03280324Budget2025v1,GDeluxeCANTravel AgencyCD03280324,Tue Jun 03 2025 08:50:38 GMT+0100 (British Summer Time),Fri Dec 31 9999 00:00:00 GMT+0000 (Greenwich Mean Time),1
G,3,Iconic Aegean,Outside,CAN,DMC,NORAM,USA,Mon Jan 03 2028 00:00:00 GMT+0000 (Greenwich Mean Time),CD03280317,17/03/2028,0,0,USD,0,224,203,0,0,88,0,2027,Budget2025,v1,GOutsideCANDMCCD03280317Budget2025v1,GOutsideCANDMCCD03280317,Tue Jun 03 2025 08:50:38 GMT+0100 (British Summer Time),Fri Dec 31 9999 00:00:00 GMT+0000 (Greenwich Mean Time),1
G,7,Desert Days,Inside,USA,Travel Agency,NORAM,USA,Mon Jan 03 2028 00:00:00 GMT+0000 (Greenwich Mean Time),CJ07280312,12/03/2028,0,0,USD,0,182,166,0,0,70,0,2027,Budget2025,v1,GInsideUSATravel AgencyCJ07280312Budget2025v1,GInsideUSATravel AgencyCJ07280312,Tue Jun 03 2025 08:50:38 GMT+0100 (British Summer Time),Fri Dec 31 9999 00:00:00 GMT+0000 (Greenwich Mean Time),1
F,14,Positioning Journey,Inside,BRI,DMC,UKIE,UKIE,Mon Jan 03 2028 00:00:00 GMT+0000 (Greenwich Mean Time),CJ14280319,19/03/2028,0,0,GBP,1,82,97,0,0,0,0,2027,Budget2025,v1,FInsideBRIDMCCJ14280319Budget2025v1,FInsideBRIDMCCJ14280319,Tue Jun 03 2025 08:50:38 GMT+0100 (British Summer Time),Fri Dec 31 9999 00:00:00 GMT+0000 (Greenwich Mean Time),1
G,7,Desert Days,Inside,APAC,Direct,APAC,ROW,Mon Jan 03 2028 00:00:00 GMT+0000 (Greenwich Mean Time),CJ07280305,05/03/2028,0,0,USD,0,182,166,0,0,1,0,2027,Budget2025,v1,GInsideAPACDirectCJ07280305Budget2025v1,GInsideAPACDirectCJ07280305,Tue Jun 03 2025 08:50:38 GMT+0100 (British Summer Time),Fri Dec 31 9999 00:00:00 GMT+0000 (Greenwich Mean Time),1
F,7,Desert Days,Deluxe,GRC,Tour Operator,HOME,Home Markets,Mon Jan 03 2028 00:00:00 GMT+0000 (Greenwich Mean Time),CJ07280305,05/03/2028,0,0,EUR,1,167,167,0,0,0,0,2027,Budget2025,v1,FDeluxeGRCTour OperatorCJ07280305Budget2025v1,FDeluxeGRCTour OperatorCJ07280305,Tue Jun 03 2025 08:50:38 GMT+0100 (British Summer Time),Fri Dec 31 9999 00:00:00 GMT+0000 (Greenwich Mean Time),1
G,7,Desert Days,Deluxe,MID,Tour Operator,AWAY,Away Markets,Mon Jan 03 2028 00:00:00 GMT+0000 (Greenwich Mean Time),CJ07280312,12/03/2028,0,0,USD,0,182,166,0,0,0,0,2027,Budget2025,v1,GDeluxeMIDTour OperatorCJ07280312Budget2025v1,GDeluxeMIDTour OperatorCJ07280312,Tue Jun 03 2025 08:50:38 GMT+0100 (British Summer Time),Fri Dec 31 9999 00:00:00 GMT+0000 (Greenwich Mean Time),1
F,4,Iconic Aegean,Deluxe,CYP,Direct,HOME,Home Markets,Mon Jan 03 2028 00:00:00 GMT+0000 (Greenwich Mean Time),CD04280327,27/03/2028,0,0,EUR,1,88,88,0,0,10,0,2027,Budget2025,v1,FDeluxeCYPDirectCD04280327Budget2025v1,FDeluxeCYPDirectCD04280327,Tue Jun 03 2025 08:50:38 GMT+0100 (British Summer Time),Fri Dec 31 9999 00:00:00 GMT+0000 (Greenwich Mean Time),1
G,3,Iconic Aegean,Deluxe,BLX,Direct,EU,ROW,Mon Jan 03 2028 00:00:00 GMT+0000 (Greenwich Mean Time),CD03280317,17/03/2028,0,0,EUR,1,390,390,0,0,62,0,2027,Budget2025,v1,GDeluxeBLXDirectCD03280317Budget2025v1,GDeluxeBLXDirectCD03280317,Tue Jun 03 2025 08:50:38 GMT+0100 (British Summer Time),Fri Dec 31 9999 00:00:00 GMT+0000 (Greenwich Mean Time),1
G,7,Desert Days,Outside,MID,DMC,AWAY,Away Markets,Mon Jan 03 2028 00:00:00 GMT+0000 (Greenwich Mean Time),CJ07280305,05/03/2028,0,0,USD,0,182,166,0,0,33,0,2027,Budget2025,v1,GOutsideMIDDMCCJ07280305Budget2025v1,GOutsideMIDDMCCJ07280305,Tue Jun 03 2025 08:50:38 GMT+0100 (British Summer Time),Fri Dec 31 9999 00:00:00 GMT+0000 (Greenwich Mean Time),1
F,3,Iconic Aegean,Outside,SIP,Travel Agency,SIP,SIP,Mon Jan 03 2028 00:00:00 GMT+0000 (Greenwich Mean Time),CD03280317,17/03/2028,8,24,EUR,1,158,158,3795,3795,33,796,2027,Budget2025,v1,FOutsideSIPTravel AgencyCD03280317Budget2025v1,FOutsideSIPTravel AgencyCD03280317,Tue Jun 03 2025 08:50:38 GMT+0100 (British Summer Time),Fri Dec 31 9999 00:00:00 GMT+0000 (Greenwich Mean Time),1
F,14,Positioning Journey,Inside,NZE,Travel Agency,AUNZ,AUS,Mon Jan 03 2028 00:00:00 GMT+0000 (Greenwich Mean Time),CJ14280319,19/03/2028,0,0,AUD,0,161,97,0,0,10,0,2027,Budget2025,v1,FInsideNZETravel AgencyCJ14280319Budget2025v1,FInsideNZETravel AgencyCJ14280319,Tue Jun 03 2025 08:50:38 GMT+0100 (British Summer Time),Fri Dec 31 9999 00:00:00 GMT+0000 (Greenwich Mean Time),1
F,7,Desert Days,Outside,RUS,Direct,ROW,ROW,Mon Jan 03 2028 00:00:00 GMT+0000 (Greenwich Mean Time),CJ07280305,05/03/2028,0,0,EUR,1,167,167,0,0,0,0,2027,Budget2025,v1,FOutsideRUSDirectCJ07280305Budget2025v1,FOutsideRUSDirectCJ07280305,Tue Jun 03 2025 08:50:38 GMT+0100 (British Summer Time),Fri Dec 31 9999 00:00:00 GMT+0000 (Greenwich Mean Time),1
G,14,Positioning Journey,Inside,RUS,Tour Operator,ROW,ROW,Mon Jan 03 2028 00:00:00 GMT+0000 (Greenwich Mean Time),CJ14280319,19/03/2028,0,0,EUR,1,97,97,0,0,2,0,2027,Budget2025,v1,GInsideRUSTour OperatorCJ14280319Budget2025v1,GInsideRUSTour OperatorCJ14280319,Tue Jun 03 2025 08:50:38 GMT+0100 (British Summer Time),Fri Dec 31 9999 00:00:00 GMT+0000 (Greenwich Mean Time),1
G,14,Positioning Journey,Deluxe,IND,Travel Agency,AWAY,Away Markets,Mon Jan 03 2028 00:00:00 GMT+0000 (Greenwich Mean Time),CJ14280319,19/03/2028,0,0,USD,0,105,96,0,0,0,0,2027,Budget2025,v1,GDeluxeINDTravel AgencyCJ14280319Budget2025v1,GDeluxeINDTravel AgencyCJ14280319,Tue Jun 03 2025 08:50:38 GMT+0100 (British Summer Time),Fri Dec 31 9999 00:00:00 GMT+0000 (Greenwich Mean Time),1
F,4,Iconic Aegean,Outside,AFR,Tour Operator,ROW,ROW,Mon Jan 03 2028 00:00:00 GMT+0000 (Greenwich Mean Time),CD04280320,20/03/2028,0,0,USD,0,0,0,0,0,0,0,2027,Budget2025,v1,FOutsideAFRTour OperatorCD04280320Budget2025v1,FOutsideAFRTour OperatorCD04280320,Tue Jun 03 2025 08:50:38 GMT+0100 (British Summer Time),Fri Dec 31 9999 00:00:00 GMT+0000 (Greenwich Mean Time),1
F,3,Iconic Aegean,Inside,DAC,DMC,GERMANY,ROW,Mon Jan 03 2028 00:00:00 GMT+0000 (Greenwich Mean Time),CD03280317,17/03/2028,1,3,EUR,1,122,122,368,368,48,145,2027,Budget2025,v1,FInsideDACDMCCD03280317Budget2025v1,FInsideDACDMCCD03280317,Tue Jun 03 2025 08:50:38 GMT+0100 (British Summer Time),Fri Dec 31 9999 00:00:00 GMT+0000 (Greenwich Mean Time),1
F,4,Iconic Aegean,Outside,CYP,Direct,HOME,Home Markets,Mon Jan 03 2028 00:00:00 GMT+0000 (Greenwich Mean Time),CD04280327,27/03/2028,0,0,EUR,1,123,123,0,0,10,0,2027,Budget2025,v1,FOutsideCYPDirectCD04280327Budget2025v1,FOutsideCYPDirectCD04280327,Tue Jun 03 2025 08:50:38 GMT+0100 (British Summer Time),Fri Dec 31 9999 00:00:00 GMT+0000 (Greenwich Mean Time),1
F,7,Desert Days,Deluxe,SCN,Direct,EU,ROW,Mon Jan 03 2028 00:00:00 GMT+0000 (Greenwich Mean Time),CJ07280305,05/03/2028,0,3,EUR,1,167,167,587,587,10,38,2027,Budget2025,v1,FDeluxeSCNDirectCJ07280305Budget2025v1,FDeluxeSCNDirectCJ07280305,Tue Jun 03 2025 08:50:38 GMT+0100 (British Summer Time),Fri Dec 31 9999 00:00:00 GMT+0000 (Greenwich Mean Time),1
F,3,Iconic Aegean,Outside,GRC,DMC,HOME,Home Markets,Mon Jan 03 2028 00:00:00 GMT+0000 (Greenwich Mean Time),CD03280317,17/03/2028,0,0,EUR,1,0,0,0,0,16,0,2027,Budget2025,v1,FOutsideGRCDMCCD03280317Budget2025v1,FOutsideGRCDMCCD03280317,Tue Jun 03 2025 08:50:38 GMT+0100 (British Summer Time),Fri Dec 31 9999 00:00:00 GMT+0000 (Greenwich Mean Time),1
G,14,Positioning Journey,Inside,SCN,Direct,EU,ROW,Mon Jan 03 2028 00:00:00 GMT+0000 (Greenwich Mean Time),CJ14280319,19/03/2028,0,0,EUR,1,97,97,0,0,5,0,2027,Budget2025,v1,GInsideSCNDirectCJ14280319Budget2025v1,GInsideSCNDirectCJ14280319,Tue Jun 03 2025 08:50:38 GMT+0100 (British Summer Time),Fri Dec 31 9999 00:00:00 GMT+0000 (Greenwich Mean Time),1
F,3,Iconic Aegean,Deluxe,FRA,Direct,FRANCE,FRANCE,Mon Jan 03 2028 00:00:00 GMT+0000 (Greenwich Mean Time),CD03280317,17/03/2028,0,0,EUR,1,0,0,0,0,18,0,2027,Budget2025,v1,FDeluxeFRADirectCD03280317Budget2025v1,FDeluxeFRADirectCD03280317,Tue Jun 03 2025 08:50:38 GMT+0100 (British Summer Time),Fri Dec 31 9999 00:00:00 GMT+0000 (Greenwich Mean Time),1
F,7,Desert Days,Inside,GRC,DMC,HOME,Home Markets,Mon Jan 03 2028 00:00:00 GMT+0000 (Greenwich Mean Time),CJ07280312,12/03/2028,0,0,EUR,1,167,167,0,0,23,0,2027,Budget2025,v1,FInsideGRCDMCCJ07280312Budget2025v1,FInsideGRCDMCCJ07280312,Tue Jun 03 2025 08:50:38 GMT+0100 (British Summer Time),Fri Dec 31 9999 00:00:00 GMT+0000 (Greenwich Mean Time),1
G,7,Desert Days,Deluxe,CAN,Tour Operator,NORAM,USA,Mon Jan 03 2028 00:00:00 GMT+0000 (Greenwich Mean Time),CJ07280305,05/03/2028,0,0,USD,0,182,166,0,0,0,0,2027,Budget2025,v1,GDeluxeCANTour OperatorCJ07280305Budget2025v1,GDeluxeCANTour OperatorCJ07280305,Tue Jun 03 2025 08:50:38 GMT+0100 (British Summer Time),Fri Dec 31 9999 00:00:00 GMT+0000 (Greenwich Mean Time),1
G,7,Desert Days,Deluxe,IND,DMC,AWAY,Away Markets,Mon Jan 03 2028 00:00:00 GMT+0000 (Greenwich Mean Time),CJ07280312,12/03/2028,0,0,USD,0,182,166,0,0,0,0,2027,Budget2025,v1,GDeluxeINDDMCCJ07280312Budget2025v1,GDeluxeINDDMCCJ07280312,Tue Jun 03 2025 08:50:38 GMT+0100 (British Summer Time),Fri Dec 31 9999 00:00:00 GMT+0000 (Greenwich Mean Time),1
F,7,Desert Days,Deluxe,LAT,Tour Operator,LATAM,LATAM,Mon Jan 03 2028 00:00:00 GMT+0000 (Greenwich Mean Time),CJ07280305,05/03/2028,1,10,USD,0,182,166,1919,1745,12,130,2027,Budget2025,v1,FDeluxeLATTour OperatorCJ07280305Budget2025v1,FDeluxeLATTour OperatorCJ07280305,Tue Jun 03 2025 08:50:38 GMT+0100 (British Summer Time),Fri Dec 31 9999 00:00:00 GMT+0000 (Greenwich Mean Time),1
G,4,Iconic Aegean,Outside,BLK,Tour Operator,HOME,Home Markets,Mon Jan 03 2028 00:00:00 GMT+0000 (Greenwich Mean Time),CD04280327,27/03/2028,0,0,EUR,1,144,144,0,0,30,0,2027,Budget2025,v1,GOutsideBLKTour OperatorCD04280327Budget2025v1,GOutsideBLKTour OperatorCD04280327,Tue Jun 03 2025 08:50:38 GMT+0100 (British Summer Time),Fri Dec 31 9999 00:00:00 GMT+0000 (Greenwich Mean Time),1
F,4,Iconic Aegean,Outside,IND,Travel Agency,AWAY,Away Markets,Mon Jan 03 2028 00:00:00 GMT+0000 (Greenwich Mean Time),CD04280327,27/03/2028,0,0,USD,0,0,0,0,0,0,0,2027,Budget2025,v1,FOutsideINDTravel AgencyCD04280327Budget2025v1,FOutsideINDTravel AgencyCD04280327,Tue Jun 03 2025 08:50:38 GMT+0100 (British Summer Time),Fri Dec 31 9999 00:00:00 GMT+0000 (Greenwich Mean Time),1
F,4,Iconic Aegean,Inside,NZE,Travel Agency,AUNZ,AUS,Mon Jan 03 2028 00:00:00 GMT+0000 (Greenwich Mean Time),CD04280320,20/03/2028,0,0,AUD,0,0,0,0,0,4,0,2027,Budget2025,v1,FInsideNZETravel AgencyCD04280320Budget2025v1,FInsideNZETravel AgencyCD04280320,Tue Jun 03 2025 08:50:38 GMT+0100 (British Summer Time),Fri Dec 31 9999 00:00:00 GMT+0000 (Greenwich Mean Time),1
G,7,Desert Days,Deluxe,EAS,Travel Agency,EU,ROW,Mon Jan 03 2028 00:00:00 GMT+0000 (Greenwich Mean Time),CJ07280305,05/03/2028,0,0,EUR,1,167,167,0,0,20,0,2027,Budget2025,v1,GDeluxeEASTravel AgencyCJ07280305Budget2025v1,GDeluxeEASTravel AgencyCJ07280305,Tue Jun 03 2025 08:50:38 GMT+0100 (British Summer Time),Fri Dec 31 9999 00:00:00 GMT+0000 (Greenwich Mean Time),1
F,3,Iconic Aegean,Deluxe,LAT,Tour Operator,LATAM,LATAM,Mon Jan 03 2028 00:00:00 GMT+0000 (Greenwich Mean Time),CD03280324,24/03/2028,1,4,USD,0,302,274,1360,1236,8,38,2027,Budget2025,v1,FDeluxeLATTour OperatorCD03280324Budget2025v1,FDeluxeLATTour OperatorCD03280324,Tue Jun 03 2025 08:50:38 GMT+0100 (British Summer Time),Fri Dec 31 9999 00:00:00 GMT+0000 (Greenwich Mean Time),1
F,7,Desert Days,Outside,LAT,Tour Operator,LATAM,LATAM,Mon Jan 03 2028 00:00:00 GMT+0000 (Greenwich Mean Time),CJ07280312,12/03/2028,3,24,USD,0,182,166,4479,4072,12,304,2027,Budget2025,v1,FOutsideLATTour OperatorCJ07280312Budget2025v1,FOutsideLATTour OperatorCJ07280312,Tue Jun 03 2025 08:50:38 GMT+0100 (British Summer Time),Fri Dec 31 9999 00:00:00 GMT+0000 (Greenwich Mean Time),1
F,3,Iconic Aegean,Inside,JPN,Tour Operator,APAC,ROW,Mon Jan 03 2028 00:00:00 GMT+0000 (Greenwich Mean Time),CD03280317,17/03/2028,0,0,USD,0,168,153,0,0,40,0,2027,Budget2025,v1,FInsideJPNTour OperatorCD03280317Budget2025v1,FInsideJPNTour OperatorCD03280317,Tue Jun 03 2025 08:50:38 GMT+0100 (British Summer Time),Fri Dec 31 9999 00:00:00 GMT+0000 (Greenwich Mean Time),1
F,14,Positioning Journey,Deluxe,FRA,Travel Agency,FRANCE,FRANCE,Mon Jan 03 2028 00:00:00 GMT+0000 (Greenwich Mean Time),CJ14280319,19/03/2028,9,126,EUR,1,97,97,12224,12224,11,1438,2027,Budget2025,v1,FDeluxeFRATravel AgencyCJ14280319Budget2025v1,FDeluxeFRATravel AgencyCJ14280319,Tue Jun 03 2025 08:50:38 GMT+0100 (British Summer Time),Fri Dec 31 9999 00:00:00 GMT+0000 (Greenwich Mean Time),1
F,7,Desert Days,Deluxe,IND,Direct,AWAY,Away Markets,Mon Jan 03 2028 00:00:00 GMT+0000 (Greenwich Mean Time),CJ07280305,05/03/2028,0,0,USD,0,182,166,0,0,0,0,2027,Budget2025,v1,FDeluxeINDDirectCJ07280305Budget2025v1,FDeluxeINDDirectCJ07280305,Tue Jun 03 2025 08:50:38 GMT+0100 (British Summer Time),Fri Dec 31 9999 00:00:00 GMT+0000 (Greenwich Mean Time),1
F,14,Positioning Journey,Deluxe,GRC,Travel Agency,HOME,Home Markets,Mon Jan 03 2028 00:00:00 GMT+0000 (Greenwich Mean Time),CJ14280319,19/03/2028,2,28,EUR,1,97,97,2716,2716,2,82,2027,Budget2025,v1,FDeluxeGRCTravel AgencyCJ14280319Budget2025v1,FDeluxeGRCTravel AgencyCJ14280319,Tue Jun 03 2025 08:50:38 GMT+0100 (British Summer Time),Fri Dec 31 9999 00:00:00 GMT+0000 (Greenwich Mean Time),1
F,14,Positioning Journey,Outside,AUS,DMC,AUNZ,AUS,Mon Jan 03 2028 00:00:00 GMT+0000 (Greenwich Mean Time),CJ14280319,19/03/2028,0,0,AUD,0,161,97,0,0,7,0,2027,Budget2025,v1,FOutsideAUSDMCCJ14280319Budget2025v1,FOutsideAUSDMCCJ14280319,Tue Jun 03 2025 08:50:38 GMT+0100 (British Summer Time),Fri Dec 31 9999 00:00:00 GMT+0000 (Greenwich Mean Time),1
F,7,Desert Days,Inside,USA,Travel Agency,NORAM,USA,Mon Jan 03 2028 00:00:00 GMT+0000 (Greenwich Mean Time),CJ07280305,05/03/2028,15,108,USD,0,182,166,19838,18033,70,7626,2027,Budget2025,v1,FInsideUSATravel AgencyCJ07280305Budget2025v1,FInsideUSATravel AgencyCJ07280305,Tue Jun 03 2025 08:50:38 GMT+0100 (British Summer Time),Fri Dec 31 9999 00:00:00 GMT+0000 (Greenwich Mean Time),1
F,3,Iconic Aegean,Outside,BLX,Travel Agency,EU,ROW,Mon Jan 03 2028 00:00:00 GMT+0000 (Greenwich Mean Time),CD03280324,24/03/2028,0,0,EUR,1,150,150,0,0,0,0,2027,Budget2025,v1,FOutsideBLXTravel AgencyCD03280324Budget2025v1,FOutsideBLXTravel AgencyCD03280324,Tue Jun 03 2025 08:50:38 GMT+0100 (British Summer Time),Fri Dec 31 9999 00:00:00 GMT+0000 (Greenwich Mean Time),1
G,4,Iconic Aegean,Deluxe,USA,DMC,NORAM,USA,Mon Jan 03 2028 00:00:00 GMT+0000 (Greenwich Mean Time),CD04280327,27/03/2028,30,120,USD,0,204,185,24525,22296,41,5031,2027,Budget2025,v1,GDeluxeUSADMCCD04280327Budget2025v1,GDeluxeUSADMCCD04280327,Tue Jun 03 2025 08:50:38 GMT+0100 (British Summer Time),Fri Dec 31 9999 00:00:00 GMT+0000 (Greenwich Mean Time),1
F,7,Desert Days,Outside,NZE,DMC,AUNZ,AUS,Mon Jan 03 2028 00:00:00 GMT+0000 (Greenwich Mean Time),CJ07280305,05/03/2028,0,0,AUD,0,278,167,0,0,0,0,2027,Budget2025,v1,FOutsideNZEDMCCJ07280305Budget2025v1,FOutsideNZEDMCCJ07280305,Tue Jun 03 2025 08:50:38 GMT+0100 (British Summer Time),Fri Dec 31 9999 00:00:00 GMT+0000 (Greenwich Mean Time),1
F,7,Desert Days,Inside,MID,Travel Agency,AWAY,Away Markets,Mon Jan 03 2028 00:00:00 GMT+0000 (Greenwich Mean Time),CJ07280312,12/03/2028,46,322,USD,0,182,166,58874,53519,0,0,2027,Budget2025,v1,FInsideMIDTravel AgencyCJ07280312Budget2025v1,FInsideMIDTravel AgencyCJ07280312,Tue Jun 03 2025 08:50:38 GMT+0100 (British Summer Time),Fri Dec 31 9999 00:00:00 GMT+0000 (Greenwich Mean Time),1
F,4,Iconic Aegean,Inside,JPN,Direct,APAC,ROW,Mon Jan 03 2028 00:00:00 GMT+0000 (Greenwich Mean Time),CD04280327,27/03/2028,0,0,USD,0,0,0,0,0,0,0,2027,Budget2025,v1,FInsideJPNDirectCD04280327Budget2025v1,FInsideJPNDirectCD04280327,Tue Jun 03 2025 08:50:38 GMT+0100 (British Summer Time),Fri Dec 31 9999 00:00:00 GMT+0000 (Greenwich Mean Time),1
F,3,Iconic Aegean,Inside,CAN,Tour Operator,NORAM,USA,Mon Jan 03 2028 00:00:00 GMT+0000 (Greenwich Mean Time),CD03280317,17/03/2028,0,0,USD,0,217,197,0,0,0,0,2027,Budget2025,v1,FInsideCANTour OperatorCD03280317Budget2025v1,FInsideCANTour OperatorCD03280317,Tue Jun 03 2025 08:50:38 GMT+0100 (British Summer Time),Fri Dec 31 9999 00:00:00 GMT+0000 (Greenwich Mean Time),1
G,4,Iconic Aegean,Outside,USA,DMC,NORAM,USA,Mon Jan 03 2028 00:00:00 GMT+0000 (Greenwich Mean Time),CD04280320,20/03/2028,139,556,USD,0,186,169,103694,94264,41,23312,2027,Budget2025,v1,GOutsideUSADMCCD04280320Budget2025v1,GOutsideUSADMCCD04280320,Tue Jun 03 2025 08:50:38 GMT+0100 (British Summer Time),Fri Dec 31 9999 00:00:00 GMT+0000 (Greenwich Mean Time),1
F,7,Desert Days,Deluxe,LAT,DMC,LATAM,LATAM,Mon Jan 03 2028 00:00:00 GMT+0000 (Greenwich Mean Time),CJ07280312,12/03/2028,2,17,USD,0,182,166,3199,2908,18,315,2027,Budget2025,v1,FDeluxeLATDMCCJ07280312Budget2025v1,FDeluxeLATDMCCJ07280312,Tue Jun 03 2025 08:50:38 GMT+0100 (British Summer Time),Fri Dec 31 9999 00:00:00 GMT+0000 (Greenwich Mean Time),1
F,3,Iconic Aegean,Deluxe,CAN,DMC,NORAM,USA,Mon Jan 03 2028 00:00:00 GMT+0000 (Greenwich Mean Time),CD03280317,17/03/2028,0,0,USD,0,241,219,0,0,88,0,2027,Budget2025,v1,FDeluxeCANDMCCD03280317Budget2025v1,FDeluxeCANDMCCD03280317,Tue Jun 03 2025 08:50:38 GMT+0100 (British Summer Time),Fri Dec 31 9999 00:00:00 GMT+0000 (Greenwich Mean Time),1
G,4,Iconic Aegean,Outside,FRA,Direct,FRANCE,FRANCE,Mon Jan 03 2028 00:00:00 GMT+0000 (Greenwich Mean Time),CD04280320,20/03/2028,0,0,EUR,1,0,0,0,0,25,0,2027,Budget2025,v1,GOutsideFRADirectCD04280320Budget2025v1,GOutsideFRADirectCD04280320,Tue Jun 03 2025 08:50:38 GMT+0100 (British Summer Time),Fri Dec 31 9999 00:00:00 GMT+0000 (Greenwich Mean Time),1
G,14,Positioning Journey,Outside,CYP,Travel Agency,HOME,Home Markets,Mon Jan 03 2028 00:00:00 GMT+0000 (Greenwich Mean Time),CJ14280319,19/03/2028,0,0,EUR,1,97,97,0,0,4,0,2027,Budget2025,v1,GOutsideCYPTravel AgencyCJ14280319Budget2025v1,GOutsideCYPTravel AgencyCJ14280319,Tue Jun 03 2025 08:50:38 GMT+0100 (British Summer Time),Fri Dec 31 9999 00:00:00 GMT+0000 (Greenwich Mean Time),1
G,4,Iconic Aegean,Deluxe,FRA,DMC,FRANCE,FRANCE,Mon Jan 03 2028 00:00:00 GMT+0000 (Greenwich Mean Time),CD04280327,27/03/2028,0,0,EUR,1,0,0,0,0,88,0,2027,Budget2025,v1,GDeluxeFRADMCCD04280327Budget2025v1,GDeluxeFRADMCCD04280327,Tue Jun 03 2025 08:50:38 GMT+0100 (British Summer Time),Fri Dec 31 9999 00:00:00 GMT+0000 (Greenwich Mean Time),1
G,4,Iconic Aegean,Inside,AFR,DMC,ROW,ROW,Mon Jan 03 2028 00:00:00 GMT+0000 (Greenwich Mean Time),CD04280320,20/03/2028,0,0,USD,0,0,0,0,0,25,0,2027,Budget2025,v1,GInsideAFRDMCCD04280320Budget2025v1,GInsideAFRDMCCD04280320,Tue Jun 03 2025 08:50:38 GMT+0100 (British Summer Time),Fri Dec 31 9999 00:00:00 GMT+0000 (Greenwich Mean Time),1
F,14,Positioning Journey,Inside,USA,Tour Operator,NORAM,USA,Mon Jan 03 2028 00:00:00 GMT+0000 (Greenwich Mean Time),CJ14280319,19/03/2028,3,42,USD,0,105,96,4441,4037,10,434,2027,Budget2025,v1,FInsideUSATour OperatorCJ14280319Budget2025v1,FInsideUSATour OperatorCJ14280319,Tue Jun 03 2025 08:50:38 GMT+0100 (British Summer Time),Fri Dec 31 9999 00:00:00 GMT+0000 (Greenwich Mean Time),1
F,7,Desert Days,Inside,TUR,Direct,HOME,Home Markets,Mon Jan 03 2028 00:00:00 GMT+0000 (Greenwich Mean Time),CJ07280312,12/03/2028,0,0,EUR,1,167,167,0,0,0,0,2027,Budget2025,v1,FInsideTURDirectCJ07280312Budget2025v1,FInsideTURDirectCJ07280312,Tue Jun 03 2025 08:50:38 GMT+0100 (British Summer Time),Fri Dec 31 9999 00:00:00 GMT+0000 (Greenwich Mean Time),1
F,4,Iconic Aegean,Inside,BLK,Tour Operator,HOME,Home Markets,Mon Jan 03 2028 00:00:00 GMT+0000 (Greenwich Mean Time),CD04280327,27/03/2028,0,0,EUR,1,120,120,0,0,30,0,2027,Budget2025,v1,FInsideBLKTour OperatorCD04280327Budget2025v1,FInsideBLKTour OperatorCD04280327,Tue Jun 03 2025 08:50:38 GMT+0100 (British Summer Time),Fri Dec 31 9999 00:00:00 GMT+0000 (Greenwich Mean Time),1
F,4,Iconic Aegean,Inside,BRI,DMC,UKIE,UKIE,Mon Jan 03 2028 00:00:00 GMT+0000 (Greenwich Mean Time),CD04280327,27/03/2028,0,0,GBP,1,0,0,0,0,0,0,2027,Budget2025,v1,FInsideBRIDMCCD04280327Budget2025v1,FInsideBRIDMCCD04280327,Tue Jun 03 2025 08:50:38 GMT+0100 (British Summer Time),Fri Dec 31 9999 00:00:00 GMT+0000 (Greenwich Mean Time),1
F,4,Iconic Aegean,Inside,JPN,Tour Operator,APAC,ROW,Mon Jan 03 2028 00:00:00 GMT+0000 (Greenwich Mean Time),CD04280320,20/03/2028,0,0,USD,0,168,153,0,0,47,0,2027,Budget2025,v1,FInsideJPNTour OperatorCD04280320Budget2025v1,FInsideJPNTour OperatorCD04280320,Tue Jun 03 2025 08:50:38 GMT+0100 (British Summer Time),Fri Dec 31 9999 00:00:00 GMT+0000 (Greenwich Mean Time),1
G,4,Iconic Aegean,Outside,BRI,Tour Operator,UKIE,UKIE,Mon Jan 03 2028 00:00:00 GMT+0000 (Greenwich Mean Time),CD04280327,27/03/2028,0,0,GBP,1,0,0,0,0,0,0,2027,Budget2025,v1,GOutsideBRITour OperatorCD04280327Budget2025v1,GOutsideBRITour OperatorCD04280327,Tue Jun 03 2025 08:50:38 GMT+0100 (British Summer Time),Fri Dec 31 9999 00:00:00 GMT+0000 (Greenwich Mean Time),1
G,4,Iconic Aegean,Outside,CYP,Tour Operator,HOME,Home Markets,Mon Jan 03 2028 00:00:00 GMT+0000 (Greenwich Mean Time),CD04280320,20/03/2028,0,0,EUR,1,142,142,0,0,0,0,2027,Budget2025,v1,GOutsideCYPTour OperatorCD04280320Budget2025v1,GOutsideCYPTour OperatorCD04280320,Tue Jun 03 2025 08:50:38 GMT+0100 (British Summer Time),Fri Dec 31 9999 00:00:00 GMT+0000 (Greenwich Mean Time),1
G,7,Desert Days,Outside,AUS,DMC,AUNZ,AUS,Mon Jan 03 2028 00:00:00 GMT+0000 (Greenwich Mean Time),CJ07280305,05/03/2028,0,0,AUD,0,278,167,0,0,15,0,2027,Budget2025,v1,GOutsideAUSDMCCJ07280305Budget2025v1,GOutsideAUSDMCCJ07280305,Tue Jun 03 2025 08:50:38 GMT+0100 (British Summer Time),Fri Dec 31 9999 00:00:00 GMT+0000 (Greenwich Mean Time),1
G,3,Iconic Aegean,Inside,JPN,Tour Operator,APAC,ROW,Mon Jan 03 2028 00:00:00 GMT+0000 (Greenwich Mean Time),CD03280317,17/03/2028,0,0,USD,0,165,150,0,0,40,0,2027,Budget2025,v1,GInsideJPNTour OperatorCD03280317Budget2025v1,GInsideJPNTour OperatorCD03280317,Tue Jun 03 2025 08:50:38 GMT+0100 (British Summer Time),Fri Dec 31 9999 00:00:00 GMT+0000 (Greenwich Mean Time),1
G,4,Iconic Aegean,Outside,CYP,Direct,HOME,Home Markets,Mon Jan 03 2028 00:00:00 GMT+0000 (Greenwich Mean Time),CD04280320,20/03/2028,0,0,EUR,1,120,120,0,0,10,0,2027,Budget2025,v1,GOutsideCYPDirectCD04280320Budget2025v1,GOutsideCYPDirectCD04280320,Tue Jun 03 2025 08:50:38 GMT+0100 (British Summer Time),Fri Dec 31 9999 00:00:00 GMT+0000 (Greenwich Mean Time),1
G,4,Iconic Aegean,Deluxe,NTH,Direct,EU,ROW,Mon Jan 03 2028 00:00:00 GMT+0000 (Greenwich Mean Time),CD04280327,27/03/2028,0,0,EUR,1,390,390,0,0,0,0,2027,Budget2025,v1,GDeluxeNTHDirectCD04280327Budget2025v1,GDeluxeNTHDirectCD04280327,Tue Jun 03 2025 08:50:38 GMT+0100 (British Summer Time),Fri Dec 31 9999 00:00:00 GMT+0000 (Greenwich Mean Time),1
G,14,Positioning Journey,Inside,NZE,Direct,AUNZ,AUS,Mon Jan 03 2028 00:00:00 GMT+0000 (Greenwich Mean Time),CJ14280319,19/03/2028,0,0,AUD,0,161,97,0,0,0,0,2027,Budget2025,v1,GInsideNZEDirectCJ14280319Budget2025v1,GInsideNZEDirectCJ14280319,Tue Jun 03 2025 08:50:38 GMT+0100 (British Summer Time),Fri Dec 31 9999 00:00:00 GMT+0000 (Greenwich Mean Time),1
G,3,Iconic Aegean,Deluxe,DAC,Tour Operator,GERMANY,ROW,Mon Jan 03 2028 00:00:00 GMT+0000 (Greenwich Mean Time),CD03280324,24/03/2028,0,0,EUR,1,0,0,0,0,0,0,2027,Budget2025,v1,GDeluxeDACTour OperatorCD03280324Budget2025v1,GDeluxeDACTour OperatorCD03280324,Tue Jun 03 2025 08:50:38 GMT+0100 (British Summer Time),Fri Dec 31 9999 00:00:00 GMT+0000 (Greenwich Mean Time),1
G,7,Desert Days,Inside,AFR,DMC,ROW,ROW,Mon Jan 03 2028 00:00:00 GMT+0000 (Greenwich Mean Time),CJ07280305,05/03/2028,0,0,USD,0,182,166,0,0,0,0,2027,Budget2025,v1,GInsideAFRDMCCJ07280305Budget2025v1,GInsideAFRDMCCJ07280305,Tue Jun 03 2025 08:50:38 GMT+0100 (British Summer Time),Fri Dec 31 9999 00:00:00 GMT+0000 (Greenwich Mean Time),1
G,4,Iconic Aegean,Inside,AUS,DMC,AUNZ,AUS,Mon Jan 03 2028 00:00:00 GMT+0000 (Greenwich Mean Time),CD04280320,20/03/2028,0,0,AUD,0,0,0,0,0,11,0,2027,Budget2025,v1,GInsideAUSDMCCD04280320Budget2025v1,GInsideAUSDMCCD04280320,Tue Jun 03 2025 08:50:38 GMT+0100 (British Summer Time),Fri Dec 31 9999 00:00:00 GMT+0000 (Greenwich Mean Time),1
G,7,Desert Days,Inside,JPN,Direct,APAC,ROW,Mon Jan 03 2028 00:00:00 GMT+0000 (Greenwich Mean Time),CJ07280312,12/03/2028,0,0,USD,0,182,166,0,0,0,0,2027,Budget2025,v1,GInsideJPNDirectCJ07280312Budget2025v1,GInsideJPNDirectCJ07280312,Tue Jun 03 2025 08:50:38 GMT+0100 (British Summer Time),Fri Dec 31 9999 00:00:00 GMT+0000 (Greenwich Mean Time),1
F,7,Desert Days,Outside,USA,Travel Agency,NORAM,USA,Mon Jan 03 2028 00:00:00 GMT+0000 (Greenwich Mean Time),CJ07280312,12/03/2028,42,297,USD,0,182,166,54394,49447,70,20911,2027,Budget2025,v1,FOutsideUSATravel AgencyCJ07280312Budget2025v1,FOutsideUSATravel AgencyCJ07280312,Tue Jun 03 2025 08:50:38 GMT+0100 (British Summer Time),Fri Dec 31 9999 00:00:00 GMT+0000 (Greenwich Mean Time),1
F,4,Iconic Aegean,Outside,BRI,Travel Agency,UKIE,UKIE,Mon Jan 03 2028 00:00:00 GMT+0000 (Greenwich Mean Time),CD04280320,20/03/2028,1,6,GBP,1,139,164,836,984,51,310,2027,Budget2025,v1,FOutsideBRITravel AgencyCD04280320Budget2025v1,FOutsideBRITravel AgencyCD04280320,Tue Jun 03 2025 08:50:38 GMT+0100 (British Summer Time),Fri Dec 31 9999 00:00:00 GMT+0000 (Greenwich Mean Time),1
F,7,Desert Days,Deluxe,DAC,Direct,GERMANY,ROW,Mon Jan 03 2028 00:00:00 GMT+0000 (Greenwich Mean Time),CJ07280305,05/03/2028,0,0,EUR,1,167,167,0,0,50,0,2027,Budget2025,v1,FDeluxeDACDirectCJ07280305Budget2025v1,FDeluxeDACDirectCJ07280305,Tue Jun 03 2025 08:50:38 GMT+0100 (British Summer Time),Fri Dec 31 9999 00:00:00 GMT+0000 (Greenwich Mean Time),1
G,4,Iconic Aegean,Deluxe,FRA,Travel Agency,FRANCE,FRANCE,Mon Jan 03 2028 00:00:00 GMT+0000 (Greenwich Mean Time),CD04280320,20/03/2028,0,0,EUR,1,232,232,0,0,26,0,2027,Budget2025,v1,GDeluxeFRATravel AgencyCD04280320Budget2025v1,GDeluxeFRATravel AgencyCD04280320,Tue Jun 03 2025 08:50:38 GMT+0100 (British Summer Time),Fri Dec 31 9999 00:00:00 GMT+0000 (Greenwich Mean Time),1
F,7,Desert Days,Inside,IND,Direct,AWAY,Away Markets,Mon Jan 03 2028 00:00:00 GMT+0000 (Greenwich Mean Time),CJ07280312,12/03/2028,0,0,USD,0,182,166,0,0,0,0,2027,Budget2025,v1,FInsideINDDirectCJ07280312Budget2025v1,FInsideINDDirectCJ07280312,Tue Jun 03 2025 08:50:38 GMT+0100 (British Summer Time),Fri Dec 31 9999 00:00:00 GMT+0000 (Greenwich Mean Time),1
F,7,Desert Days,Outside,CAN,Travel Agency,NORAM,USA,Mon Jan 03 2028 00:00:00 GMT+0000 (Greenwich Mean Time),CJ07280305,05/03/2028,4,28,USD,0,182,166,5119,4653,52,1459,2027,Budget2025,v1,FOutsideCANTravel AgencyCJ07280305Budget2025v1,FOutsideCANTravel AgencyCJ07280305,Tue Jun 03 2025 08:50:38 GMT+0100 (British Summer Time),Fri Dec 31 9999 00:00:00 GMT+0000 (Greenwich Mean Time),1
F,14,Positioning Journey,Deluxe,AFR,Direct,ROW,ROW,Mon Jan 03 2028 00:00:00 GMT+0000 (Greenwich Mean Time),CJ14280319,19/03/2028,0,0,USD,0,105,96,0,0,12,0,2027,Budget2025,v1,FDeluxeAFRDirectCJ14280319Budget2025v1,FDeluxeAFRDirectCJ14280319,Tue Jun 03 2025 08:50:38 GMT+0100 (British Summer Time),Fri Dec 31 9999 00:00:00 GMT+0000 (Greenwich Mean Time),1
F,7,Desert Days,Inside,APAC,Travel Agency,APAC,ROW,Mon Jan 03 2028 00:00:00 GMT+0000 (Greenwich Mean Time),CJ07280312,12/03/2028,1,7,USD,0,182,166,1279,1163,10,71,2027,Budget2025,v1,FInsideAPACTravel AgencyCJ07280312Budget2025v1,FInsideAPACTravel AgencyCJ07280312,Tue Jun 03 2025 08:50:38 GMT+0100 (British Summer Time),Fri Dec 31 9999 00:00:00 GMT+0000 (Greenwich Mean Time),1
F,3,Iconic Aegean,Outside,AUS,Tour Operator,AUNZ,AUS,Mon Jan 03 2028 00:00:00 GMT+0000 (Greenwich Mean Time),CD03280317,17/03/2028,1,4,AUD,0,221,133,997,600,30,138,2027,Budget2025,v1,FOutsideAUSTour OperatorCD03280317Budget2025v1,FOutsideAUSTour OperatorCD03280317,Tue Jun 03 2025 08:50:38 GMT+0100 (British Summer Time),Fri Dec 31 9999 00:00:00 GMT+0000 (Greenwich Mean Time),1
F,4,Iconic Aegean,Inside,BLX,Travel Agency,EU,ROW,Mon Jan 03 2028 00:00:00 GMT+0000 (Greenwich Mean Time),CD04280320,20/03/2028,0,0,EUR,1,122,122,0,0,0,0,2027,Budget2025,v1,FInsideBLXTravel AgencyCD04280320Budget2025v1,FInsideBLXTravel AgencyCD04280320,Tue Jun 03 2025 08:50:38 GMT+0100 (British Summer Time),Fri Dec 31 9999 00:00:00 GMT+0000 (Greenwich Mean Time),1
F,4,Iconic Aegean,Outside,RUS,Tour Operator,ROW,ROW,Mon Jan 03 2028 00:00:00 GMT+0000 (Greenwich Mean Time),CD04280327,27/03/2028,0,0,EUR,1,0,0,0,0,16,0,2027,Budget2025,v1,FOutsideRUSTour OperatorCD04280327Budget2025v1,FOutsideRUSTour OperatorCD04280327,Tue Jun 03 2025 08:50:38 GMT+0100 (British Summer Time),Fri Dec 31 9999 00:00:00 GMT+0000 (Greenwich Mean Time),1
G,4,Iconic Aegean,Outside,AFR,Tour Operator,ROW,ROW,Mon Jan 03 2028 00:00:00 GMT+0000 (Greenwich Mean Time),CD04280320,20/03/2028,0,0,USD,0,0,0,0,0,0,0,2027,Budget2025,v1,GOutsideAFRTour OperatorCD04280320Budget2025v1,GOutsideAFRTour OperatorCD04280320,Tue Jun 03 2025 08:50:38 GMT+0100 (British Summer Time),Fri Dec 31 9999 00:00:00 GMT+0000 (Greenwich Mean Time),1
F,3,Iconic Aegean,Inside,APAC,Tour Operator,APAC,ROW,Mon Jan 03 2028 00:00:00 GMT+0000 (Greenwich Mean Time),CD03280317,17/03/2028,4,12,USD,0,168,153,2024,1840,23,280,2027,Budget2025,v1,FInsideAPACTour OperatorCD03280317Budget2025v1,FInsideAPACTour OperatorCD03280317,Tue Jun 03 2025 08:50:38 GMT+0100 (British Summer Time),Fri Dec 31 9999 00:00:00 GMT+0000 (Greenwich Mean Time),1
G,3,Iconic Aegean,Deluxe,DAC,Travel Agency,GERMANY,ROW,Mon Jan 03 2028 00:00:00 GMT+0000 (Greenwich Mean Time),CD03280317,17/03/2028,0,0,EUR,1,241,241,0,0,19,0,2027,Budget2025,v1,GDeluxeDACTravel AgencyCD03280317Budget2025v1,GDeluxeDACTravel AgencyCD03280317,Tue Jun 03 2025 08:50:38 GMT+0100 (British Summer Time),Fri Dec 31 9999 00:00:00 GMT+0000 (Greenwich Mean Time),1
F,3,Iconic Aegean,Deluxe,MID,Direct,AWAY,Away Markets,Mon Jan 03 2028 00:00:00 GMT+0000 (Greenwich Mean Time),CD03280317,17/03/2028,0,0,USD,0,0,0,0,0,0,0,2027,Budget2025,v1,FDeluxeMIDDirectCD03280317Budget2025v1,FDeluxeMIDDirectCD03280317,Tue Jun 03 2025 08:50:38 GMT+0100 (British Summer Time),Fri Dec 31 9999 00:00:00 GMT+0000 (Greenwich Mean Time),1
G,3,Iconic Aegean,Deluxe,IND,DMC,AWAY,Away Markets,Mon Jan 03 2028 00:00:00 GMT+0000 (Greenwich Mean Time),CD03280317,17/03/2028,0,0,USD,0,0,0,0,0,101,0,2027,Budget2025,v1,GDeluxeINDDMCCD03280317Budget2025v1,GDeluxeINDDMCCD03280317,Tue Jun 03 2025 08:50:38 GMT+0100 (British Summer Time),Fri Dec 31 9999 00:00:00 GMT+0000 (Greenwich Mean Time),1
G,4,Iconic Aegean,Deluxe,CYP,DMC,HOME,Home Markets,Mon Jan 03 2028 00:00:00 GMT+0000 (Greenwich Mean Time),CD04280327,27/03/2028,0,0,EUR,1,0,0,0,0,0,0,2027,Budget2025,v1,GDeluxeCYPDMCCD04280327Budget2025v1,GDeluxeCYPDMCCD04280327,Tue Jun 03 2025 08:50:38 GMT+0100 (British Summer Time),Fri Dec 31 9999 00:00:00 GMT+0000 (Greenwich Mean Time),1
F,7,Desert Days,Inside,JPN,Tour Operator,APAC,ROW,Mon Jan 03 2028 00:00:00 GMT+0000 (Greenwich Mean Time),CJ07280312,12/03/2028,0,0,USD,0,182,166,0,0,0,0,2027,Budget2025,v1,FInsideJPNTour OperatorCJ07280312Budget2025v1,FInsideJPNTour OperatorCJ07280312,Tue Jun 03 2025 08:50:38 GMT+0100 (British Summer Time),Fri Dec 31 9999 00:00:00 GMT+0000 (Greenwich Mean Time),1
F,7,Desert Days,Deluxe,FRA,Tour Operator,FRANCE,FRANCE,Mon Jan 03 2028 00:00:00 GMT+0000 (Greenwich Mean Time),CJ07280305,05/03/2028,1,7,EUR,1,167,167,1174,1174,83,586,2027,Budget2025,v1,FDeluxeFRATour OperatorCJ07280305Budget2025v1,FDeluxeFRATour OperatorCJ07280305,Tue Jun 03 2025 08:50:38 GMT+0100 (British Summer Time),Fri Dec 31 9999 00:00:00 GMT+0000 (Greenwich Mean Time),1
F,4,Iconic Aegean,Inside,RUS,DMC,ROW,ROW,Mon Jan 03 2028 00:00:00 GMT+0000 (Greenwich Mean Time),CD04280320,20/03/2028,0,0,EUR,1,0,0,0,0,0,0,2027,Budget2025,v1,FInsideRUSDMCCD04280320Budget2025v1,FInsideRUSDMCCD04280320,Tue Jun 03 2025 08:50:38 GMT+0100 (British Summer Time),Fri Dec 31 9999 00:00:00 GMT+0000 (Greenwich Mean Time),1
G,7,Desert Days,Deluxe,SCN,Tour Operator,EU,ROW,Mon Jan 03 2028 00:00:00 GMT+0000 (Greenwich Mean Time),CJ07280312,12/03/2028,0,0,EUR,1,167,167,0,0,0,0,2027,Budget2025,v1,GDeluxeSCNTour OperatorCJ07280312Budget2025v1,GDeluxeSCNTour OperatorCJ07280312,Tue Jun 03 2025 08:50:38 GMT+0100 (British Summer Time),Fri Dec 31 9999 00:00:00 GMT+0000 (Greenwich Mean Time),1
F,4,Iconic Aegean,Deluxe,USA,DMC,NORAM,USA,Mon Jan 03 2028 00:00:00 GMT+0000 (Greenwich Mean Time),CD04280320,20/03/2028,1,6,USD,0,208,189,1252,1138,41,251,2027,Budget2025,v1,FDeluxeUSADMCCD04280320Budget2025v1,FDeluxeUSADMCCD04280320,Tue Jun 03 2025 08:50:38 GMT+0100 (British Summer Time),Fri Dec 31 9999 00:00:00 GMT+0000 (Greenwich Mean Time),1
G,14,Positioning Journey,Outside,NZE,DMC,AUNZ,AUS,Mon Jan 03 2028 00:00:00 GMT+0000 (Greenwich Mean Time),CJ14280319,19/03/2028,0,0,AUD,0,161,97,0,0,0,0,2027,Budget2025,v1,GOutsideNZEDMCCJ14280319Budget2025v1,GOutsideNZEDMCCJ14280319,Tue Jun 03 2025 08:50:38 GMT+0100 (British Summer Time),Fri Dec 31 9999 00:00:00 GMT+0000 (Greenwich Mean Time),1
G,3,Iconic Aegean,Outside,EAS,Tour Operator,EU,ROW,Mon Jan 03 2028 00:00:00 GMT+0000 (Greenwich Mean Time),CD03280324,24/03/2028,0,0,EUR,1,0,0,0,0,2,0,2027,Budget2025,v1,GOutsideEASTour OperatorCD03280324Budget2025v1,GOutsideEASTour OperatorCD03280324,Tue Jun 03 2025 08:50:38 GMT+0100 (British Summer Time),Fri Dec 31 9999 00:00:00 GMT+0000 (Greenwich Mean Time),1
G,7,Desert Days,Inside,SIP,DMC,SIP,SIP,Mon Jan 03 2028 00:00:00 GMT+0000 (Greenwich Mean Time),CJ07280305,05/03/2028,0,0,EUR,1,167,167,0,0,13,0,2027,Budget2025,v1,GInsideSIPDMCCJ07280305Budget2025v1,GInsideSIPDMCCJ07280305,Tue Jun 03 2025 08:50:38 GMT+0100 (British Summer Time),Fri Dec 31 9999 00:00:00 GMT+0000 (Greenwich Mean Time),1
G,3,Iconic Aegean,Deluxe,TUR,Tour Operator,HOME,Home Markets,Mon Jan 03 2028 00:00:00 GMT+0000 (Greenwich Mean Time),CD03280317,17/03/2028,0,0,EUR,1,241,241,0,0,13,0,2027,Budget2025,v1,GDeluxeTURTour OperatorCD03280317Budget2025v1,GDeluxeTURTour OperatorCD03280317,Tue Jun 03 2025 08:50:38 GMT+0100 (British Summer Time),Fri Dec 31 9999 00:00:00 GMT+0000 (Greenwich Mean Time),1
F,7,Desert Days,Outside,IND,Travel Agency,AWAY,Away Markets,Mon Jan 03 2028 00:00:00 GMT+0000 (Greenwich Mean Time),CJ07280305,05/03/2028,0,0,USD,0,182,166,0,0,0,0,2027,Budget2025,v1,FOutsideINDTravel AgencyCJ07280305Budget2025v1,FOutsideINDTravel AgencyCJ07280305,Tue Jun 03 2025 08:50:38 GMT+0100 (British Summer Time),Fri Dec 31 9999 00:00:00 GMT+0000 (Greenwich Mean Time),1
G,14,Positioning Journey,Outside,NZE,Travel Agency,AUNZ,AUS,Mon Jan 03 2028 00:00:00 GMT+0000 (Greenwich Mean Time),CJ14280319,19/03/2028,0,0,AUD,0,161,97,0,0,10,0,2027,Budget2025,v1,GOutsideNZETravel AgencyCJ14280319Budget2025v1,GOutsideNZETravel AgencyCJ14280319,Tue Jun 03 2025 08:50:38 GMT+0100 (British Summer Time),Fri Dec 31 9999 00:00:00 GMT+0000 (Greenwich Mean Time),1
G,4,Iconic Aegean,Deluxe,USA,DMC,NORAM,USA,Mon Jan 03 2028 00:00:00 GMT+0000 (Greenwich Mean Time),CD04280320,20/03/2028,30,120,USD,0,204,185,24525,22296,41,5031,2027,Budget2025,v1,GDeluxeUSADMCCD04280320Budget2025v1,GDeluxeUSADMCCD04280320,Tue Jun 03 2025 08:50:38 GMT+0100 (British Summer Time),Fri Dec 31 9999 00:00:00 GMT+0000 (Greenwich Mean Time),1
G,4,Iconic Aegean,Inside,NTH,Travel Agency,EU,ROW,Mon Jan 03 2028 00:00:00 GMT+0000 (Greenwich Mean Time),CD04280327,27/03/2028,0,0,EUR,1,120,120,0,0,1,0,2027,Budget2025,v1,GInsideNTHTravel AgencyCD04280327Budget2025v1,GInsideNTHTravel AgencyCD04280327,Tue Jun 03 2025 08:50:38 GMT+0100 (British Summer Time),Fri Dec 31 9999 00:00:00 GMT+0000 (Greenwich Mean Time),1
G,4,Iconic Aegean,Deluxe,CAN,Tour Operator,NORAM,USA,Mon Jan 03 2028 00:00:00 GMT+0000 (Greenwich Mean Time),CD04280320,20/03/2028,0,0,USD,0,0,0,0,0,153,0,2027,Budget2025,v1,GDeluxeCANTour OperatorCD04280320Budget2025v1,GDeluxeCANTour OperatorCD04280320,Tue Jun 03 2025 08:50:38 GMT+0100 (British Summer Time),Fri Dec 31 9999 00:00:00 GMT+0000 (Greenwich Mean Time),1
G,3,Iconic Aegean,Inside,CHI,Travel Agency,APAC,ROW,Mon Jan 03 2028 00:00:00 GMT+0000 (Greenwich Mean Time),CD03280317,17/03/2028,0,0,USD,0,0,0,0,0,65,0,2027,Budget2025,v1,GInsideCHITravel AgencyCD03280317Budget2025v1,GInsideCHITravel AgencyCD03280317,Tue Jun 03 2025 08:50:38 GMT+0100 (British Summer Time),Fri Dec 31 9999 00:00:00 GMT+0000 (Greenwich Mean Time),1
F,3,Iconic Aegean,Outside,FRA,Travel Agency,FRANCE,FRANCE,Mon Jan 03 2028 00:00:00 GMT+0000 (Greenwich Mean Time),CD03280317,17/03/2028,3,9,EUR,1,160,160,1440,1440,9,89,2027,Budget2025,v1,FOutsideFRATravel AgencyCD03280317Budget2025v1,FOutsideFRATravel AgencyCD03280317,Tue Jun 03 2025 08:50:38 GMT+0100 (British Summer Time),Fri Dec 31 9999 00:00:00 GMT+0000 (Greenwich Mean Time),1
G,3,Iconic Aegean,Outside,AUS,Travel Agency,AUNZ,AUS,Mon Jan 03 2028 00:00:00 GMT+0000 (Greenwich Mean Time),CD03280324,24/03/2028,0,0,AUD,0,307,185,0,0,35,0,2027,Budget2025,v1,GOutsideAUSTravel AgencyCD03280324Budget2025v1,GOutsideAUSTravel AgencyCD03280324,Tue Jun 03 2025 08:50:38 GMT+0100 (British Summer Time),Fri Dec 31 9999 00:00:00 GMT+0000 (Greenwich Mean Time),1
G,4,Iconic Aegean,Inside,BRI,DMC,UKIE,UKIE,Mon Jan 03 2028 00:00:00 GMT+0000 (Greenwich Mean Time),CD04280320,20/03/2028,0,0,GBP,1,0,0,0,0,0,0,2027,Budget2025,v1,GInsideBRIDMCCD04280320Budget2025v1,GInsideBRIDMCCD04280320,Tue Jun 03 2025 08:50:38 GMT+0100 (British Summer Time),Fri Dec 31 9999 00:00:00 GMT+0000 (Greenwich Mean Time),1
G,3,Iconic Aegean,Inside,CHI,Tour Operator,APAC,ROW,Mon Jan 03 2028 00:00:00 GMT+0000 (Greenwich Mean Time),CD03280324,24/03/2028,0,0,USD,0,165,150,0,0,17,0,2027,Budget2025,v1,GInsideCHITour OperatorCD03280324Budget2025v1,GInsideCHITour OperatorCD03280324,Tue Jun 03 2025 08:50:38 GMT+0100 (British Summer Time),Fri Dec 31 9999 00:00:00 GMT+0000 (Greenwich Mean Time),1
F,3,Iconic Aegean,Outside,BLX,Tour Operator,EU,ROW,Mon Jan 03 2028 00:00:00 GMT+0000 (Greenwich Mean Time),CD03280317,17/03/2028,0,0,EUR,1,0,0,0,0,0,0,2027,Budget2025,v1,FOutsideBLXTour OperatorCD03280317Budget2025v1,FOutsideBLXTour OperatorCD03280317,Tue Jun 03 2025 08:50:38 GMT+0100 (British Summer Time),Fri Dec 31 9999 00:00:00 GMT+0000 (Greenwich Mean Time),1
G,4,Iconic Aegean,Inside,IND,Direct,AWAY,Away Markets,Mon Jan 03 2028 00:00:00 GMT+0000 (Greenwich Mean Time),CD04280327,27/03/2028,0,0,USD,0,0,0,0,0,0,0,2027,Budget2025,v1,GInsideINDDirectCD04280327Budget2025v1,GInsideINDDirectCD04280327,Tue Jun 03 2025 08:50:38 GMT+0100 (British Summer Time),Fri Dec 31 9999 00:00:00 GMT+0000 (Greenwich Mean Time),1
F,3,Iconic Aegean,Inside,JPN,Direct,APAC,ROW,Mon Jan 03 2028 00:00:00 GMT+0000 (Greenwich Mean Time),CD03280324,24/03/2028,0,0,USD,0,0,0,0,0,0,0,2027,Budget2025,v1,FInsideJPNDirectCD03280324Budget2025v1,FInsideJPNDirectCD03280324,Tue Jun 03 2025 08:50:38 GMT+0100 (British Summer Time),Fri Dec 31 9999 00:00:00 GMT+0000 (Greenwich Mean Time),1
G,14,Positioning Journey,Deluxe,SCN,Direct,EU,ROW,Mon Jan 03 2028 00:00:00 GMT+0000 (Greenwich Mean Time),CJ14280319,19/03/2028,0,0,EUR,1,97,97,0,0,5,0,2027,Budget2025,v1,GDeluxeSCNDirectCJ14280319Budget2025v1,GDeluxeSCNDirectCJ14280319,Tue Jun 03 2025 08:50:38 GMT+0100 (British Summer Time),Fri Dec 31 9999 00:00:00 GMT+0000 (Greenwich Mean Time),1
G,4,Iconic Aegean,Deluxe,AUS,Travel Agency,AUNZ,AUS,Mon Jan 03 2028 00:00:00 GMT+0000 (Greenwich Mean Time),CD04280320,20/03/2028,0,0,AUD,0,0,0,0,0,30,0,2027,Budget2025,v1,GDeluxeAUSTravel AgencyCD04280320Budget2025v1,GDeluxeAUSTravel AgencyCD04280320,Tue Jun 03 2025 08:50:38 GMT+0100 (British Summer Time),Fri Dec 31 9999 00:00:00 GMT+0000 (Greenwich Mean Time),1
G,3,Iconic Aegean,Deluxe,SCN,Travel Agency,EU,ROW,Mon Jan 03 2028 00:00:00 GMT+0000 (Greenwich Mean Time),CD03280324,24/03/2028,0,0,EUR,1,0,0,0,0,0,0,2027,Budget2025,v1,GDeluxeSCNTravel AgencyCD03280324Budget2025v1,GDeluxeSCNTravel AgencyCD03280324,Tue Jun 03 2025 08:50:38 GMT+0100 (British Summer Time),Fri Dec 31 9999 00:00:00 GMT+0000 (Greenwich Mean Time),1
F,7,Desert Days,Inside,IND,DMC,AWAY,Away Markets,Mon Jan 03 2028 00:00:00 GMT+0000 (Greenwich Mean Time),CJ07280312,12/03/2028,0,0,USD,0,182,166,0,0,0,0,2027,Budget2025,v1,FInsideINDDMCCJ07280312Budget2025v1,FInsideINDDMCCJ07280312,Tue Jun 03 2025 08:50:38 GMT+0100 (British Summer Time),Fri Dec 31 9999 00:00:00 GMT+0000 (Greenwich Mean Time),1
G,4,Iconic Aegean,Inside,IND,Tour Operator,AWAY,Away Markets,Mon Jan 03 2028 00:00:00 GMT+0000 (Greenwich Mean Time),CD04280320,20/03/2028,0,0,USD,0,135,122,0,0,0,0,2027,Budget2025,v1,GInsideINDTour OperatorCD04280320Budget2025v1,GInsideINDTour OperatorCD04280320,Tue Jun 03 2025 08:50:38 GMT+0100 (British Summer Time),Fri Dec 31 9999 00:00:00 GMT+0000 (Greenwich Mean Time),1
G,3,Iconic Aegean,Outside,SCN,DMC,EU,ROW,Mon Jan 03 2028 00:00:00 GMT+0000 (Greenwich Mean Time),CD03280324,24/03/2028,0,0,EUR,1,0,0,0,0,0,0,2027,Budget2025,v1,GOutsideSCNDMCCD03280324Budget2025v1,GOutsideSCNDMCCD03280324,Tue Jun 03 2025 08:50:38 GMT+0100 (British Summer Time),Fri Dec 31 9999 00:00:00 GMT+0000 (Greenwich Mean Time),1
G,4,Iconic Aegean,Deluxe,NTH,Tour Operator,EU,ROW,Mon Jan 03 2028 00:00:00 GMT+0000 (Greenwich Mean Time),CD04280327,27/03/2028,0,0,EUR,1,0,0,0,0,0,0,2027,Budget2025,v1,GDeluxeNTHTour OperatorCD04280327Budget2025v1,GDeluxeNTHTour OperatorCD04280327,Tue Jun 03 2025 08:50:38 GMT+0100 (British Summer Time),Fri Dec 31 9999 00:00:00 GMT+0000 (Greenwich Mean Time),1
G,3,Iconic Aegean,Inside,CYP,DMC,HOME,Home Markets,Mon Jan 03 2028 00:00:00 GMT+0000 (Greenwich Mean Time),CD03280324,24/03/2028,0,0,EUR,1,108,108,0,0,0,0,2027,Budget2025,v1,GInsideCYPDMCCD03280324Budget2025v1,GInsideCYPDMCCD03280324,Tue Jun 03 2025 08:50:38 GMT+0100 (British Summer Time),Fri Dec 31 9999 00:00:00 GMT+0000 (Greenwich Mean Time),1
G,4,Iconic Aegean,Deluxe,APAC,Tour Operator,APAC,ROW,Mon Jan 03 2028 00:00:00 GMT+0000 (Greenwich Mean Time),CD04280327,27/03/2028,0,0,USD,0,430,391,0,0,40,0,2027,Budget2025,v1,GDeluxeAPACTour OperatorCD04280327Budget2025v1,GDeluxeAPACTour OperatorCD04280327,Tue Jun 03 2025 08:50:38 GMT+0100 (British Summer Time),Fri Dec 31 9999 00:00:00 GMT+0000 (Greenwich Mean Time),1
F,4,Iconic Aegean,Inside,SIP,DMC,SIP,SIP,Mon Jan 03 2028 00:00:00 GMT+0000 (Greenwich Mean Time),CD04280327,27/03/2028,16,66,EUR,1,135,135,8945,8945,18,1213,2027,Budget2025,v1,FInsideSIPDMCCD04280327Budget2025v1,FInsideSIPDMCCD04280327,Tue Jun 03 2025 08:50:38 GMT+0100 (British Summer Time),Fri Dec 31 9999 00:00:00 GMT+0000 (Greenwich Mean Time),1
G,3,Iconic Aegean,Deluxe,APAC,Direct,APAC,ROW,Mon Jan 03 2028 00:00:00 GMT+0000 (Greenwich Mean Time),CD03280324,24/03/2028,0,0,USD,0,0,0,0,0,0,0,2027,Budget2025,v1,GDeluxeAPACDirectCD03280324Budget2025v1,GDeluxeAPACDirectCD03280324,Tue Jun 03 2025 08:50:38 GMT+0100 (British Summer Time),Fri Dec 31 9999 00:00:00 GMT+0000 (Greenwich Mean Time),1
G,7,Desert Days,Outside,NTH,Direct,EU,ROW,Mon Jan 03 2028 00:00:00 GMT+0000 (Greenwich Mean Time),CJ07280305,05/03/2028,0,0,EUR,1,167,167,0,0,0,0,2027,Budget2025,v1,GOutsideNTHDirectCJ07280305Budget2025v1,GOutsideNTHDirectCJ07280305,Tue Jun 03 2025 08:50:38 GMT+0100 (British Summer Time),Fri Dec 31 9999 00:00:00 GMT+0000 (Greenwich Mean Time),1
F,4,Iconic Aegean,Outside,APAC,Travel Agency,APAC,ROW,Mon Jan 03 2028 00:00:00 GMT+0000 (Greenwich Mean Time),CD04280327,27/03/2028,0,0,USD,0,170,155,0,0,23,0,2027,Budget2025,v1,FOutsideAPACTravel AgencyCD04280327Budget2025v1,FOutsideAPACTravel AgencyCD04280327,Tue Jun 03 2025 08:50:38 GMT+0100 (British Summer Time),Fri Dec 31 9999 00:00:00 GMT+0000 (Greenwich Mean Time),1
G,3,Iconic Aegean,Outside,FRA,Travel Agency,FRANCE,FRANCE,Mon Jan 03 2028 00:00:00 GMT+0000 (Greenwich Mean Time),CD03280324,24/03/2028,0,0,EUR,1,156,156,0,0,9,0,2027,Budget2025,v1,GOutsideFRATravel AgencyCD03280324Budget2025v1,GOutsideFRATravel AgencyCD03280324,Tue Jun 03 2025 08:50:38 GMT+0100 (British Summer Time),Fri Dec 31 9999 00:00:00 GMT+0000 (Greenwich Mean Time),1
G,4,Iconic Aegean,Outside,CHI,DMC,APAC,ROW,Mon Jan 03 2028 00:00:00 GMT+0000 (Greenwich Mean Time),CD04280320,20/03/2028,0,0,USD,0,167,152,0,0,0,0,2027,Budget2025,v1,GOutsideCHIDMCCD04280320Budget2025v1,GOutsideCHIDMCCD04280320,Tue Jun 03 2025 08:50:38 GMT+0100 (British Summer Time),Fri Dec 31 9999 00:00:00 GMT+0000 (Greenwich Mean Time),1
F,7,Desert Days,Deluxe,NZE,Travel Agency,AUNZ,AUS,Mon Jan 03 2028 00:00:00 GMT+0000 (Greenwich Mean Time),CJ07280305,05/03/2028,0,0,AUD,0,278,167,0,0,20,0,2027,Budget2025,v1,FDeluxeNZETravel AgencyCJ07280305Budget2025v1,FDeluxeNZETravel AgencyCJ07280305,Tue Jun 03 2025 08:50:38 GMT+0100 (British Summer Time),Fri Dec 31 9999 00:00:00 GMT+0000 (Greenwich Mean Time),1
G,3,Iconic Aegean,Inside,NZE,DMC,AUNZ,AUS,Mon Jan 03 2028 00:00:00 GMT+0000 (Greenwich Mean Time),CD03280324,24/03/2028,0,0,AUD,0,0,0,0,0,0,0,2027,Budget2025,v1,GInsideNZEDMCCD03280324Budget2025v1,GInsideNZEDMCCD03280324,Tue Jun 03 2025 08:50:38 GMT+0100 (British Summer Time),Fri Dec 31 9999 00:00:00 GMT+0000 (Greenwich Mean Time),1
F,4,Iconic Aegean,Outside,SCN,Direct,EU,ROW,Mon Jan 03 2028 00:00:00 GMT+0000 (Greenwich Mean Time),CD04280320,20/03/2028,0,0,EUR,1,157,157,0,0,21,0,2027,Budget2025,v1,FOutsideSCNDirectCD04280320Budget2025v1,FOutsideSCNDirectCD04280320,Tue Jun 03 2025 08:50:38 GMT+0100 (British Summer Time),Fri Dec 31 9999 00:00:00 GMT+0000 (Greenwich Mean Time),1
G,7,Desert Days,Outside,IND,Travel Agency,AWAY,Away Markets,Mon Jan 03 2028 00:00:00 GMT+0000 (Greenwich Mean Time),CJ07280305,05/03/2028,0,0,USD,0,182,166,0,0,0,0,2027,Budget2025,v1,GOutsideINDTravel AgencyCJ07280305Budget2025v1,GOutsideINDTravel AgencyCJ07280305,Tue Jun 03 2025 08:50:38 GMT+0100 (British Summer Time),Fri Dec 31 9999 00:00:00 GMT+0000 (Greenwich Mean Time),1
F,4,Iconic Aegean,Outside,BRI,Direct,UKIE,UKIE,Mon Jan 03 2028 00:00:00 GMT+0000 (Greenwich Mean Time),CD04280320,20/03/2028,4,18,GBP,1,139,164,2509,2952,38,696,2027,Budget2025,v1,FOutsideBRIDirectCD04280320Budget2025v1,FOutsideBRIDirectCD04280320,Tue Jun 03 2025 08:50:38 GMT+0100 (British Summer Time),Fri Dec 31 9999 00:00:00 GMT+0000 (Greenwich Mean Time),1
G,14,Positioning Journey,Deluxe,USA,Travel Agency,NORAM,USA,Mon Jan 03 2028 00:00:00 GMT+0000 (Greenwich Mean Time),CJ14280319,19/03/2028,0,0,USD,0,105,96,0,0,34,0,2027,Budget2025,v1,GDeluxeUSATravel AgencyCJ14280319Budget2025v1,GDeluxeUSATravel AgencyCJ14280319,Tue Jun 03 2025 08:50:38 GMT+0100 (British Summer Time),Fri Dec 31 9999 00:00:00 GMT+0000 (Greenwich Mean Time),1
F,4,Iconic Aegean,Outside,AUS,Travel Agency,AUNZ,AUS,Mon Jan 03 2028 00:00:00 GMT+0000 (Greenwich Mean Time),CD04280320,20/03/2028,1,6,AUD,0,313,189,1882,1134,30,182,2027,Budget2025,v1,FOutsideAUSTravel AgencyCD04280320Budget2025v1,FOutsideAUSTravel AgencyCD04280320,Tue Jun 03 2025 08:50:38 GMT+0100 (British Summer Time),Fri Dec 31 9999 00:00:00 GMT+0000 (Greenwich Mean Time),1
G,4,Iconic Aegean,Inside,IND,Travel Agency,AWAY,Away Markets,Mon Jan 03 2028 00:00:00 GMT+0000 (Greenwich Mean Time),CD04280327,27/03/2028,0,0,USD,0,0,0,0,0,0,0,2027,Budget2025,v1,GInsideINDTravel AgencyCD04280327Budget2025v1,GInsideINDTravel AgencyCD04280327,Tue Jun 03 2025 08:50:38 GMT+0100 (British Summer Time),Fri Dec 31 9999 00:00:00 GMT+0000 (Greenwich Mean Time),1
F,7,Desert Days,Deluxe,JPN,Tour Operator,APAC,ROW,Mon Jan 03 2028 00:00:00 GMT+0000 (Greenwich Mean Time),CJ07280312,12/03/2028,0,0,USD,0,182,166,0,0,0,0,2027,Budget2025,v1,FDeluxeJPNTour OperatorCJ07280312Budget2025v1,FDeluxeJPNTour OperatorCJ07280312,Tue Jun 03 2025 08:50:38 GMT+0100 (British Summer Time),Fri Dec 31 9999 00:00:00 GMT+0000 (Greenwich Mean Time),1
G,3,Iconic Aegean,Inside,APAC,Tour Operator,APAC,ROW,Mon Jan 03 2028 00:00:00 GMT+0000 (Greenwich Mean Time),CD03280317,17/03/2028,13,40,USD,0,165,150,6690,6082,23,947,2027,Budget2025,v1,GInsideAPACTour OperatorCD03280317Budget2025v1,GInsideAPACTour OperatorCD03280317,Tue Jun 03 2025 08:50:38 GMT+0100 (British Summer Time),Fri Dec 31 9999 00:00:00 GMT+0000 (Greenwich Mean Time),1
F,4,Iconic Aegean,Outside,RUS,Travel Agency,ROW,ROW,Mon Jan 03 2028 00:00:00 GMT+0000 (Greenwich Mean Time),CD04280327,27/03/2028,0,0,EUR,1,143,143,0,0,1,0,2027,Budget2025,v1,FOutsideRUSTravel AgencyCD04280327Budget2025v1,FOutsideRUSTravel AgencyCD04280327,Tue Jun 03 2025 08:50:38 GMT+0100 (British Summer Time),Fri Dec 31 9999 00:00:00 GMT+0000 (Greenwich Mean Time),1
G,4,Iconic Aegean,Deluxe,NZE,Tour Operator,AUNZ,AUS,Mon Jan 03 2028 00:00:00 GMT+0000 (Greenwich Mean Time),CD04280327,27/03/2028,0,0,AUD,0,0,0,0,0,35,0,2027,Budget2025,v1,GDeluxeNZETour OperatorCD04280327Budget2025v1,GDeluxeNZETour OperatorCD04280327,Tue Jun 03 2025 08:50:38 GMT+0100 (British Summer Time),Fri Dec 31 9999 00:00:00 GMT+0000 (Greenwich Mean Time),1
G,14,Positioning Journey,Inside,AUS,Tour Operator,AUNZ,AUS,Mon Jan 03 2028 00:00:00 GMT+0000 (Greenwich Mean Time),CJ14280319,19/03/2028,0,0,AUD,0,161,97,0,0,16,0,2027,Budget2025,v1,GInsideAUSTour OperatorCJ14280319Budget2025v1,GInsideAUSTour OperatorCJ14280319,Tue Jun 03 2025 08:50:38 GMT+0100 (British Summer Time),Fri Dec 31 9999 00:00:00 GMT+0000 (Greenwich Mean Time),1
G,7,Desert Days,Deluxe,FRA,Direct,FRANCE,FRANCE,Mon Jan 03 2028 00:00:00 GMT+0000 (Greenwich Mean Time),CJ07280305,05/03/2028,0,0,EUR,1,167,167,0,0,39,0,2027,Budget2025,v1,GDeluxeFRADirectCJ07280305Budget2025v1,GDeluxeFRADirectCJ07280305,Tue Jun 03 2025 08:50:38 GMT+0100 (British Summer Time),Fri Dec 31 9999 00:00:00 GMT+0000 (Greenwich Mean Time),1
F,3,Iconic Aegean,Outside,SIP,DMC,SIP,SIP,Mon Jan 03 2028 00:00:00 GMT+0000 (Greenwich Mean Time),CD03280317,17/03/2028,1,4,EUR,1,148,148,666,666,39,179,2027,Budget2025,v1,FOutsideSIPDMCCD03280317Budget2025v1,FOutsideSIPDMCCD03280317,Tue Jun 03 2025 08:50:38 GMT+0100 (British Summer Time),Fri Dec 31 9999 00:00:00 GMT+0000 (Greenwich Mean Time),1
G,14,Positioning Journey,Inside,AUS,DMC,AUNZ,AUS,Mon Jan 03 2028 00:00:00 GMT+0000 (Greenwich Mean Time),CJ14280319,19/03/2028,0,0,AUD,0,161,97,0,0,7,0,2027,Budget2025,v1,GInsideAUSDMCCJ14280319Budget2025v1,GInsideAUSDMCCJ14280319,Tue Jun 03 2025 08:50:38 GMT+0100 (British Summer Time),Fri Dec 31 9999 00:00:00 GMT+0000 (Greenwich Mean Time),1
G,3,Iconic Aegean,Deluxe,CHI,DMC,APAC,ROW,Mon Jan 03 2028 00:00:00 GMT+0000 (Greenwich Mean Time),CD03280317,17/03/2028,0,0,USD,0,165,150,0,0,0,0,2027,Budget2025,v1,GDeluxeCHIDMCCD03280317Budget2025v1,GDeluxeCHIDMCCD03280317,Tue Jun 03 2025 08:50:38 GMT+0100 (British Summer Time),Fri Dec 31 9999 00:00:00 GMT+0000 (Greenwich Mean Time),1
G,7,Desert Days,Inside,LAT,Tour Operator,LATAM,LATAM,Mon Jan 03 2028 00:00:00 GMT+0000 (Greenwich Mean Time),CJ07280305,05/03/2028,0,0,USD,0,182,166,0,0,12,0,2027,Budget2025,v1,GInsideLATTour OperatorCJ07280305Budget2025v1,GInsideLATTour OperatorCJ07280305,Tue Jun 03 2025 08:50:38 GMT+0100 (British Summer Time),Fri Dec 31 9999 00:00:00 GMT+0000 (Greenwich Mean Time),1
F,7,Desert Days,Outside,AUS,DMC,AUNZ,AUS,Mon Jan 03 2028 00:00:00 GMT+0000 (Greenwich Mean Time),CJ07280305,05/03/2028,0,0,AUD,0,278,167,0,0,15,0,2027,Budget2025,v1,FOutsideAUSDMCCJ07280305Budget2025v1,FOutsideAUSDMCCJ07280305,Tue Jun 03 2025 08:50:38 GMT+0100 (British Summer Time),Fri Dec 31 9999 00:00:00 GMT+0000 (Greenwich Mean Time),1
G,4,Iconic Aegean,Inside,USA,Tour Operator,NORAM,USA,Mon Jan 03 2028 00:00:00 GMT+0000 (Greenwich Mean Time),CD04280320,20/03/2028,127,510,USD,0,211,192,107885,98078,23,11762,2027,Budget2025,v1,GInsideUSATour OperatorCD04280320Budget2025v1,GInsideUSATour OperatorCD04280320,Tue Jun 03 2025 08:50:38 GMT+0100 (British Summer Time),Fri Dec 31 9999 00:00:00 GMT+0000 (Greenwich Mean Time),1
G,4,Iconic Aegean,Inside,FRA,Travel Agency,FRANCE,FRANCE,Mon Jan 03 2028 00:00:00 GMT+0000 (Greenwich Mean Time),CD04280320,20/03/2028,0,0,EUR,1,120,120,0,0,26,0,2027,Budget2025,v1,GInsideFRATravel AgencyCD04280320Budget2025v1,GInsideFRATravel AgencyCD04280320,Tue Jun 03 2025 08:50:38 GMT+0100 (British Summer Time),Fri Dec 31 9999 00:00:00 GMT+0000 (Greenwich Mean Time),1
G,4,Iconic Aegean,Inside,CAN,Tour Operator,NORAM,USA,Mon Jan 03 2028 00:00:00 GMT+0000 (Greenwich Mean Time),CD04280320,20/03/2028,0,0,USD,0,212,193,0,0,153,0,2027,Budget2025,v1,GInsideCANTour OperatorCD04280320Budget2025v1,GInsideCANTour OperatorCD04280320,Tue Jun 03 2025 08:50:38 GMT+0100 (British Summer Time),Fri Dec 31 9999 00:00:00 GMT+0000 (Greenwich Mean Time),1
F,3,Iconic Aegean,Outside,NTH,Direct,EU,ROW,Mon Jan 03 2028 00:00:00 GMT+0000 (Greenwich Mean Time),CD03280324,24/03/2028,0,0,EUR,1,157,157,0,0,0,0,2027,Budget2025,v1,FOutsideNTHDirectCD03280324Budget2025v1,FOutsideNTHDirectCD03280324,Tue Jun 03 2025 08:50:38 GMT+0100 (British Summer Time),Fri Dec 31 9999 00:00:00 GMT+0000 (Greenwich Mean Time),1
G,7,Desert Days,Inside,FRA,Tour Operator,FRANCE,FRANCE,Mon Jan 03 2028 00:00:00 GMT+0000 (Greenwich Mean Time),CJ07280312,12/03/2028,0,0,EUR,1,167,167,0,0,83,0,2027,Budget2025,v1,GInsideFRATour OperatorCJ07280312Budget2025v1,GInsideFRATour OperatorCJ07280312,Tue Jun 03 2025 08:50:38 GMT+0100 (British Summer Time),Fri Dec 31 9999 00:00:00 GMT+0000 (Greenwich Mean Time),1
G,7,Desert Days,Outside,NZE,Tour Operator,AUNZ,AUS,Mon Jan 03 2028 00:00:00 GMT+0000 (Greenwich Mean Time),CJ07280312,12/03/2028,0,0,AUD,0,278,167,0,0,28,0,2027,Budget2025,v1,GOutsideNZETour OperatorCJ07280312Budget2025v1,GOutsideNZETour OperatorCJ07280312,Tue Jun 03 2025 08:50:38 GMT+0100 (British Summer Time),Fri Dec 31 9999 00:00:00 GMT+0000 (Greenwich Mean Time),1
F,4,Iconic Aegean,Outside,APAC,Direct,APAC,ROW,Mon Jan 03 2028 00:00:00 GMT+0000 (Greenwich Mean Time),CD04280320,20/03/2028,0,0,USD,0,0,0,0,0,0,0,2027,Budget2025,v1,FOutsideAPACDirectCD04280320Budget2025v1,FOutsideAPACDirectCD04280320,Tue Jun 03 2025 08:50:38 GMT+0100 (British Summer Time),Fri Dec 31 9999 00:00:00 GMT+0000 (Greenwich Mean Time),1
F,7,Desert Days,Outside,CHI,Tour Operator,APAC,ROW,Mon Jan 03 2028 00:00:00 GMT+0000 (Greenwich Mean Time),CJ07280305,05/03/2028,0,0,USD,0,182,166,0,0,41,0,2027,Budget2025,v1,FOutsideCHITour OperatorCJ07280305Budget2025v1,FOutsideCHITour OperatorCJ07280305,Tue Jun 03 2025 08:50:38 GMT+0100 (British Summer Time),Fri Dec 31 9999 00:00:00 GMT+0000 (Greenwich Mean Time),1
G,7,Desert Days,Outside,BLK,Direct,HOME,Home Markets,Mon Jan 03 2028 00:00:00 GMT+0000 (Greenwich Mean Time),CJ07280305,05/03/2028,0,0,EUR,1,167,167,0,0,13,0,2027,Budget2025,v1,GOutsideBLKDirectCJ07280305Budget2025v1,GOutsideBLKDirectCJ07280305,Tue Jun 03 2025 08:50:38 GMT+0100 (British Summer Time),Fri Dec 31 9999 00:00:00 GMT+0000 (Greenwich Mean Time),1
F,7,Desert Days,Inside,BLK,Tour Operator,HOME,Home Markets,Mon Jan 03 2028 00:00:00 GMT+0000 (Greenwich Mean Time),CJ07280312,12/03/2028,0,3,EUR,1,167,167,587,587,20,70,2027,Budget2025,v1,FInsideBLKTour OperatorCJ07280312Budget2025v1,FInsideBLKTour OperatorCJ07280312,Tue Jun 03 2025 08:50:38 GMT+0100 (British Summer Time),Fri Dec 31 9999 00:00:00 GMT+0000 (Greenwich Mean Time),1
G,14,Positioning Journey,Deluxe,NTH,Direct,EU,ROW,Mon Jan 03 2028 00:00:00 GMT+0000 (Greenwich Mean Time),CJ14280319,19/03/2028,0,0,EUR,1,97,97,0,0,0,0,2027,Budget2025,v1,GDeluxeNTHDirectCJ14280319Budget2025v1,GDeluxeNTHDirectCJ14280319,Tue Jun 03 2025 08:50:38 GMT+0100 (British Summer Time),Fri Dec 31 9999 00:00:00 GMT+0000 (Greenwich Mean Time),1
F,4,Iconic Aegean,Deluxe,SCN,DMC,EU,ROW,Mon Jan 03 2028 00:00:00 GMT+0000 (Greenwich Mean Time),CD04280327,27/03/2028,0,0,EUR,1,0,0,0,0,1,0,2027,Budget2025,v1,FDeluxeSCNDMCCD04280327Budget2025v1,FDeluxeSCNDMCCD04280327,Tue Jun 03 2025 08:50:38 GMT+0100 (British Summer Time),Fri Dec 31 9999 00:00:00 GMT+0000 (Greenwich Mean Time),1
G,14,Positioning Journey,Deluxe,DAC,Travel Agency,GERMANY,ROW,Mon Jan 03 2028 00:00:00 GMT+0000 (Greenwich Mean Time),CJ14280319,19/03/2028,0,0,EUR,1,97,97,0,0,9,0,2027,Budget2025,v1,GDeluxeDACTravel AgencyCJ14280319Budget2025v1,GDeluxeDACTravel AgencyCJ14280319,Tue Jun 03 2025 08:50:38 GMT+0100 (British Summer Time),Fri Dec 31 9999 00:00:00 GMT+0000 (Greenwich Mean Time),1
G,3,Iconic Aegean,Inside,SCN,Travel Agency,EU,ROW,Mon Jan 03 2028 00:00:00 GMT+0000 (Greenwich Mean Time),CD03280317,17/03/2028,0,0,EUR,1,120,120,0,0,0,0,2027,Budget2025,v1,GInsideSCNTravel AgencyCD03280317Budget2025v1,GInsideSCNTravel AgencyCD03280317,Tue Jun 03 2025 08:50:38 GMT+0100 (British Summer Time),Fri Dec 31 9999 00:00:00 GMT+0000 (Greenwich Mean Time),1
G,14,Positioning Journey,Outside,BRI,Travel Agency,UKIE,UKIE,Mon Jan 03 2028 00:00:00 GMT+0000 (Greenwich Mean Time),CJ14280319,19/03/2028,0,0,GBP,1,82,97,0,0,11,0,2027,Budget2025,v1,GOutsideBRITravel AgencyCJ14280319Budget2025v1,GOutsideBRITravel AgencyCJ14280319,Tue Jun 03 2025 08:50:38 GMT+0100 (British Summer Time),Fri Dec 31 9999 00:00:00 GMT+0000 (Greenwich Mean Time),1
F,14,Positioning Journey,Outside,APAC,DMC,APAC,ROW,Mon Jan 03 2028 00:00:00 GMT+0000 (Greenwich Mean Time),CJ14280319,19/03/2028,0,0,USD,0,105,96,0,0,0,0,2027,Budget2025,v1,FOutsideAPACDMCCJ14280319Budget2025v1,FOutsideAPACDMCCJ14280319,Tue Jun 03 2025 08:50:38 GMT+0100 (British Summer Time),Fri Dec 31 9999 00:00:00 GMT+0000 (Greenwich Mean Time),1
F,4,Iconic Aegean,Deluxe,CYP,Tour Operator,HOME,Home Markets,Mon Jan 03 2028 00:00:00 GMT+0000 (Greenwich Mean Time),CD04280320,20/03/2028,0,0,EUR,1,223,223,0,0,0,0,2027,Budget2025,v1,FDeluxeCYPTour OperatorCD04280320Budget2025v1,FDeluxeCYPTour OperatorCD04280320,Tue Jun 03 2025 08:50:38 GMT+0100 (British Summer Time),Fri Dec 31 9999 00:00:00 GMT+0000 (Greenwich Mean Time),1
G,7,Desert Days,Deluxe,AUS,DMC,AUNZ,AUS,Mon Jan 03 2028 00:00:00 GMT+0000 (Greenwich Mean Time),CJ07280312,12/03/2028,0,0,AUD,0,278,167,0,0,15,0,2027,Budget2025,v1,GDeluxeAUSDMCCJ07280312Budget2025v1,GDeluxeAUSDMCCJ07280312,Tue Jun 03 2025 08:50:38 GMT+0100 (British Summer Time),Fri Dec 31 9999 00:00:00 GMT+0000 (Greenwich Mean Time),1
F,4,Iconic Aegean,Inside,IND,Tour Operator,AWAY,Away Markets,Mon Jan 03 2028 00:00:00 GMT+0000 (Greenwich Mean Time),CD04280320,20/03/2028,0,0,USD,0,137,125,0,0,0,0,2027,Budget2025,v1,FInsideINDTour OperatorCD04280320Budget2025v1,FInsideINDTour OperatorCD04280320,Tue Jun 03 2025 08:50:38 GMT+0100 (British Summer Time),Fri Dec 31 9999 00:00:00 GMT+0000 (Greenwich Mean Time),1
F,14,Positioning Journey,Outside,LAT,Travel Agency,LATAM,LATAM,Mon Jan 03 2028 00:00:00 GMT+0000 (Greenwich Mean Time),CJ14280319,19/03/2028,1,14,USD,0,105,96,1480,1345,6,96,2027,Budget2025,v1,FOutsideLATTravel AgencyCJ14280319Budget2025v1,FOutsideLATTravel AgencyCJ14280319,Tue Jun 03 2025 08:50:38 GMT+0100 (British Summer Time),Fri Dec 31 9999 00:00:00 GMT+0000 (Greenwich Mean Time),1
G,4,Iconic Aegean,Inside,CAN,Direct,NORAM,USA,Mon Jan 03 2028 00:00:00 GMT+0000 (Greenwich Mean Time),CD04280320,20/03/2028,0,0,USD,0,135,123,0,0,41,0,2027,Budget2025,v1,GInsideCANDirectCD04280320Budget2025v1,GInsideCANDirectCD04280320,Tue Jun 03 2025 08:50:38 GMT+0100 (British Summer Time),Fri Dec 31 9999 00:00:00 GMT+0000 (Greenwich Mean Time),1
F,7,Desert Days,Outside,BRI,Travel Agency,UKIE,UKIE,Mon Jan 03 2028 00:00:00 GMT+0000 (Greenwich Mean Time),CJ07280312,12/03/2028,35,248,GBP,1,142,167,35431,41683,23,5728,2027,Budget2025,v1,FOutsideBRITravel AgencyCJ07280312Budget2025v1,FOutsideBRITravel AgencyCJ07280312,Tue Jun 03 2025 08:50:38 GMT+0100 (British Summer Time),Fri Dec 31 9999 00:00:00 GMT+0000 (Greenwich Mean Time),1
F,7,Desert Days,Deluxe,AFR,Direct,ROW,ROW,Mon Jan 03 2028 00:00:00 GMT+0000 (Greenwich Mean Time),CJ07280312,12/03/2028,0,0,USD,0,182,166,0,0,24,0,2027,Budget2025,v1,FDeluxeAFRDirectCJ07280312Budget2025v1,FDeluxeAFRDirectCJ07280312,Tue Jun 03 2025 08:50:38 GMT+0100 (British Summer Time),Fri Dec 31 9999 00:00:00 GMT+0000 (Greenwich Mean Time),1
F,7,Desert Days,Deluxe,CAN,Travel Agency,NORAM,USA,Mon Jan 03 2028 00:00:00 GMT+0000 (Greenwich Mean Time),CJ07280312,12/03/2028,1,10,USD,0,182,166,1919,1745,52,547,2027,Budget2025,v1,FDeluxeCANTravel AgencyCJ07280312Budget2025v1,FDeluxeCANTravel AgencyCJ07280312,Tue Jun 03 2025 08:50:38 GMT+0100 (British Summer Time),Fri Dec 31 9999 00:00:00 GMT+0000 (Greenwich Mean Time),1
G,7,Desert Days,Inside,TUR,DMC,HOME,Home Markets,Mon Jan 03 2028 00:00:00 GMT+0000 (Greenwich Mean Time),CJ07280312,12/03/2028,0,0,EUR,1,167,167,0,0,0,0,2027,Budget2025,v1,GInsideTURDMCCJ07280312Budget2025v1,GInsideTURDMCCJ07280312,Tue Jun 03 2025 08:50:38 GMT+0100 (British Summer Time),Fri Dec 31 9999 00:00:00 GMT+0000 (Greenwich Mean Time),1
F,4,Iconic Aegean,Outside,BRI,Tour Operator,UKIE,UKIE,Mon Jan 03 2028 00:00:00 GMT+0000 (Greenwich Mean Time),CD04280320,20/03/2028,0,0,GBP,1,0,0,0,0,0,0,2027,Budget2025,v1,FOutsideBRITour OperatorCD04280320Budget2025v1,FOutsideBRITour OperatorCD04280320,Tue Jun 03 2025 08:50:38 GMT+0100 (British Summer Time),Fri Dec 31 9999 00:00:00 GMT+0000 (Greenwich Mean Time),1
F,4,Iconic Aegean,Outside,LAT,Direct,LATAM,LATAM,Mon Jan 03 2028 00:00:00 GMT+0000 (Greenwich Mean Time),CD04280320,20/03/2028,9,36,USD,0,205,186,7380,6709,19,702,2027,Budget2025,v1,FOutsideLATDirectCD04280320Budget2025v1,FOutsideLATDirectCD04280320,Tue Jun 03 2025 08:50:38 GMT+0100 (British Summer Time),Fri Dec 31 9999 00:00:00 GMT+0000 (Greenwich Mean Time),1
F,4,Iconic Aegean,Deluxe,FRA,Travel Agency,FRANCE,FRANCE,Mon Jan 03 2028 00:00:00 GMT+0000 (Greenwich Mean Time),CD04280320,20/03/2028,2,8,EUR,1,237,237,1897,1897,26,211,2027,Budget2025,v1,FDeluxeFRATravel AgencyCD04280320Budget2025v1,FDeluxeFRATravel AgencyCD04280320,Tue Jun 03 2025 08:50:38 GMT+0100 (British Summer Time),Fri Dec 31 9999 00:00:00 GMT+0000 (Greenwich Mean Time),1
F,4,Iconic Aegean,Deluxe,BLK,DMC,HOME,Home Markets,Mon Jan 03 2028 00:00:00 GMT+0000 (Greenwich Mean Time),CD04280327,27/03/2028,0,0,EUR,1,0,0,0,0,59,0,2027,Budget2025,v1,FDeluxeBLKDMCCD04280327Budget2025v1,FDeluxeBLKDMCCD04280327,Tue Jun 03 2025 08:50:38 GMT+0100 (British Summer Time),Fri Dec 31 9999 00:00:00 GMT+0000 (Greenwich Mean Time),1
F,7,Desert Days,Inside,LAT,Tour Operator,LATAM,LATAM,Mon Jan 03 2028 00:00:00 GMT+0000 (Greenwich Mean Time),CJ07280305,05/03/2028,1,7,USD,0,182,166,1279,1163,12,86,2027,Budget2025,v1,FInsideLATTour OperatorCJ07280305Budget2025v1,FInsideLATTour OperatorCJ07280305,Tue Jun 03 2025 08:50:38 GMT+0100 (British Summer Time),Fri Dec 31 9999 00:00:00 GMT+0000 (Greenwich Mean Time),1
G,4,Iconic Aegean,Inside,EAS,Direct,EU,ROW,Mon Jan 03 2028 00:00:00 GMT+0000 (Greenwich Mean Time),CD04280320,20/03/2028,0,0,EUR,1,111,111,0,0,27,0,2027,Budget2025,v1,GInsideEASDirectCD04280320Budget2025v1,GInsideEASDirectCD04280320,Tue Jun 03 2025 08:50:38 GMT+0100 (British Summer Time),Fri Dec 31 9999 00:00:00 GMT+0000 (Greenwich Mean Time),1
G,7,Desert Days,Deluxe,BLX,Travel Agency,EU,ROW,Mon Jan 03 2028 00:00:00 GMT+0000 (Greenwich Mean Time),CJ07280312,12/03/2028,0,0,EUR,1,167,167,0,0,107,0,2027,Budget2025,v1,GDeluxeBLXTravel AgencyCJ07280312Budget2025v1,GDeluxeBLXTravel AgencyCJ07280312,Tue Jun 03 2025 08:50:38 GMT+0100 (British Summer Time),Fri Dec 31 9999 00:00:00 GMT+0000 (Greenwich Mean Time),1
G,7,Desert Days,Inside,APAC,DMC,APAC,ROW,Mon Jan 03 2028 00:00:00 GMT+0000 (Greenwich Mean Time),CJ07280312,12/03/2028,0,0,USD,0,182,166,0,0,0,0,2027,Budget2025,v1,GInsideAPACDMCCJ07280312Budget2025v1,GInsideAPACDMCCJ07280312,Tue Jun 03 2025 08:50:38 GMT+0100 (British Summer Time),Fri Dec 31 9999 00:00:00 GMT+0000 (Greenwich Mean Time),1
F,3,Iconic Aegean,Inside,LAT,DMC,LATAM,LATAM,Mon Jan 03 2028 00:00:00 GMT+0000 (Greenwich Mean Time),CD03280317,17/03/2028,4,13,USD,0,150,136,2027,1843,20,278,2027,Budget2025,v1,FInsideLATDMCCD03280317Budget2025v1,FInsideLATDMCCD03280317,Tue Jun 03 2025 08:50:38 GMT+0100 (British Summer Time),Fri Dec 31 9999 00:00:00 GMT+0000 (Greenwich Mean Time),1
F,14,Positioning Journey,Outside,CAN,DMC,NORAM,USA,Mon Jan 03 2028 00:00:00 GMT+0000 (Greenwich Mean Time),CJ14280319,19/03/2028,1,14,USD,0,105,96,1480,1345,34,476,2027,Budget2025,v1,FOutsideCANDMCCJ14280319Budget2025v1,FOutsideCANDMCCJ14280319,Tue Jun 03 2025 08:50:38 GMT+0100 (British Summer Time),Fri Dec 31 9999 00:00:00 GMT+0000 (Greenwich Mean Time),1
F,4,Iconic Aegean,Deluxe,GRC,DMC,HOME,Home Markets,Mon Jan 03 2028 00:00:00 GMT+0000 (Greenwich Mean Time),CD04280320,20/03/2028,0,0,EUR,1,0,0,0,0,29,0,2027,Budget2025,v1,FDeluxeGRCDMCCD04280320Budget2025v1,FDeluxeGRCDMCCD04280320,Tue Jun 03 2025 08:50:38 GMT+0100 (British Summer Time),Fri Dec 31 9999 00:00:00 GMT+0000 (Greenwich Mean Time),1
F,7,Desert Days,Deluxe,JPN,Travel Agency,APAC,ROW,Mon Jan 03 2028 00:00:00 GMT+0000 (Greenwich Mean Time),CJ07280305,05/03/2028,0,0,USD,0,182,166,0,0,16,0,2027,Budget2025,v1,FDeluxeJPNTravel AgencyCJ07280305Budget2025v1,FDeluxeJPNTravel AgencyCJ07280305,Tue Jun 03 2025 08:50:38 GMT+0100 (British Summer Time),Fri Dec 31 9999 00:00:00 GMT+0000 (Greenwich Mean Time),1
F,7,Desert Days,Outside,NTH,DMC,EU,ROW,Mon Jan 03 2028 00:00:00 GMT+0000 (Greenwich Mean Time),CJ07280305,05/03/2028,0,0,EUR,1,167,167,0,0,0,0,2027,Budget2025,v1,FOutsideNTHDMCCJ07280305Budget2025v1,FOutsideNTHDMCCJ07280305,Tue Jun 03 2025 08:50:38 GMT+0100 (British Summer Time),Fri Dec 31 9999 00:00:00 GMT+0000 (Greenwich Mean Time),1
G,14,Positioning Journey,Outside,EAS,Tour Operator,EU,ROW,Mon Jan 03 2028 00:00:00 GMT+0000 (Greenwich Mean Time),CJ14280319,19/03/2028,0,0,EUR,1,97,97,0,0,14,0,2027,Budget2025,v1,GOutsideEASTour OperatorCJ14280319Budget2025v1,GOutsideEASTour OperatorCJ14280319,Tue Jun 03 2025 08:50:38 GMT+0100 (British Summer Time),Fri Dec 31 9999 00:00:00 GMT+0000 (Greenwich Mean Time),1
F,3,Iconic Aegean,Deluxe,CAN,Travel Agency,NORAM,USA,Mon Jan 03 2028 00:00:00 GMT+0000 (Greenwich Mean Time),CD03280324,24/03/2028,0,0,USD,0,397,360,0,0,22,0,2027,Budget2025,v1,FDeluxeCANTravel AgencyCD03280324Budget2025v1,FDeluxeCANTravel AgencyCD03280324,Tue Jun 03 2025 08:50:38 GMT+0100 (British Summer Time),Fri Dec 31 9999 00:00:00 GMT+0000 (Greenwich Mean Time),1
G,4,Iconic Aegean,Deluxe,AUS,Travel Agency,AUNZ,AUS,Mon Jan 03 2028 00:00:00 GMT+0000 (Greenwich Mean Time),CD04280327,27/03/2028,0,0,AUD,0,0,0,0,0,30,0,2027,Budget2025,v1,GDeluxeAUSTravel AgencyCD04280327Budget2025v1,GDeluxeAUSTravel AgencyCD04280327,Tue Jun 03 2025 08:50:38 GMT+0100 (British Summer Time),Fri Dec 31 9999 00:00:00 GMT+0000 (Greenwich Mean Time),1
F,7,Desert Days,Inside,NZE,Direct,AUNZ,AUS,Mon Jan 03 2028 00:00:00 GMT+0000 (Greenwich Mean Time),CJ07280305,05/03/2028,0,0,AUD,0,278,167,0,0,0,0,2027,Budget2025,v1,FInsideNZEDirectCJ07280305Budget2025v1,FInsideNZEDirectCJ07280305,Tue Jun 03 2025 08:50:38 GMT+0100 (British Summer Time),Fri Dec 31 9999 00:00:00 GMT+0000 (Greenwich Mean Time),1
G,3,Iconic Aegean,Outside,BLK,DMC,HOME,Home Markets,Mon Jan 03 2028 00:00:00 GMT+0000 (Greenwich Mean Time),CD03280317,17/03/2028,0,0,EUR,1,0,0,0,0,0,0,2027,Budget2025,v1,GOutsideBLKDMCCD03280317Budget2025v1,GOutsideBLKDMCCD03280317,Tue Jun 03 2025 08:50:38 GMT+0100 (British Summer Time),Fri Dec 31 9999 00:00:00 GMT+0000 (Greenwich Mean Time),1
G,14,Positioning Journey,Outside,TUR,DMC,HOME,Home Markets,Mon Jan 03 2028 00:00:00 GMT+0000 (Greenwich Mean Time),CJ14280319,19/03/2028,0,0,EUR,1,97,97,0,0,0,0,2027,Budget2025,v1,GOutsideTURDMCCJ14280319Budget2025v1,GOutsideTURDMCCJ14280319,Tue Jun 03 2025 08:50:38 GMT+0100 (British Summer Time),Fri Dec 31 9999 00:00:00 GMT+0000 (Greenwich Mean Time),1
G,4,Iconic Aegean,Outside,NZE,Travel Agency,AUNZ,AUS,Mon Jan 03 2028 00:00:00 GMT+0000 (Greenwich Mean Time),CD04280327,27/03/2028,0,0,AUD,0,307,185,0,0,4,0,2027,Budget2025,v1,GOutsideNZETravel AgencyCD04280327Budget2025v1,GOutsideNZETravel AgencyCD04280327,Tue Jun 03 2025 08:50:38 GMT+0100 (British Summer Time),Fri Dec 31 9999 00:00:00 GMT+0000 (Greenwich Mean Time),1
F,4,Iconic Aegean,Outside,SIP,Tour Operator,SIP,SIP,Mon Jan 03 2028 00:00:00 GMT+0000 (Greenwich Mean Time),CD04280320,20/03/2028,12,50,EUR,1,159,159,7999,7999,28,1413,2027,Budget2025,v1,FOutsideSIPTour OperatorCD04280320Budget2025v1,FOutsideSIPTour OperatorCD04280320,Tue Jun 03 2025 08:50:38 GMT+0100 (British Summer Time),Fri Dec 31 9999 00:00:00 GMT+0000 (Greenwich Mean Time),1
F,14,Positioning Journey,Outside,IND,DMC,AWAY,Away Markets,Mon Jan 03 2028 00:00:00 GMT+0000 (Greenwich Mean Time),CJ14280319,19/03/2028,0,0,USD,0,105,96,0,0,0,0,2027,Budget2025,v1,FOutsideINDDMCCJ14280319Budget2025v1,FOutsideINDDMCCJ14280319,Tue Jun 03 2025 08:50:38 GMT+0100 (British Summer Time),Fri Dec 31 9999 00:00:00 GMT+0000 (Greenwich Mean Time),1
F,4,Iconic Aegean,Deluxe,RUS,Direct,ROW,ROW,Mon Jan 03 2028 00:00:00 GMT+0000 (Greenwich Mean Time),CD04280320,20/03/2028,0,0,EUR,1,0,0,0,0,0,0,2027,Budget2025,v1,FDeluxeRUSDirectCD04280320Budget2025v1,FDeluxeRUSDirectCD04280320,Tue Jun 03 2025 08:50:38 GMT+0100 (British Summer Time),Fri Dec 31 9999 00:00:00 GMT+0000 (Greenwich Mean Time),1
F,14,Positioning Journey,Deluxe,TUR,Tour Operator,HOME,Home Markets,Mon Jan 03 2028 00:00:00 GMT+0000 (Greenwich Mean Time),CJ14280319,19/03/2028,1,14,EUR,1,97,97,1358,1358,3,43,2027,Budget2025,v1,FDeluxeTURTour OperatorCJ14280319Budget2025v1,FDeluxeTURTour OperatorCJ14280319,Tue Jun 03 2025 08:50:38 GMT+0100 (British Summer Time),Fri Dec 31 9999 00:00:00 GMT+0000 (Greenwich Mean Time),1
F,14,Positioning Journey,Outside,IND,Tour Operator,AWAY,Away Markets,Mon Jan 03 2028 00:00:00 GMT+0000 (Greenwich Mean Time),CJ14280319,19/03/2028,34,476,USD,0,105,96,50337,45762,20,9972,2027,Budget2025,v1,FOutsideINDTour OperatorCJ14280319Budget2025v1,FOutsideINDTour OperatorCJ14280319,Tue Jun 03 2025 08:50:38 GMT+0100 (British Summer Time),Fri Dec 31 9999 00:00:00 GMT+0000 (Greenwich Mean Time),1
G,3,Iconic Aegean,Outside,TUR,Travel Agency,HOME,Home Markets,Mon Jan 03 2028 00:00:00 GMT+0000 (Greenwich Mean Time),CD03280324,24/03/2028,0,0,EUR,1,130,130,0,0,0,0,2027,Budget2025,v1,GOutsideTURTravel AgencyCD03280324Budget2025v1,GOutsideTURTravel AgencyCD03280324,Tue Jun 03 2025 08:50:38 GMT+0100 (British Summer Time),Fri Dec 31 9999 00:00:00 GMT+0000 (Greenwich Mean Time),1
G,3,Iconic Aegean,Deluxe,BRI,Tour Operator,UKIE,UKIE,Mon Jan 03 2028 00:00:00 GMT+0000 (Greenwich Mean Time),CD03280317,17/03/2028,0,0,GBP,1,0,0,0,0,0,0,2027,Budget2025,v1,GDeluxeBRITour OperatorCD03280317Budget2025v1,GDeluxeBRITour OperatorCD03280317,Tue Jun 03 2025 08:50:38 GMT+0100 (British Summer Time),Fri Dec 31 9999 00:00:00 GMT+0000 (Greenwich Mean Time),1
G,7,Desert Days,Inside,CHI,Travel Agency,APAC,ROW,Mon Jan 03 2028 00:00:00 GMT+0000 (Greenwich Mean Time),CJ07280312,12/03/2028,0,0,USD,0,182,166,0,0,34,0,2027,Budget2025,v1,GInsideCHITravel AgencyCJ07280312Budget2025v1,GInsideCHITravel AgencyCJ07280312,Tue Jun 03 2025 08:50:38 GMT+0100 (British Summer Time),Fri Dec 31 9999 00:00:00 GMT+0000 (Greenwich Mean Time),1
F,14,Positioning Journey,Outside,FRA,Travel Agency,FRANCE,FRANCE,Mon Jan 03 2028 00:00:00 GMT+0000 (Greenwich Mean Time),CJ14280319,19/03/2028,20,280,EUR,1,97,97,27165,27165,11,3197,2027,Budget2025,v1,FOutsideFRATravel AgencyCJ14280319Budget2025v1,FOutsideFRATravel AgencyCJ14280319,Tue Jun 03 2025 08:50:38 GMT+0100 (British Summer Time),Fri Dec 31 9999 00:00:00 GMT+0000 (Greenwich Mean Time),1
F,3,Iconic Aegean,Outside,MID,Direct,AWAY,Away Markets,Mon Jan 03 2028 00:00:00 GMT+0000 (Greenwich Mean Time),CD03280317,17/03/2028,0,0,USD,0,0,0,0,0,0,0,2027,Budget2025,v1,FOutsideMIDDirectCD03280317Budget2025v1,FOutsideMIDDirectCD03280317,Tue Jun 03 2025 08:50:38 GMT+0100 (British Summer Time),Fri Dec 31 9999 00:00:00 GMT+0000 (Greenwich Mean Time),1
F,4,Iconic Aegean,Deluxe,BLX,DMC,EU,ROW,Mon Jan 03 2028 00:00:00 GMT+0000 (Greenwich Mean Time),CD04280327,27/03/2028,0,0,EUR,1,0,0,0,0,0,0,2027,Budget2025,v1,FDeluxeBLXDMCCD04280327Budget2025v1,FDeluxeBLXDMCCD04280327,Tue Jun 03 2025 08:50:38 GMT+0100 (British Summer Time),Fri Dec 31 9999 00:00:00 GMT+0000 (Greenwich Mean Time),1
F,14,Positioning Journey,Outside,TUR,DMC,HOME,Home Markets,Mon Jan 03 2028 00:00:00 GMT+0000 (Greenwich Mean Time),CJ14280319,19/03/2028,0,0,EUR,1,97,97,0,0,0,0,2027,Budget2025,v1,FOutsideTURDMCCJ14280319Budget2025v1,FOutsideTURDMCCJ14280319,Tue Jun 03 2025 08:50:38 GMT+0100 (British Summer Time),Fri Dec 31 9999 00:00:00 GMT+0000 (Greenwich Mean Time),1
F,7,Desert Days,Deluxe,MID,DMC,AWAY,Away Markets,Mon Jan 03 2028 00:00:00 GMT+0000 (Greenwich Mean Time),CJ07280312,12/03/2028,6,45,USD,0,182,166,8319,7562,33,1546,2027,Budget2025,v1,FDeluxeMIDDMCCJ07280312Budget2025v1,FDeluxeMIDDMCCJ07280312,Tue Jun 03 2025 08:50:38 GMT+0100 (British Summer Time),Fri Dec 31 9999 00:00:00 GMT+0000 (Greenwich Mean Time),1
F,3,Iconic Aegean,Deluxe,NZE,Direct,AUNZ,AUS,Mon Jan 03 2028 00:00:00 GMT+0000 (Greenwich Mean Time),CD03280317,17/03/2028,0,0,AUD,0,0,0,0,0,0,0,2027,Budget2025,v1,FDeluxeNZEDirectCD03280317Budget2025v1,FDeluxeNZEDirectCD03280317,Tue Jun 03 2025 08:50:38 GMT+0100 (British Summer Time),Fri Dec 31 9999 00:00:00 GMT+0000 (Greenwich Mean Time),1
G,4,Iconic Aegean,Outside,BLX,Direct,EU,ROW,Mon Jan 03 2028 00:00:00 GMT+0000 (Greenwich Mean Time),CD04280320,20/03/2028,0,0,EUR,1,154,154,0,0,28,0,2027,Budget2025,v1,GOutsideBLXDirectCD04280320Budget2025v1,GOutsideBLXDirectCD04280320,Tue Jun 03 2025 08:50:38 GMT+0100 (British Summer Time),Fri Dec 31 9999 00:00:00 GMT+0000 (Greenwich Mean Time),1
G,3,Iconic Aegean,Inside,TUR,DMC,HOME,Home Markets,Mon Jan 03 2028 00:00:00 GMT+0000 (Greenwich Mean Time),CD03280324,24/03/2028,0,0,EUR,1,108,108,0,0,0,0,2027,Budget2025,v1,GInsideTURDMCCD03280324Budget2025v1,GInsideTURDMCCD03280324,Tue Jun 03 2025 08:50:38 GMT+0100 (British Summer Time),Fri Dec 31 9999 00:00:00 GMT+0000 (Greenwich Mean Time),1
F,14,Positioning Journey,Inside,BLK,Travel Agency,HOME,Home Markets,Mon Jan 03 2028 00:00:00 GMT+0000 (Greenwich Mean Time),CJ14280319,19/03/2028,2,28,EUR,1,97,97,2716,2716,7,200,2027,Budget2025,v1,FInsideBLKTravel AgencyCJ14280319Budget2025v1,FInsideBLKTravel AgencyCJ14280319,Tue Jun 03 2025 08:50:38 GMT+0100 (British Summer Time),Fri Dec 31 9999 00:00:00 GMT+0000 (Greenwich Mean Time),1
G,3,Iconic Aegean,Deluxe,RUS,Direct,ROW,ROW,Mon Jan 03 2028 00:00:00 GMT+0000 (Greenwich Mean Time),CD03280317,17/03/2028,0,0,EUR,1,0,0,0,0,0,0,2027,Budget2025,v1,GDeluxeRUSDirectCD03280317Budget2025v1,GDeluxeRUSDirectCD03280317,Tue Jun 03 2025 08:50:38 GMT+0100 (British Summer Time),Fri Dec 31 9999 00:00:00 GMT+0000 (Greenwich Mean Time),1
F,3,Iconic Aegean,Deluxe,LAT,Direct,LATAM,LATAM,Mon Jan 03 2028 00:00:00 GMT+0000 (Greenwich Mean Time),CD03280317,17/03/2028,0,0,USD,0,0,0,0,0,29,0,2027,Budget2025,v1,FDeluxeLATDirectCD03280317Budget2025v1,FDeluxeLATDirectCD03280317,Tue Jun 03 2025 08:50:38 GMT+0100 (British Summer Time),Fri Dec 31 9999 00:00:00 GMT+0000 (Greenwich Mean Time),1
F,7,Desert Days,Outside,LAT,Travel Agency,LATAM,LATAM,Mon Jan 03 2028 00:00:00 GMT+0000 (Greenwich Mean Time),CJ07280305,05/03/2028,1,10,USD,0,182,166,1919,1745,14,147,2027,Budget2025,v1,FOutsideLATTravel AgencyCJ07280305Budget2025v1,FOutsideLATTravel AgencyCJ07280305,Tue Jun 03 2025 08:50:38 GMT+0100 (British Summer Time),Fri Dec 31 9999 00:00:00 GMT+0000 (Greenwich Mean Time),1
F,14,Positioning Journey,Deluxe,SCN,Direct,EU,ROW,Mon Jan 03 2028 00:00:00 GMT+0000 (Greenwich Mean Time),CJ14280319,19/03/2028,0,0,EUR,1,97,97,0,0,5,0,2027,Budget2025,v1,FDeluxeSCNDirectCJ14280319Budget2025v1,FDeluxeSCNDirectCJ14280319,Tue Jun 03 2025 08:50:38 GMT+0100 (British Summer Time),Fri Dec 31 9999 00:00:00 GMT+0000 (Greenwich Mean Time),1
F,3,Iconic Aegean,Inside,LAT,DMC,LATAM,LATAM,Mon Jan 03 2028 00:00:00 GMT+0000 (Greenwich Mean Time),CD03280324,24/03/2028,4,13,USD,0,150,136,2027,1843,20,278,2027,Budget2025,v1,FInsideLATDMCCD03280324Budget2025v1,FInsideLATDMCCD03280324,Tue Jun 03 2025 08:50:38 GMT+0100 (British Summer Time),Fri Dec 31 9999 00:00:00 GMT+0000 (Greenwich Mean Time),1
G,4,Iconic Aegean,Outside,SIP,Travel Agency,SIP,SIP,Mon Jan 03 2028 00:00:00 GMT+0000 (Greenwich Mean Time),CD04280327,27/03/2028,0,0,EUR,1,150,150,0,0,36,0,2027,Budget2025,v1,GOutsideSIPTravel AgencyCD04280327Budget2025v1,GOutsideSIPTravel AgencyCD04280327,Tue Jun 03 2025 08:50:38 GMT+0100 (British Summer Time),Fri Dec 31 9999 00:00:00 GMT+0000 (Greenwich Mean Time),1
G,7,Desert Days,Deluxe,AFR,Travel Agency,ROW,ROW,Mon Jan 03 2028 00:00:00 GMT+0000 (Greenwich Mean Time),CJ07280305,05/03/2028,0,0,USD,0,182,166,0,0,30,0,2027,Budget2025,v1,GDeluxeAFRTravel AgencyCJ07280305Budget2025v1,GDeluxeAFRTravel AgencyCJ07280305,Tue Jun 03 2025 08:50:38 GMT+0100 (British Summer Time),Fri Dec 31 9999 00:00:00 GMT+0000 (Greenwich Mean Time),1
G,14,Positioning Journey,Outside,AUS,Travel Agency,AUNZ,AUS,Mon Jan 03 2028 00:00:00 GMT+0000 (Greenwich Mean Time),CJ14280319,19/03/2028,0,0,AUD,0,161,97,0,0,13,0,2027,Budget2025,v1,GOutsideAUSTravel AgencyCJ14280319Budget2025v1,GOutsideAUSTravel AgencyCJ14280319,Tue Jun 03 2025 08:50:38 GMT+0100 (British Summer Time),Fri Dec 31 9999 00:00:00 GMT+0000 (Greenwich Mean Time),1
G,7,Desert Days,Inside,BRI,Direct,UKIE,UKIE,Mon Jan 03 2028 00:00:00 GMT+0000 (Greenwich Mean Time),CJ07280305,05/03/2028,0,0,GBP,1,142,167,0,0,29,0,2027,Budget2025,v1,GInsideBRIDirectCJ07280305Budget2025v1,GInsideBRIDirectCJ07280305,Tue Jun 03 2025 08:50:38 GMT+0100 (British Summer Time),Fri Dec 31 9999 00:00:00 GMT+0000 (Greenwich Mean Time),1
G,3,Iconic Aegean,Outside,DAC,DMC,GERMANY,ROW,Mon Jan 03 2028 00:00:00 GMT+0000 (Greenwich Mean Time),CD03280317,17/03/2028,0,0,EUR,1,0,0,0,0,48,0,2027,Budget2025,v1,GOutsideDACDMCCD03280317Budget2025v1,GOutsideDACDMCCD03280317,Tue Jun 03 2025 08:50:38 GMT+0100 (British Summer Time),Fri Dec 31 9999 00:00:00 GMT+0000 (Greenwich Mean Time),1
F,4,Iconic Aegean,Deluxe,CYP,Travel Agency,HOME,Home Markets,Mon Jan 03 2028 00:00:00 GMT+0000 (Greenwich Mean Time),CD04280320,20/03/2028,0,0,EUR,1,0,0,0,0,13,0,2027,Budget2025,v1,FDeluxeCYPTravel AgencyCD04280320Budget2025v1,FDeluxeCYPTravel AgencyCD04280320,Tue Jun 03 2025 08:50:38 GMT+0100 (British Summer Time),Fri Dec 31 9999 00:00:00 GMT+0000 (Greenwich Mean Time),1
G,3,Iconic Aegean,Outside,BLX,DMC,EU,ROW,Mon Jan 03 2028 00:00:00 GMT+0000 (Greenwich Mean Time),CD03280324,24/03/2028,0,0,EUR,1,0,0,0,0,0,0,2027,Budget2025,v1,GOutsideBLXDMCCD03280324Budget2025v1,GOutsideBLXDMCCD03280324,Tue Jun 03 2025 08:50:38 GMT+0100 (British Summer Time),Fri Dec 31 9999 00:00:00 GMT+0000 (Greenwich Mean Time),1
G,4,Iconic Aegean,Outside,EAS,Direct,EU,ROW,Mon Jan 03 2028 00:00:00 GMT+0000 (Greenwich Mean Time),CD04280320,20/03/2028,0,0,EUR,1,161,161,0,0,27,0,2027,Budget2025,v1,GOutsideEASDirectCD04280320Budget2025v1,GOutsideEASDirectCD04280320,Tue Jun 03 2025 08:50:38 GMT+0100 (British Summer Time),Fri Dec 31 9999 00:00:00 GMT+0000 (Greenwich Mean Time),1
G,4,Iconic Aegean,Outside,NTH,Travel Agency,EU,ROW,Mon Jan 03 2028 00:00:00 GMT+0000 (Greenwich Mean Time),CD04280327,27/03/2028,0,0,EUR,1,147,147,0,0,1,0,2027,Budget2025,v1,GOutsideNTHTravel AgencyCD04280327Budget2025v1,GOutsideNTHTravel AgencyCD04280327,Tue Jun 03 2025 08:50:38 GMT+0100 (British Summer Time),Fri Dec 31 9999 00:00:00 GMT+0000 (Greenwich Mean Time),1
F,7,Desert Days,Deluxe,LAT,Travel Agency,LATAM,LATAM,Mon Jan 03 2028 00:00:00 GMT+0000 (Greenwich Mean Time),CJ07280312,12/03/2028,0,3,USD,0,182,166,639,581,14,49,2027,Budget2025,v1,FDeluxeLATTravel AgencyCJ07280312Budget2025v1,FDeluxeLATTravel AgencyCJ07280312,Tue Jun 03 2025 08:50:38 GMT+0100 (British Summer Time),Fri Dec 31 9999 00:00:00 GMT+0000 (Greenwich Mean Time),1
G,4,Iconic Aegean,Inside,LAT,DMC,LATAM,LATAM,Mon Jan 03 2028 00:00:00 GMT+0000 (Greenwich Mean Time),CD04280320,20/03/2028,18,72,USD,0,178,161,12820,11654,17,1264,2027,Budget2025,v1,GInsideLATDMCCD04280320Budget2025v1,GInsideLATDMCCD04280320,Tue Jun 03 2025 08:50:38 GMT+0100 (British Summer Time),Fri Dec 31 9999 00:00:00 GMT+0000 (Greenwich Mean Time),1
G,3,Iconic Aegean,Outside,LAT,Travel Agency,LATAM,LATAM,Mon Jan 03 2028 00:00:00 GMT+0000 (Greenwich Mean Time),CD03280317,17/03/2028,0,0,USD,0,196,178,0,0,32,0,2027,Budget2025,v1,GOutsideLATTravel AgencyCD03280317Budget2025v1,GOutsideLATTravel AgencyCD03280317,Tue Jun 03 2025 08:50:38 GMT+0100 (British Summer Time),Fri Dec 31 9999 00:00:00 GMT+0000 (Greenwich Mean Time),1
G,4,Iconic Aegean,Inside,DAC,DMC,GERMANY,ROW,Mon Jan 03 2028 00:00:00 GMT+0000 (Greenwich Mean Time),CD04280327,27/03/2028,0,0,EUR,1,120,120,0,0,17,0,2027,Budget2025,v1,GInsideDACDMCCD04280327Budget2025v1,GInsideDACDMCCD04280327,Tue Jun 03 2025 08:50:38 GMT+0100 (British Summer Time),Fri Dec 31 9999 00:00:00 GMT+0000 (Greenwich Mean Time),1
G,3,Iconic Aegean,Inside,USA,Direct,NORAM,USA,Mon Jan 03 2028 00:00:00 GMT+0000 (Greenwich Mean Time),CD03280324,24/03/2028,0,0,USD,0,152,139,0,0,36,0,2027,Budget2025,v1,GInsideUSADirectCD03280324Budget2025v1,GInsideUSADirectCD03280324,Tue Jun 03 2025 08:50:38 GMT+0100 (British Summer Time),Fri Dec 31 9999 00:00:00 GMT+0000 (Greenwich Mean Time),1
G,4,Iconic Aegean,Deluxe,BLX,DMC,EU,ROW,Mon Jan 03 2028 00:00:00 GMT+0000 (Greenwich Mean Time),CD04280327,27/03/2028,0,0,EUR,1,0,0,0,0,0,0,2027,Budget2025,v1,GDeluxeBLXDMCCD04280327Budget2025v1,GDeluxeBLXDMCCD04280327,Tue Jun 03 2025 08:50:38 GMT+0100 (British Summer Time),Fri Dec 31 9999 00:00:00 GMT+0000 (Greenwich Mean Time),1
G,3,Iconic Aegean,Inside,RUS,Travel Agency,ROW,ROW,Mon Jan 03 2028 00:00:00 GMT+0000 (Greenwich Mean Time),CD03280317,17/03/2028,0,0,EUR,1,115,115,0,0,1,0,2027,Budget2025,v1,GInsideRUSTravel AgencyCD03280317Budget2025v1,GInsideRUSTravel AgencyCD03280317,Tue Jun 03 2025 08:50:38 GMT+0100 (British Summer Time),Fri Dec 31 9999 00:00:00 GMT+0000 (Greenwich Mean Time),1
F,7,Desert Days,Outside,RUS,Travel Agency,ROW,ROW,Mon Jan 03 2028 00:00:00 GMT+0000 (Greenwich Mean Time),CJ07280312,12/03/2028,4,28,EUR,1,167,167,4696,4696,3,98,2027,Budget2025,v1,FOutsideRUSTravel AgencyCJ07280312Budget2025v1,FOutsideRUSTravel AgencyCJ07280312,Tue Jun 03 2025 08:50:38 GMT+0100 (British Summer Time),Fri Dec 31 9999 00:00:00 GMT+0000 (Greenwich Mean Time),1
G,3,Iconic Aegean,Deluxe,CAN,DMC,NORAM,USA,Mon Jan 03 2028 00:00:00 GMT+0000 (Greenwich Mean Time),CD03280324,24/03/2028,0,0,USD,0,259,235,0,0,88,0,2027,Budget2025,v1,GDeluxeCANDMCCD03280324Budget2025v1,GDeluxeCANDMCCD03280324,Tue Jun 03 2025 08:50:38 GMT+0100 (British Summer Time),Fri Dec 31 9999 00:00:00 GMT+0000 (Greenwich Mean Time),1
F,4,Iconic Aegean,Outside,USA,Direct,NORAM,USA,Mon Jan 03 2028 00:00:00 GMT+0000 (Greenwich Mean Time),CD04280327,27/03/2028,89,358,USD,0,176,160,63068,57333,45,16307,2027,Budget2025,v1,FOutsideUSADirectCD04280327Budget2025v1,FOutsideUSADirectCD04280327,Tue Jun 03 2025 08:50:38 GMT+0100 (British Summer Time),Fri Dec 31 9999 00:00:00 GMT+0000 (Greenwich Mean Time),1
G,3,Iconic Aegean,Deluxe,JPN,Direct,APAC,ROW,Mon Jan 03 2028 00:00:00 GMT+0000 (Greenwich Mean Time),CD03280324,24/03/2028,0,0,USD,0,0,0,0,0,0,0,2027,Budget2025,v1,GDeluxeJPNDirectCD03280324Budget2025v1,GDeluxeJPNDirectCD03280324,Tue Jun 03 2025 08:50:38 GMT+0100 (British Summer Time),Fri Dec 31 9999 00:00:00 GMT+0000 (Greenwich Mean Time),1
F,4,Iconic Aegean,Deluxe,EAS,DMC,EU,ROW,Mon Jan 03 2028 00:00:00 GMT+0000 (Greenwich Mean Time),CD04280320,20/03/2028,0,0,EUR,1,0,0,0,0,0,0,2027,Budget2025,v1,FDeluxeEASDMCCD04280320Budget2025v1,FDeluxeEASDMCCD04280320,Tue Jun 03 2025 08:50:38 GMT+0100 (British Summer Time),Fri Dec 31 9999 00:00:00 GMT+0000 (Greenwich Mean Time),1
F,7,Desert Days,Outside,NTH,Tour Operator,EU,ROW,Mon Jan 03 2028 00:00:00 GMT+0000 (Greenwich Mean Time),CJ07280305,05/03/2028,0,0,EUR,1,167,167,0,0,0,0,2027,Budget2025,v1,FOutsideNTHTour OperatorCJ07280305Budget2025v1,FOutsideNTHTour OperatorCJ07280305,Tue Jun 03 2025 08:50:38 GMT+0100 (British Summer Time),Fri Dec 31 9999 00:00:00 GMT+0000 (Greenwich Mean Time),1
G,4,Iconic Aegean,Deluxe,AFR,Travel Agency,ROW,ROW,Mon Jan 03 2028 00:00:00 GMT+0000 (Greenwich Mean Time),CD04280327,27/03/2028,0,0,USD,0,0,0,0,0,28,0,2027,Budget2025,v1,GDeluxeAFRTravel AgencyCD04280327Budget2025v1,GDeluxeAFRTravel AgencyCD04280327,Tue Jun 03 2025 08:50:38 GMT+0100 (British Summer Time),Fri Dec 31 9999 00:00:00 GMT+0000 (Greenwich Mean Time),1
G,7,Desert Days,Outside,USA,DMC,NORAM,USA,Mon Jan 03 2028 00:00:00 GMT+0000 (Greenwich Mean Time),CJ07280312,12/03/2028,0,0,USD,0,182,166,0,0,25,0,2027,Budget2025,v1,GOutsideUSADMCCJ07280312Budget2025v1,GOutsideUSADMCCJ07280312,Tue Jun 03 2025 08:50:38 GMT+0100 (British Summer Time),Fri Dec 31 9999 00:00:00 GMT+0000 (Greenwich Mean Time),1
F,7,Desert Days,Inside,MID,DMC,AWAY,Away Markets,Mon Jan 03 2028 00:00:00 GMT+0000 (Greenwich Mean Time),CJ07280305,05/03/2028,5,38,USD,0,182,166,7039,6399,33,1308,2027,Budget2025,v1,FInsideMIDDMCCJ07280305Budget2025v1,FInsideMIDDMCCJ07280305,Tue Jun 03 2025 08:50:38 GMT+0100 (British Summer Time),Fri Dec 31 9999 00:00:00 GMT+0000 (Greenwich Mean Time),1
F,14,Positioning Journey,Inside,JPN,Direct,APAC,ROW,Mon Jan 03 2028 00:00:00 GMT+0000 (Greenwich Mean Time),CJ14280319,19/03/2028,0,0,USD,0,105,96,0,0,0,0,2027,Budget2025,v1,FInsideJPNDirectCJ14280319Budget2025v1,FInsideJPNDirectCJ14280319,Tue Jun 03 2025 08:50:38 GMT+0100 (British Summer Time),Fri Dec 31 9999 00:00:00 GMT+0000 (Greenwich Mean Time),1
F,3,Iconic Aegean,Deluxe,MID,Travel Agency,AWAY,Away Markets,Mon Jan 03 2028 00:00:00 GMT+0000 (Greenwich Mean Time),CD03280317,17/03/2028,0,0,USD,0,0,0,0,0,0,0,2027,Budget2025,v1,FDeluxeMIDTravel AgencyCD03280317Budget2025v1,FDeluxeMIDTravel AgencyCD03280317,Tue Jun 03 2025 08:50:38 GMT+0100 (British Summer Time),Fri Dec 31 9999 00:00:00 GMT+0000 (Greenwich Mean Time),1
F,4,Iconic Aegean,Inside,NTH,Travel Agency,EU,ROW,Mon Jan 03 2028 00:00:00 GMT+0000 (Greenwich Mean Time),CD04280320,20/03/2028,0,0,EUR,1,122,122,0,0,1,0,2027,Budget2025,v1,FInsideNTHTravel AgencyCD04280320Budget2025v1,FInsideNTHTravel AgencyCD04280320,Tue Jun 03 2025 08:50:38 GMT+0100 (British Summer Time),Fri Dec 31 9999 00:00:00 GMT+0000 (Greenwich Mean Time),1
F,7,Desert Days,Deluxe,DAC,Travel Agency,GERMANY,ROW,Mon Jan 03 2028 00:00:00 GMT+0000 (Greenwich Mean Time),CJ07280305,05/03/2028,11,80,EUR,1,167,167,13503,13503,19,1563,2027,Budget2025,v1,FDeluxeDACTravel AgencyCJ07280305Budget2025v1,FDeluxeDACTravel AgencyCJ07280305,Tue Jun 03 2025 08:50:38 GMT+0100 (British Summer Time),Fri Dec 31 9999 00:00:00 GMT+0000 (Greenwich Mean Time),1
F,7,Desert Days,Inside,GRC,DMC,HOME,Home Markets,Mon Jan 03 2028 00:00:00 GMT+0000 (Greenwich Mean Time),CJ07280305,05/03/2028,0,0,EUR,1,167,167,0,0,23,0,2027,Budget2025,v1,FInsideGRCDMCCJ07280305Budget2025v1,FInsideGRCDMCCJ07280305,Tue Jun 03 2025 08:50:38 GMT+0100 (British Summer Time),Fri Dec 31 9999 00:00:00 GMT+0000 (Greenwich Mean Time),1
G,7,Desert Days,Outside,RUS,Tour Operator,ROW,ROW,Mon Jan 03 2028 00:00:00 GMT+0000 (Greenwich Mean Time),CJ07280312,12/03/2028,1,10,EUR,1,167,167,1761,1761,4,46,2027,Budget2025,v1,GOutsideRUSTour OperatorCJ07280312Budget2025v1,GOutsideRUSTour OperatorCJ07280312,Tue Jun 03 2025 08:50:38 GMT+0100 (British Summer Time),Fri Dec 31 9999 00:00:00 GMT+0000 (Greenwich Mean Time),1
F,4,Iconic Aegean,Deluxe,JPN,DMC,APAC,ROW,Mon Jan 03 2028 00:00:00 GMT+0000 (Greenwich Mean Time),CD04280327,27/03/2028,0,0,USD,0,168,153,0,0,44,0,2027,Budget2025,v1,FDeluxeJPNDMCCD04280327Budget2025v1,FDeluxeJPNDMCCD04280327,Tue Jun 03 2025 08:50:38 GMT+0100 (British Summer Time),Fri Dec 31 9999 00:00:00 GMT+0000 (Greenwich Mean Time),1
F,4,Iconic Aegean,Deluxe,CHI,Tour Operator,APAC,ROW,Mon Jan 03 2028 00:00:00 GMT+0000 (Greenwich Mean Time),CD04280327,27/03/2028,0,0,USD,0,439,399,0,0,41,0,2027,Budget2025,v1,FDeluxeCHITour OperatorCD04280327Budget2025v1,FDeluxeCHITour OperatorCD04280327,Tue Jun 03 2025 08:50:38 GMT+0100 (British Summer Time),Fri Dec 31 9999 00:00:00 GMT+0000 (Greenwich Mean Time),1
F,3,Iconic Aegean,Deluxe,NZE,Direct,AUNZ,AUS,Mon Jan 03 2028 00:00:00 GMT+0000 (Greenwich Mean Time),CD03280324,24/03/2028,0,0,AUD,0,0,0,0,0,0,0,2027,Budget2025,v1,FDeluxeNZEDirectCD03280324Budget2025v1,FDeluxeNZEDirectCD03280324,Tue Jun 03 2025 08:50:38 GMT+0100 (British Summer Time),Fri Dec 31 9999 00:00:00 GMT+0000 (Greenwich Mean Time),1
F,7,Desert Days,Inside,SIP,Travel Agency,SIP,SIP,Mon Jan 03 2028 00:00:00 GMT+0000 (Greenwich Mean Time),CJ07280305,05/03/2028,9,63,EUR,1,167,167,10567,10567,27,1728,2027,Budget2025,v1,FInsideSIPTravel AgencyCJ07280305Budget2025v1,FInsideSIPTravel AgencyCJ07280305,Tue Jun 03 2025 08:50:38 GMT+0100 (British Summer Time),Fri Dec 31 9999 00:00:00 GMT+0000 (Greenwich Mean Time),1
G,7,Desert Days,Outside,AFR,Tour Operator,ROW,ROW,Mon Jan 03 2028 00:00:00 GMT+0000 (Greenwich Mean Time),CJ07280312,12/03/2028,0,0,USD,0,182,166,0,0,0,0,2027,Budget2025,v1,GOutsideAFRTour OperatorCJ07280312Budget2025v1,GOutsideAFRTour OperatorCJ07280312,Tue Jun 03 2025 08:50:38 GMT+0100 (British Summer Time),Fri Dec 31 9999 00:00:00 GMT+0000 (Greenwich Mean Time),1
F,4,Iconic Aegean,Inside,DAC,DMC,GERMANY,ROW,Mon Jan 03 2028 00:00:00 GMT+0000 (Greenwich Mean Time),CD04280327,27/03/2028,0,0,EUR,1,122,122,0,0,17,0,2027,Budget2025,v1,FInsideDACDMCCD04280327Budget2025v1,FInsideDACDMCCD04280327,Tue Jun 03 2025 08:50:38 GMT+0100 (British Summer Time),Fri Dec 31 9999 00:00:00 GMT+0000 (Greenwich Mean Time),1
G,4,Iconic Aegean,Inside,TUR,Direct,HOME,Home Markets,Mon Jan 03 2028 00:00:00 GMT+0000 (Greenwich Mean Time),CD04280327,27/03/2028,0,0,EUR,1,107,107,0,0,0,0,2027,Budget2025,v1,GInsideTURDirectCD04280327Budget2025v1,GInsideTURDirectCD04280327,Tue Jun 03 2025 08:50:38 GMT+0100 (British Summer Time),Fri Dec 31 9999 00:00:00 GMT+0000 (Greenwich Mean Time),1
F,4,Iconic Aegean,Deluxe,AFR,Tour Operator,ROW,ROW,Mon Jan 03 2028 00:00:00 GMT+0000 (Greenwich Mean Time),CD04280320,20/03/2028,0,0,USD,0,0,0,0,0,0,0,2027,Budget2025,v1,FDeluxeAFRTour OperatorCD04280320Budget2025v1,FDeluxeAFRTour OperatorCD04280320,Tue Jun 03 2025 08:50:38 GMT+0100 (British Summer Time),Fri Dec 31 9999 00:00:00 GMT+0000 (Greenwich Mean Time),1
G,4,Iconic Aegean,Outside,RUS,DMC,ROW,ROW,Mon Jan 03 2028 00:00:00 GMT+0000 (Greenwich Mean Time),CD04280320,20/03/2028,0,0,EUR,1,0,0,0,0,0,0,2027,Budget2025,v1,GOutsideRUSDMCCD04280320Budget2025v1,GOutsideRUSDMCCD04280320,Tue Jun 03 2025 08:50:38 GMT+0100 (British Summer Time),Fri Dec 31 9999 00:00:00 GMT+0000 (Greenwich Mean Time),1
F,7,Desert Days,Outside,EAS,DMC,EU,ROW,Mon Jan 03 2028 00:00:00 GMT+0000 (Greenwich Mean Time),CJ07280312,12/03/2028,0,0,EUR,1,167,167,0,0,0,0,2027,Budget2025,v1,FOutsideEASDMCCJ07280312Budget2025v1,FOutsideEASDMCCJ07280312,Tue Jun 03 2025 08:50:38 GMT+0100 (British Summer Time),Fri Dec 31 9999 00:00:00 GMT+0000 (Greenwich Mean Time),1
G,14,Positioning Journey,Deluxe,TUR,DMC,HOME,Home Markets,Mon Jan 03 2028 00:00:00 GMT+0000 (Greenwich Mean Time),CJ14280319,19/03/2028,0,0,EUR,1,97,97,0,0,0,0,2027,Budget2025,v1,GDeluxeTURDMCCJ14280319Budget2025v1,GDeluxeTURDMCCJ14280319,Tue Jun 03 2025 08:50:38 GMT+0100 (British Summer Time),Fri Dec 31 9999 00:00:00 GMT+0000 (Greenwich Mean Time),1
G,14,Positioning Journey,Inside,BLK,DMC,HOME,Home Markets,Mon Jan 03 2028 00:00:00 GMT+0000 (Greenwich Mean Time),CJ14280319,19/03/2028,0,0,EUR,1,97,97,0,0,0,0,2027,Budget2025,v1,GInsideBLKDMCCJ14280319Budget2025v1,GInsideBLKDMCCJ14280319,Tue Jun 03 2025 08:50:38 GMT+0100 (British Summer Time),Fri Dec 31 9999 00:00:00 GMT+0000 (Greenwich Mean Time),1
G,7,Desert Days,Deluxe,DAC,Tour Operator,GERMANY,ROW,Mon Jan 03 2028 00:00:00 GMT+0000 (Greenwich Mean Time),CJ07280312,12/03/2028,0,0,EUR,1,167,167,0,0,0,0,2027,Budget2025,v1,GDeluxeDACTour OperatorCJ07280312Budget2025v1,GDeluxeDACTour OperatorCJ07280312,Tue Jun 03 2025 08:50:38 GMT+0100 (British Summer Time),Fri Dec 31 9999 00:00:00 GMT+0000 (Greenwich Mean Time),1
G,3,Iconic Aegean,Deluxe,TUR,Travel Agency,HOME,Home Markets,Mon Jan 03 2028 00:00:00 GMT+0000 (Greenwich Mean Time),CD03280324,24/03/2028,0,0,EUR,1,0,0,0,0,0,0,2027,Budget2025,v1,GDeluxeTURTravel AgencyCD03280324Budget2025v1,GDeluxeTURTravel AgencyCD03280324,Tue Jun 03 2025 08:50:38 GMT+0100 (British Summer Time),Fri Dec 31 9999 00:00:00 GMT+0000 (Greenwich Mean Time),1
F,14,Positioning Journey,Outside,MID,Travel Agency,AWAY,Away Markets,Mon Jan 03 2028 00:00:00 GMT+0000 (Greenwich Mean Time),CJ14280319,19/03/2028,110,1540,USD,0,105,96,162855,148055,0,0,2027,Budget2025,v1,FOutsideMIDTravel AgencyCJ14280319Budget2025v1,FOutsideMIDTravel AgencyCJ14280319,Tue Jun 03 2025 08:50:38 GMT+0100 (British Summer Time),Fri Dec 31 9999 00:00:00 GMT+0000 (Greenwich Mean Time),1
F,4,Iconic Aegean,Outside,SIP,Travel Agency,SIP,SIP,Mon Jan 03 2028 00:00:00 GMT+0000 (Greenwich Mean Time),CD04280327,27/03/2028,48,194,EUR,1,154,154,29899,29899,36,7123,2027,Budget2025,v1,FOutsideSIPTravel AgencyCD04280327Budget2025v1,FOutsideSIPTravel AgencyCD04280327,Tue Jun 03 2025 08:50:38 GMT+0100 (British Summer Time),Fri Dec 31 9999 00:00:00 GMT+0000 (Greenwich Mean Time),1
G,3,Iconic Aegean,Deluxe,LAT,Direct,LATAM,LATAM,Mon Jan 03 2028 00:00:00 GMT+0000 (Greenwich Mean Time),CD03280317,17/03/2028,0,0,USD,0,0,0,0,0,29,0,2027,Budget2025,v1,GDeluxeLATDirectCD03280317Budget2025v1,GDeluxeLATDirectCD03280317,Tue Jun 03 2025 08:50:38 GMT+0100 (British Summer Time),Fri Dec 31 9999 00:00:00 GMT+0000 (Greenwich Mean Time),1
F,14,Positioning Journey,Outside,BLX,DMC,EU,ROW,Mon Jan 03 2028 00:00:00 GMT+0000 (Greenwich Mean Time),CJ14280319,19/03/2028,0,0,EUR,1,97,97,0,0,0,0,2027,Budget2025,v1,FOutsideBLXDMCCJ14280319Budget2025v1,FOutsideBLXDMCCJ14280319,Tue Jun 03 2025 08:50:38 GMT+0100 (British Summer Time),Fri Dec 31 9999 00:00:00 GMT+0000 (Greenwich Mean Time),1
G,7,Desert Days,Deluxe,CHI,Direct,APAC,ROW,Mon Jan 03 2028 00:00:00 GMT+0000 (Greenwich Mean Time),CJ07280312,12/03/2028,0,0,USD,0,182,166,0,0,0,0,2027,Budget2025,v1,GDeluxeCHIDirectCJ07280312Budget2025v1,GDeluxeCHIDirectCJ07280312,Tue Jun 03 2025 08:50:38 GMT+0100 (British Summer Time),Fri Dec 31 9999 00:00:00 GMT+0000 (Greenwich Mean Time),1
F,14,Positioning Journey,Inside,DAC,DMC,GERMANY,ROW,Mon Jan 03 2028 00:00:00 GMT+0000 (Greenwich Mean Time),CJ14280319,19/03/2028,0,0,EUR,1,97,97,0,0,6,0,2027,Budget2025,v1,FInsideDACDMCCJ14280319Budget2025v1,FInsideDACDMCCJ14280319,Tue Jun 03 2025 08:50:38 GMT+0100 (British Summer Time),Fri Dec 31 9999 00:00:00 GMT+0000 (Greenwich Mean Time),1
G,4,Iconic Aegean,Deluxe,AUS,Tour Operator,AUNZ,AUS,Mon Jan 03 2028 00:00:00 GMT+0000 (Greenwich Mean Time),CD04280327,27/03/2028,0,0,AUD,0,0,0,0,0,43,0,2027,Budget2025,v1,GDeluxeAUSTour OperatorCD04280327Budget2025v1,GDeluxeAUSTour OperatorCD04280327,Tue Jun 03 2025 08:50:38 GMT+0100 (British Summer Time),Fri Dec 31 9999 00:00:00 GMT+0000 (Greenwich Mean Time),1
F,14,Positioning Journey,Outside,JPN,Tour Operator,APAC,ROW,Mon Jan 03 2028 00:00:00 GMT+0000 (Greenwich Mean Time),CJ14280319,19/03/2028,0,0,USD,0,105,96,0,0,0,0,2027,Budget2025,v1,FOutsideJPNTour OperatorCJ14280319Budget2025v1,FOutsideJPNTour OperatorCJ14280319,Tue Jun 03 2025 08:50:38 GMT+0100 (British Summer Time),Fri Dec 31 9999 00:00:00 GMT+0000 (Greenwich Mean Time),1
F,3,Iconic Aegean,Inside,MID,Tour Operator,AWAY,Away Markets,Mon Jan 03 2028 00:00:00 GMT+0000 (Greenwich Mean Time),CD03280324,24/03/2028,0,0,USD,0,137,125,0,0,32,0,2027,Budget2025,v1,FInsideMIDTour OperatorCD03280324Budget2025v1,FInsideMIDTour OperatorCD03280324,Tue Jun 03 2025 08:50:38 GMT+0100 (British Summer Time),Fri Dec 31 9999 00:00:00 GMT+0000 (Greenwich Mean Time),1
G,3,Iconic Aegean,Inside,BLK,Direct,HOME,Home Markets,Mon Jan 03 2028 00:00:00 GMT+0000 (Greenwich Mean Time),CD03280324,24/03/2028,0,0,EUR,1,100,100,0,0,24,0,2027,Budget2025,v1,GInsideBLKDirectCD03280324Budget2025v1,GInsideBLKDirectCD03280324,Tue Jun 03 2025 08:50:38 GMT+0100 (British Summer Time),Fri Dec 31 9999 00:00:00 GMT+0000 (Greenwich Mean Time),1
F,4,Iconic Aegean,Inside,SCN,DMC,EU,ROW,Mon Jan 03 2028 00:00:00 GMT+0000 (Greenwich Mean Time),CD04280327,27/03/2028,0,0,EUR,1,0,0,0,0,1,0,2027,Budget2025,v1,FInsideSCNDMCCD04280327Budget2025v1,FInsideSCNDMCCD04280327,Tue Jun 03 2025 08:50:38 GMT+0100 (British Summer Time),Fri Dec 31 9999 00:00:00 GMT+0000 (Greenwich Mean Time),1
G,3,Iconic Aegean,Outside,AFR,Tour Operator,ROW,ROW,Mon Jan 03 2028 00:00:00 GMT+0000 (Greenwich Mean Time),CD03280317,17/03/2028,0,0,USD,0,0,0,0,0,0,0,2027,Budget2025,v1,GOutsideAFRTour OperatorCD03280317Budget2025v1,GOutsideAFRTour OperatorCD03280317,Tue Jun 03 2025 08:50:38 GMT+0100 (British Summer Time),Fri Dec 31 9999 00:00:00 GMT+0000 (Greenwich Mean Time),1
F,3,Iconic Aegean,Deluxe,AFR,Direct,ROW,ROW,Mon Jan 03 2028 00:00:00 GMT+0000 (Greenwich Mean Time),CD03280324,24/03/2028,0,0,USD,0,0,0,0,0,0,0,2027,Budget2025,v1,FDeluxeAFRDirectCD03280324Budget2025v1,FDeluxeAFRDirectCD03280324,Tue Jun 03 2025 08:50:38 GMT+0100 (British Summer Time),Fri Dec 31 9999 00:00:00 GMT+0000 (Greenwich Mean Time),1
F,4,Iconic Aegean,Deluxe,MID,Direct,AWAY,Away Markets,Mon Jan 03 2028 00:00:00 GMT+0000 (Greenwich Mean Time),CD04280327,27/03/2028,0,0,USD,0,0,0,0,0,1,0,2027,Budget2025,v1,FDeluxeMIDDirectCD04280327Budget2025v1,FDeluxeMIDDirectCD04280327,Tue Jun 03 2025 08:50:38 GMT+0100 (British Summer Time),Fri Dec 31 9999 00:00:00 GMT+0000 (Greenwich Mean Time),1
F,3,Iconic Aegean,Deluxe,CYP,Travel Agency,HOME,Home Markets,Mon Jan 03 2028 00:00:00 GMT+0000 (Greenwich Mean Time),CD03280317,17/03/2028,0,0,EUR,1,0,0,0,0,2,0,2027,Budget2025,v1,FDeluxeCYPTravel AgencyCD03280317Budget2025v1,FDeluxeCYPTravel AgencyCD03280317,Tue Jun 03 2025 08:50:38 GMT+0100 (British Summer Time),Fri Dec 31 9999 00:00:00 GMT+0000 (Greenwich Mean Time),1
F,3,Iconic Aegean,Deluxe,GRC,Direct,HOME,Home Markets,Mon Jan 03 2028 00:00:00 GMT+0000 (Greenwich Mean Time),CD03280317,17/03/2028,1,4,EUR,1,88,88,396,396,7,35,2027,Budget2025,v1,FDeluxeGRCDirectCD03280317Budget2025v1,FDeluxeGRCDirectCD03280317,Tue Jun 03 2025 08:50:38 GMT+0100 (British Summer Time),Fri Dec 31 9999 00:00:00 GMT+0000 (Greenwich Mean Time),1
G,3,Iconic Aegean,Outside,EAS,Travel Agency,EU,ROW,Mon Jan 03 2028 00:00:00 GMT+0000 (Greenwich Mean Time),CD03280324,24/03/2028,0,0,EUR,1,147,147,0,0,33,0,2027,Budget2025,v1,GOutsideEASTravel AgencyCD03280324Budget2025v1,GOutsideEASTravel AgencyCD03280324,Tue Jun 03 2025 08:50:38 GMT+0100 (British Summer Time),Fri Dec 31 9999 00:00:00 GMT+0000 (Greenwich Mean Time),1
G,4,Iconic Aegean,Outside,SCN,Travel Agency,EU,ROW,Mon Jan 03 2028 00:00:00 GMT+0000 (Greenwich Mean Time),CD04280327,27/03/2028,0,0,EUR,1,147,147,0,0,0,0,2027,Budget2025,v1,GOutsideSCNTravel AgencyCD04280327Budget2025v1,GOutsideSCNTravel AgencyCD04280327,Tue Jun 03 2025 08:50:38 GMT+0100 (British Summer Time),Fri Dec 31 9999 00:00:00 GMT+0000 (Greenwich Mean Time),1
F,3,Iconic Aegean,Inside,CHI,Tour Operator,APAC,ROW,Mon Jan 03 2028 00:00:00 GMT+0000 (Greenwich Mean Time),CD03280317,17/03/2028,0,0,USD,0,168,153,0,0,17,0,2027,Budget2025,v1,FInsideCHITour OperatorCD03280317Budget2025v1,FInsideCHITour OperatorCD03280317,Tue Jun 03 2025 08:50:38 GMT+0100 (British Summer Time),Fri Dec 31 9999 00:00:00 GMT+0000 (Greenwich Mean Time),1
G,4,Iconic Aegean,Outside,SCN,Direct,EU,ROW,Mon Jan 03 2028 00:00:00 GMT+0000 (Greenwich Mean Time),CD04280327,27/03/2028,0,0,EUR,1,154,154,0,0,21,0,2027,Budget2025,v1,GOutsideSCNDirectCD04280327Budget2025v1,GOutsideSCNDirectCD04280327,Tue Jun 03 2025 08:50:38 GMT+0100 (British Summer Time),Fri Dec 31 9999 00:00:00 GMT+0000 (Greenwich Mean Time),1
G,3,Iconic Aegean,Outside,APAC,Travel Agency,APAC,ROW,Mon Jan 03 2028 00:00:00 GMT+0000 (Greenwich Mean Time),CD03280317,17/03/2028,0,0,USD,0,167,151,0,0,48,0,2027,Budget2025,v1,GOutsideAPACTravel AgencyCD03280317Budget2025v1,GOutsideAPACTravel AgencyCD03280317,Tue Jun 03 2025 08:50:38 GMT+0100 (British Summer Time),Fri Dec 31 9999 00:00:00 GMT+0000 (Greenwich Mean Time),1
G,3,Iconic Aegean,Outside,CAN,Travel Agency,NORAM,USA,Mon Jan 03 2028 00:00:00 GMT+0000 (Greenwich Mean Time),CD03280317,17/03/2028,0,0,USD,0,193,175,0,0,22,0,2027,Budget2025,v1,GOutsideCANTravel AgencyCD03280317Budget2025v1,GOutsideCANTravel AgencyCD03280317,Tue Jun 03 2025 08:50:38 GMT+0100 (British Summer Time),Fri Dec 31 9999 00:00:00 GMT+0000 (Greenwich Mean Time),1
G,3,Iconic Aegean,Inside,BRI,Tour Operator,UKIE,UKIE,Mon Jan 03 2028 00:00:00 GMT+0000 (Greenwich Mean Time),CD03280317,17/03/2028,0,0,GBP,1,0,0,0,0,0,0,2027,Budget2025,v1,GInsideBRITour OperatorCD03280317Budget2025v1,GInsideBRITour OperatorCD03280317,Tue Jun 03 2025 08:50:38 GMT+0100 (British Summer Time),Fri Dec 31 9999 00:00:00 GMT+0000 (Greenwich Mean Time),1
F,3,Iconic Aegean,Outside,SCN,Travel Agency,EU,ROW,Mon Jan 03 2028 00:00:00 GMT+0000 (Greenwich Mean Time),CD03280317,17/03/2028,0,0,EUR,1,150,150,0,0,0,0,2027,Budget2025,v1,FOutsideSCNTravel AgencyCD03280317Budget2025v1,FOutsideSCNTravel AgencyCD03280317,Tue Jun 03 2025 08:50:38 GMT+0100 (British Summer Time),Fri Dec 31 9999 00:00:00 GMT+0000 (Greenwich Mean Time),1
G,14,Positioning Journey,Deluxe,AFR,DMC,ROW,ROW,Mon Jan 03 2028 00:00:00 GMT+0000 (Greenwich Mean Time),CJ14280319,19/03/2028,0,0,USD,0,105,96,0,0,0,0,2027,Budget2025,v1,GDeluxeAFRDMCCJ14280319Budget2025v1,GDeluxeAFRDMCCJ14280319,Tue Jun 03 2025 08:50:38 GMT+0100 (British Summer Time),Fri Dec 31 9999 00:00:00 GMT+0000 (Greenwich Mean Time),1
F,3,Iconic Aegean,Outside,CYP,Tour Operator,HOME,Home Markets,Mon Jan 03 2028 00:00:00 GMT+0000 (Greenwich Mean Time),CD03280317,17/03/2028,0,0,EUR,1,157,157,0,0,0,0,2027,Budget2025,v1,FOutsideCYPTour OperatorCD03280317Budget2025v1,FOutsideCYPTour OperatorCD03280317,Tue Jun 03 2025 08:50:38 GMT+0100 (British Summer Time),Fri Dec 31 9999 00:00:00 GMT+0000 (Greenwich Mean Time),1
F,3,Iconic Aegean,Deluxe,USA,Direct,NORAM,USA,Mon Jan 03 2028 00:00:00 GMT+0000 (Greenwich Mean Time),CD03280324,24/03/2028,13,39,USD,0,314,286,12283,11166,36,1430,2027,Budget2025,v1,FDeluxeUSADirectCD03280324Budget2025v1,FDeluxeUSADirectCD03280324,Tue Jun 03 2025 08:50:38 GMT+0100 (British Summer Time),Fri Dec 31 9999 00:00:00 GMT+0000 (Greenwich Mean Time),1
F,3,Iconic Aegean,Deluxe,JPN,Direct,APAC,ROW,Mon Jan 03 2028 00:00:00 GMT+0000 (Greenwich Mean Time),CD03280324,24/03/2028,0,0,USD,0,0,0,0,0,0,0,2027,Budget2025,v1,FDeluxeJPNDirectCD03280324Budget2025v1,FDeluxeJPNDirectCD03280324,Tue Jun 03 2025 08:50:38 GMT+0100 (British Summer Time),Fri Dec 31 9999 00:00:00 GMT+0000 (Greenwich Mean Time),1
G,14,Positioning Journey,Outside,GRC,Travel Agency,HOME,Home Markets,Mon Jan 03 2028 00:00:00 GMT+0000 (Greenwich Mean Time),CJ14280319,19/03/2028,0,0,EUR,1,97,97,0,0,2,0,2027,Budget2025,v1,GOutsideGRCTravel AgencyCJ14280319Budget2025v1,GOutsideGRCTravel AgencyCJ14280319,Tue Jun 03 2025 08:50:38 GMT+0100 (British Summer Time),Fri Dec 31 9999 00:00:00 GMT+0000 (Greenwich Mean Time),1
F,14,Positioning Journey,Inside,DAC,Tour Operator,GERMANY,ROW,Mon Jan 03 2028 00:00:00 GMT+0000 (Greenwich Mean Time),CJ14280319,19/03/2028,0,0,EUR,1,97,97,0,0,0,0,2027,Budget2025,v1,FInsideDACTour OperatorCJ14280319Budget2025v1,FInsideDACTour OperatorCJ14280319,Tue Jun 03 2025 08:50:38 GMT+0100 (British Summer Time),Fri Dec 31 9999 00:00:00 GMT+0000 (Greenwich Mean Time),1
F,14,Positioning Journey,Inside,DAC,Direct,GERMANY,ROW,Mon Jan 03 2028 00:00:00 GMT+0000 (Greenwich Mean Time),CJ14280319,19/03/2028,0,0,EUR,1,97,97,0,0,24,0,2027,Budget2025,v1,FInsideDACDirectCJ14280319Budget2025v1,FInsideDACDirectCJ14280319,Tue Jun 03 2025 08:50:38 GMT+0100 (British Summer Time),Fri Dec 31 9999 00:00:00 GMT+0000 (Greenwich Mean Time),1
G,14,Positioning Journey,Deluxe,FRA,DMC,FRANCE,FRANCE,Mon Jan 03 2028 00:00:00 GMT+0000 (Greenwich Mean Time),CJ14280319,19/03/2028,0,0,EUR,1,97,97,0,0,0,0,2027,Budget2025,v1,GDeluxeFRADMCCJ14280319Budget2025v1,GDeluxeFRADMCCJ14280319,Tue Jun 03 2025 08:50:38 GMT+0100 (British Summer Time),Fri Dec 31 9999 00:00:00 GMT+0000 (Greenwich Mean Time),1
G,7,Desert Days,Inside,DAC,Direct,GERMANY,ROW,Mon Jan 03 2028 00:00:00 GMT+0000 (Greenwich Mean Time),CJ07280312,12/03/2028,0,0,EUR,1,167,167,0,0,50,0,2027,Budget2025,v1,GInsideDACDirectCJ07280312Budget2025v1,GInsideDACDirectCJ07280312,Tue Jun 03 2025 08:50:38 GMT+0100 (British Summer Time),Fri Dec 31 9999 00:00:00 GMT+0000 (Greenwich Mean Time),1
G,4,Iconic Aegean,Deluxe,USA,Direct,NORAM,USA,Mon Jan 03 2028 00:00:00 GMT+0000 (Greenwich Mean Time),CD04280327,27/03/2028,0,0,USD,0,308,280,0,0,45,0,2027,Budget2025,v1,GDeluxeUSADirectCD04280327Budget2025v1,GDeluxeUSADirectCD04280327,Tue Jun 03 2025 08:50:38 GMT+0100 (British Summer Time),Fri Dec 31 9999 00:00:00 GMT+0000 (Greenwich Mean Time),1
G,3,Iconic Aegean,Deluxe,NZE,Tour Operator,AUNZ,AUS,Mon Jan 03 2028 00:00:00 GMT+0000 (Greenwich Mean Time),CD03280324,24/03/2028,0,0,AUD,0,0,0,0,0,15,0,2027,Budget2025,v1,GDeluxeNZETour OperatorCD03280324Budget2025v1,GDeluxeNZETour OperatorCD03280324,Tue Jun 03 2025 08:50:38 GMT+0100 (British Summer Time),Fri Dec 31 9999 00:00:00 GMT+0000 (Greenwich Mean Time),1
G,4,Iconic Aegean,Deluxe,AUS,DMC,AUNZ,AUS,Mon Jan 03 2028 00:00:00 GMT+0000 (Greenwich Mean Time),CD04280327,27/03/2028,0,0,AUD,0,0,0,0,0,11,0,2027,Budget2025,v1,GDeluxeAUSDMCCD04280327Budget2025v1,GDeluxeAUSDMCCD04280327,Tue Jun 03 2025 08:50:38 GMT+0100 (British Summer Time),Fri Dec 31 9999 00:00:00 GMT+0000 (Greenwich Mean Time),1
G,7,Desert Days,Deluxe,CAN,Travel Agency,NORAM,USA,Mon Jan 03 2028 00:00:00 GMT+0000 (Greenwich Mean Time),CJ07280312,12/03/2028,0,0,USD,0,182,166,0,0,52,0,2027,Budget2025,v1,GDeluxeCANTravel AgencyCJ07280312Budget2025v1,GDeluxeCANTravel AgencyCJ07280312,Tue Jun 03 2025 08:50:38 GMT+0100 (British Summer Time),Fri Dec 31 9999 00:00:00 GMT+0000 (Greenwich Mean Time),1
F,4,Iconic Aegean,Deluxe,TUR,Tour Operator,HOME,Home Markets,Mon Jan 03 2028 00:00:00 GMT+0000 (Greenwich Mean Time),CD04280327,27/03/2028,4,18,EUR,1,237,237,4270,4270,15,282,2027,Budget2025,v1,FDeluxeTURTour OperatorCD04280327Budget2025v1,FDeluxeTURTour OperatorCD04280327,Tue Jun 03 2025 08:50:38 GMT+0100 (British Summer Time),Fri Dec 31 9999 00:00:00 GMT+0000 (Greenwich Mean Time),1
F,3,Iconic Aegean,Outside,BRI,Direct,UKIE,UKIE,Mon Jan 03 2028 00:00:00 GMT+0000 (Greenwich Mean Time),CD03280324,24/03/2028,5,15,GBP,1,139,164,2091,2460,33,506,2027,Budget2025,v1,FOutsideBRIDirectCD03280324Budget2025v1,FOutsideBRIDirectCD03280324,Tue Jun 03 2025 08:50:38 GMT+0100 (British Summer Time),Fri Dec 31 9999 00:00:00 GMT+0000 (Greenwich Mean Time),1
G,3,Iconic Aegean,Deluxe,EAS,DMC,EU,ROW,Mon Jan 03 2028 00:00:00 GMT+0000 (Greenwich Mean Time),CD03280317,17/03/2028,0,0,EUR,1,0,0,0,0,31,0,2027,Budget2025,v1,GDeluxeEASDMCCD03280317Budget2025v1,GDeluxeEASDMCCD03280317,Tue Jun 03 2025 08:50:38 GMT+0100 (British Summer Time),Fri Dec 31 9999 00:00:00 GMT+0000 (Greenwich Mean Time),1
F,7,Desert Days,Outside,IND,Tour Operator,AWAY,Away Markets,Mon Jan 03 2028 00:00:00 GMT+0000 (Greenwich Mean Time),CJ07280305,05/03/2028,3,21,USD,0,182,166,3839,3490,42,897,2027,Budget2025,v1,FOutsideINDTour OperatorCJ07280305Budget2025v1,FOutsideINDTour OperatorCJ07280305,Tue Jun 03 2025 08:50:38 GMT+0100 (British Summer Time),Fri Dec 31 9999 00:00:00 GMT+0000 (Greenwich Mean Time),1
G,7,Desert Days,Outside,GRC,Travel Agency,HOME,Home Markets,Mon Jan 03 2028 00:00:00 GMT+0000 (Greenwich Mean Time),CJ07280305,05/03/2028,4,31,EUR,1,167,167,5283,5283,5,188,2027,Budget2025,v1,GOutsideGRCTravel AgencyCJ07280305Budget2025v1,GOutsideGRCTravel AgencyCJ07280305,Tue Jun 03 2025 08:50:38 GMT+0100 (British Summer Time),Fri Dec 31 9999 00:00:00 GMT+0000 (Greenwich Mean Time),1
F,4,Iconic Aegean,Inside,FRA,Travel Agency,FRANCE,FRANCE,Mon Jan 03 2028 00:00:00 GMT+0000 (Greenwich Mean Time),CD04280320,20/03/2028,4,16,EUR,1,123,123,1969,1969,26,423,2027,Budget2025,v1,FInsideFRATravel AgencyCD04280320Budget2025v1,FInsideFRATravel AgencyCD04280320,Tue Jun 03 2025 08:50:38 GMT+0100 (British Summer Time),Fri Dec 31 9999 00:00:00 GMT+0000 (Greenwich Mean Time),1
F,3,Iconic Aegean,Outside,CAN,Tour Operator,NORAM,USA,Mon Jan 03 2028 00:00:00 GMT+0000 (Greenwich Mean Time),CD03280324,24/03/2028,0,0,USD,0,211,191,0,0,0,0,2027,Budget2025,v1,FOutsideCANTour OperatorCD03280324Budget2025v1,FOutsideCANTour OperatorCD03280324,Tue Jun 03 2025 08:50:38 GMT+0100 (British Summer Time),Fri Dec 31 9999 00:00:00 GMT+0000 (Greenwich Mean Time),1
F,3,Iconic Aegean,Outside,RUS,Tour Operator,ROW,ROW,Mon Jan 03 2028 00:00:00 GMT+0000 (Greenwich Mean Time),CD03280324,24/03/2028,0,0,EUR,1,0,0,0,0,22,0,2027,Budget2025,v1,FOutsideRUSTour OperatorCD03280324Budget2025v1,FOutsideRUSTour OperatorCD03280324,Tue Jun 03 2025 08:50:38 GMT+0100 (British Summer Time),Fri Dec 31 9999 00:00:00 GMT+0000 (Greenwich Mean Time),1
G,14,Positioning Journey,Outside,BLX,Travel Agency,EU,ROW,Mon Jan 03 2028 00:00:00 GMT+0000 (Greenwich Mean Time),CJ14280319,19/03/2028,0,0,EUR,1,97,97,0,0,52,0,2027,Budget2025,v1,GOutsideBLXTravel AgencyCJ14280319Budget2025v1,GOutsideBLXTravel AgencyCJ14280319,Tue Jun 03 2025 08:50:38 GMT+0100 (British Summer Time),Fri Dec 31 9999 00:00:00 GMT+0000 (Greenwich Mean Time),1
F,4,Iconic Aegean,Inside,SIP,Direct,SIP,SIP,Mon Jan 03 2028 00:00:00 GMT+0000 (Greenwich Mean Time),CD04280320,20/03/2028,14,56,EUR,1,114,114,6409,6409,31,1772,2027,Budget2025,v1,FInsideSIPDirectCD04280320Budget2025v1,FInsideSIPDirectCD04280320,Tue Jun 03 2025 08:50:38 GMT+0100 (British Summer Time),Fri Dec 31 9999 00:00:00 GMT+0000 (Greenwich Mean Time),1
F,7,Desert Days,Deluxe,GRC,Direct,HOME,Home Markets,Mon Jan 03 2028 00:00:00 GMT+0000 (Greenwich Mean Time),CJ07280305,05/03/2028,0,3,EUR,1,167,167,587,587,6,21,2027,Budget2025,v1,FDeluxeGRCDirectCJ07280305Budget2025v1,FDeluxeGRCDirectCJ07280305,Tue Jun 03 2025 08:50:38 GMT+0100 (British Summer Time),Fri Dec 31 9999 00:00:00 GMT+0000 (Greenwich Mean Time),1
F,4,Iconic Aegean,Inside,APAC,Direct,APAC,ROW,Mon Jan 03 2028 00:00:00 GMT+0000 (Greenwich Mean Time),CD04280327,27/03/2028,0,0,USD,0,0,0,0,0,0,0,2027,Budget2025,v1,FInsideAPACDirectCD04280327Budget2025v1,FInsideAPACDirectCD04280327,Tue Jun 03 2025 08:50:38 GMT+0100 (British Summer Time),Fri Dec 31 9999 00:00:00 GMT+0000 (Greenwich Mean Time),1
F,7,Desert Days,Inside,NZE,Travel Agency,AUNZ,AUS,Mon Jan 03 2028 00:00:00 GMT+0000 (Greenwich Mean Time),CJ07280312,12/03/2028,0,0,AUD,0,278,167,0,0,20,0,2027,Budget2025,v1,FInsideNZETravel AgencyCJ07280312Budget2025v1,FInsideNZETravel AgencyCJ07280312,Tue Jun 03 2025 08:50:38 GMT+0100 (British Summer Time),Fri Dec 31 9999 00:00:00 GMT+0000 (Greenwich Mean Time),1
F,14,Positioning Journey,Deluxe,APAC,Direct,APAC,ROW,Mon Jan 03 2028 00:00:00 GMT+0000 (Greenwich Mean Time),CJ14280319,19/03/2028,0,0,USD,0,105,96,0,0,0,0,2027,Budget2025,v1,FDeluxeAPACDirectCJ14280319Budget2025v1,FDeluxeAPACDirectCJ14280319,Tue Jun 03 2025 08:50:38 GMT+0100 (British Summer Time),Fri Dec 31 9999 00:00:00 GMT+0000 (Greenwich Mean Time),1
G,3,Iconic Aegean,Outside,SIP,DMC,SIP,SIP,Mon Jan 03 2028 00:00:00 GMT+0000 (Greenwich Mean Time),CD03280317,17/03/2028,19,58,EUR,1,156,156,9164,9164,39,2338,2027,Budget2025,v1,GOutsideSIPDMCCD03280317Budget2025v1,GOutsideSIPDMCCD03280317,Tue Jun 03 2025 08:50:38 GMT+0100 (British Summer Time),Fri Dec 31 9999 00:00:00 GMT+0000 (Greenwich Mean Time),1
F,4,Iconic Aegean,Inside,EAS,Tour Operator,EU,ROW,Mon Jan 03 2028 00:00:00 GMT+0000 (Greenwich Mean Time),CD04280327,27/03/2028,0,0,EUR,1,122,122,0,0,1,0,2027,Budget2025,v1,FInsideEASTour OperatorCD04280327Budget2025v1,FInsideEASTour OperatorCD04280327,Tue Jun 03 2025 08:50:38 GMT+0100 (British Summer Time),Fri Dec 31 9999 00:00:00 GMT+0000 (Greenwich Mean Time),1
G,3,Iconic Aegean,Inside,FRA,Travel Agency,FRANCE,FRANCE,Mon Jan 03 2028 00:00:00 GMT+0000 (Greenwich Mean Time),CD03280317,17/03/2028,0,0,EUR,1,121,121,0,0,9,0,2027,Budget2025,v1,GInsideFRATravel AgencyCD03280317Budget2025v1,GInsideFRATravel AgencyCD03280317,Tue Jun 03 2025 08:50:38 GMT+0100 (British Summer Time),Fri Dec 31 9999 00:00:00 GMT+0000 (Greenwich Mean Time),1
G,3,Iconic Aegean,Deluxe,USA,Tour Operator,NORAM,USA,Mon Jan 03 2028 00:00:00 GMT+0000 (Greenwich Mean Time),CD03280317,17/03/2028,3,9,USD,0,303,276,2733,2484,21,196,2027,Budget2025,v1,GDeluxeUSATour OperatorCD03280317Budget2025v1,GDeluxeUSATour OperatorCD03280317,Tue Jun 03 2025 08:50:38 GMT+0100 (British Summer Time),Fri Dec 31 9999 00:00:00 GMT+0000 (Greenwich Mean Time),1
G,7,Desert Days,Inside,AFR,DMC,ROW,ROW,Mon Jan 03 2028 00:00:00 GMT+0000 (Greenwich Mean Time),CJ07280312,12/03/2028,0,0,USD,0,182,166,0,0,0,0,2027,Budget2025,v1,GInsideAFRDMCCJ07280312Budget2025v1,GInsideAFRDMCCJ07280312,Tue Jun 03 2025 08:50:38 GMT+0100 (British Summer Time),Fri Dec 31 9999 00:00:00 GMT+0000 (Greenwich Mean Time),1
G,7,Desert Days,Inside,JPN,Travel Agency,APAC,ROW,Mon Jan 03 2028 00:00:00 GMT+0000 (Greenwich Mean Time),CJ07280305,05/03/2028,0,0,USD,0,182,166,0,0,16,0,2027,Budget2025,v1,GInsideJPNTravel AgencyCJ07280305Budget2025v1,GInsideJPNTravel AgencyCJ07280305,Tue Jun 03 2025 08:50:38 GMT+0100 (British Summer Time),Fri Dec 31 9999 00:00:00 GMT+0000 (Greenwich Mean Time),1
F,3,Iconic Aegean,Deluxe,RUS,DMC,ROW,ROW,Mon Jan 03 2028 00:00:00 GMT+0000 (Greenwich Mean Time),CD03280324,24/03/2028,0,0,EUR,1,0,0,0,0,0,0,2027,Budget2025,v1,FDeluxeRUSDMCCD03280324Budget2025v1,FDeluxeRUSDMCCD03280324,Tue Jun 03 2025 08:50:38 GMT+0100 (British Summer Time),Fri Dec 31 9999 00:00:00 GMT+0000 (Greenwich Mean Time),1
G,4,Iconic Aegean,Deluxe,CAN,Tour Operator,NORAM,USA,Mon Jan 03 2028 00:00:00 GMT+0000 (Greenwich Mean Time),CD04280327,27/03/2028,0,0,USD,0,0,0,0,0,153,0,2027,Budget2025,v1,GDeluxeCANTour OperatorCD04280327Budget2025v1,GDeluxeCANTour OperatorCD04280327,Tue Jun 03 2025 08:50:38 GMT+0100 (British Summer Time),Fri Dec 31 9999 00:00:00 GMT+0000 (Greenwich Mean Time),1
F,7,Desert Days,Outside,RUS,Direct,ROW,ROW,Mon Jan 03 2028 00:00:00 GMT+0000 (Greenwich Mean Time),CJ07280312,12/03/2028,0,0,EUR,1,167,167,0,0,0,0,2027,Budget2025,v1,FOutsideRUSDirectCJ07280312Budget2025v1,FOutsideRUSDirectCJ07280312,Tue Jun 03 2025 08:50:38 GMT+0100 (British Summer Time),Fri Dec 31 9999 00:00:00 GMT+0000 (Greenwich Mean Time),1
G,4,Iconic Aegean,Deluxe,LAT,DMC,LATAM,LATAM,Mon Jan 03 2028 00:00:00 GMT+0000 (Greenwich Mean Time),CD04280327,27/03/2028,2,10,USD,0,240,218,2401,2183,17,175,2027,Budget2025,v1,GDeluxeLATDMCCD04280327Budget2025v1,GDeluxeLATDMCCD04280327,Tue Jun 03 2025 08:50:38 GMT+0100 (British Summer Time),Fri Dec 31 9999 00:00:00 GMT+0000 (Greenwich Mean Time),1
F,7,Desert Days,Deluxe,AUS,DMC,AUNZ,AUS,Mon Jan 03 2028 00:00:00 GMT+0000 (Greenwich Mean Time),CJ07280312,12/03/2028,0,0,AUD,0,278,167,0,0,15,0,2027,Budget2025,v1,FDeluxeAUSDMCCJ07280312Budget2025v1,FDeluxeAUSDMCCJ07280312,Tue Jun 03 2025 08:50:38 GMT+0100 (British Summer Time),Fri Dec 31 9999 00:00:00 GMT+0000 (Greenwich Mean Time),1
F,4,Iconic Aegean,Inside,TUR,Travel Agency,HOME,Home Markets,Mon Jan 03 2028 00:00:00 GMT+0000 (Greenwich Mean Time),CD04280327,27/03/2028,0,0,EUR,1,113,113,0,0,25,0,2027,Budget2025,v1,FInsideTURTravel AgencyCD04280327Budget2025v1,FInsideTURTravel AgencyCD04280327,Tue Jun 03 2025 08:50:38 GMT+0100 (British Summer Time),Fri Dec 31 9999 00:00:00 GMT+0000 (Greenwich Mean Time),1
F,4,Iconic Aegean,Outside,IND,Tour Operator,AWAY,Away Markets,Mon Jan 03 2028 00:00:00 GMT+0000 (Greenwich Mean Time),CD04280327,27/03/2028,0,0,USD,0,0,0,0,0,0,0,2027,Budget2025,v1,FOutsideINDTour OperatorCD04280327Budget2025v1,FOutsideINDTour OperatorCD04280327,Tue Jun 03 2025 08:50:38 GMT+0100 (British Summer Time),Fri Dec 31 9999 00:00:00 GMT+0000 (Greenwich Mean Time),1
F,14,Positioning Journey,Inside,GRC,DMC,HOME,Home Markets,Mon Jan 03 2028 00:00:00 GMT+0000 (Greenwich Mean Time),CJ14280319,19/03/2028,0,0,EUR,1,97,97,0,0,11,0,2027,Budget2025,v1,FInsideGRCDMCCJ14280319Budget2025v1,FInsideGRCDMCCJ14280319,Tue Jun 03 2025 08:50:38 GMT+0100 (British Summer Time),Fri Dec 31 9999 00:00:00 GMT+0000 (Greenwich Mean Time),1
F,3,Iconic Aegean,Inside,FRA,DMC,FRANCE,FRANCE,Mon Jan 03 2028 00:00:00 GMT+0000 (Greenwich Mean Time),CD03280317,17/03/2028,0,0,EUR,1,0,0,0,0,0,0,2027,Budget2025,v1,FInsideFRADMCCD03280317Budget2025v1,FInsideFRADMCCD03280317,Tue Jun 03 2025 08:50:38 GMT+0100 (British Summer Time),Fri Dec 31 9999 00:00:00 GMT+0000 (Greenwich Mean Time),1
F,7,Desert Days,Deluxe,CAN,DMC,NORAM,USA,Mon Jan 03 2028 00:00:00 GMT+0000 (Greenwich Mean Time),CJ07280312,12/03/2028,0,3,USD,0,182,166,639,581,69,242,2027,Budget2025,v1,FDeluxeCANDMCCJ07280312Budget2025v1,FDeluxeCANDMCCJ07280312,Tue Jun 03 2025 08:50:38 GMT+0100 (British Summer Time),Fri Dec 31 9999 00:00:00 GMT+0000 (Greenwich Mean Time),1
F,3,Iconic Aegean,Outside,EAS,DMC,EU,ROW,Mon Jan 03 2028 00:00:00 GMT+0000 (Greenwich Mean Time),CD03280324,24/03/2028,0,0,EUR,1,0,0,0,0,31,0,2027,Budget2025,v1,FOutsideEASDMCCD03280324Budget2025v1,FOutsideEASDMCCD03280324,Tue Jun 03 2025 08:50:38 GMT+0100 (British Summer Time),Fri Dec 31 9999 00:00:00 GMT+0000 (Greenwich Mean Time),1
G,4,Iconic Aegean,Deluxe,APAC,DMC,APAC,ROW,Mon Jan 03 2028 00:00:00 GMT+0000 (Greenwich Mean Time),CD04280327,27/03/2028,0,0,USD,0,165,150,0,0,38,0,2027,Budget2025,v1,GDeluxeAPACDMCCD04280327Budget2025v1,GDeluxeAPACDMCCD04280327,Tue Jun 03 2025 08:50:38 GMT+0100 (British Summer Time),Fri Dec 31 9999 00:00:00 GMT+0000 (Greenwich Mean Time),1
F,3,Iconic Aegean,Inside,GRC,Travel Agency,HOME,Home Markets,Mon Jan 03 2028 00:00:00 GMT+0000 (Greenwich Mean Time),CD03280324,24/03/2028,25,75,EUR,1,119,119,8970,8970,8,627,2027,Budget2025,v1,FInsideGRCTravel AgencyCD03280324Budget2025v1,FInsideGRCTravel AgencyCD03280324,Tue Jun 03 2025 08:50:38 GMT+0100 (British Summer Time),Fri Dec 31 9999 00:00:00 GMT+0000 (Greenwich Mean Time),1
G,7,Desert Days,Outside,LAT,Direct,LATAM,LATAM,Mon Jan 03 2028 00:00:00 GMT+0000 (Greenwich Mean Time),CJ07280305,05/03/2028,0,0,USD,0,182,166,0,0,17,0,2027,Budget2025,v1,GOutsideLATDirectCJ07280305Budget2025v1,GOutsideLATDirectCJ07280305,Tue Jun 03 2025 08:50:38 GMT+0100 (British Summer Time),Fri Dec 31 9999 00:00:00 GMT+0000 (Greenwich Mean Time),1
G,4,Iconic Aegean,Inside,TUR,Tour Operator,HOME,Home Markets,Mon Jan 03 2028 00:00:00 GMT+0000 (Greenwich Mean Time),CD04280327,27/03/2028,0,0,EUR,1,111,111,0,0,15,0,2027,Budget2025,v1,GInsideTURTour OperatorCD04280327Budget2025v1,GInsideTURTour OperatorCD04280327,Tue Jun 03 2025 08:50:38 GMT+0100 (British Summer Time),Fri Dec 31 9999 00:00:00 GMT+0000 (Greenwich Mean Time),1
G,4,Iconic Aegean,Inside,LAT,Travel Agency,LATAM,LATAM,Mon Jan 03 2028 00:00:00 GMT+0000 (Greenwich Mean Time),CD04280320,20/03/2028,0,0,USD,0,166,151,0,0,38,0,2027,Budget2025,v1,GInsideLATTravel AgencyCD04280320Budget2025v1,GInsideLATTravel AgencyCD04280320,Tue Jun 03 2025 08:50:38 GMT+0100 (British Summer Time),Fri Dec 31 9999 00:00:00 GMT+0000 (Greenwich Mean Time),1
F,7,Desert Days,Deluxe,CHI,Direct,APAC,ROW,Mon Jan 03 2028 00:00:00 GMT+0000 (Greenwich Mean Time),CJ07280305,05/03/2028,0,0,USD,0,182,166,0,0,0,0,2027,Budget2025,v1,FDeluxeCHIDirectCJ07280305Budget2025v1,FDeluxeCHIDirectCJ07280305,Tue Jun 03 2025 08:50:38 GMT+0100 (British Summer Time),Fri Dec 31 9999 00:00:00 GMT+0000 (Greenwich Mean Time),1
G,7,Desert Days,Outside,SCN,DMC,EU,ROW,Mon Jan 03 2028 00:00:00 GMT+0000 (Greenwich Mean Time),CJ07280312,12/03/2028,0,0,EUR,1,167,167,0,0,0,0,2027,Budget2025,v1,GOutsideSCNDMCCJ07280312Budget2025v1,GOutsideSCNDMCCJ07280312,Tue Jun 03 2025 08:50:38 GMT+0100 (British Summer Time),Fri Dec 31 9999 00:00:00 GMT+0000 (Greenwich Mean Time),1
G,4,Iconic Aegean,Inside,TUR,Travel Agency,HOME,Home Markets,Mon Jan 03 2028 00:00:00 GMT+0000 (Greenwich Mean Time),CD04280327,27/03/2028,0,0,EUR,1,108,108,0,0,25,0,2027,Budget2025,v1,GInsideTURTravel AgencyCD04280327Budget2025v1,GInsideTURTravel AgencyCD04280327,Tue Jun 03 2025 08:50:38 GMT+0100 (British Summer Time),Fri Dec 31 9999 00:00:00 GMT+0000 (Greenwich Mean Time),1
G,7,Desert Days,Inside,NTH,Direct,EU,ROW,Mon Jan 03 2028 00:00:00 GMT+0000 (Greenwich Mean Time),CJ07280312,12/03/2028,0,0,EUR,1,167,167,0,0,0,0,2027,Budget2025,v1,GInsideNTHDirectCJ07280312Budget2025v1,GInsideNTHDirectCJ07280312,Tue Jun 03 2025 08:50:38 GMT+0100 (British Summer Time),Fri Dec 31 9999 00:00:00 GMT+0000 (Greenwich Mean Time),1
G,4,Iconic Aegean,Inside,BLX,Travel Agency,EU,ROW,Mon Jan 03 2028 00:00:00 GMT+0000 (Greenwich Mean Time),CD04280320,20/03/2028,0,0,EUR,1,120,120,0,0,0,0,2027,Budget2025,v1,GInsideBLXTravel AgencyCD04280320Budget2025v1,GInsideBLXTravel AgencyCD04280320,Tue Jun 03 2025 08:50:38 GMT+0100 (British Summer Time),Fri Dec 31 9999 00:00:00 GMT+0000 (Greenwich Mean Time),1
G,4,Iconic Aegean,Inside,EAS,Direct,EU,ROW,Mon Jan 03 2028 00:00:00 GMT+0000 (Greenwich Mean Time),CD04280327,27/03/2028,0,0,EUR,1,111,111,0,0,27,0,2027,Budget2025,v1,GInsideEASDirectCD04280327Budget2025v1,GInsideEASDirectCD04280327,Tue Jun 03 2025 08:50:38 GMT+0100 (British Summer Time),Fri Dec 31 9999 00:00:00 GMT+0000 (Greenwich Mean Time),1
G,4,Iconic Aegean,Outside,APAC,Direct,APAC,ROW,Mon Jan 03 2028 00:00:00 GMT+0000 (Greenwich Mean Time),CD04280327,27/03/2028,0,0,USD,0,0,0,0,0,0,0,2027,Budget2025,v1,GOutsideAPACDirectCD04280327Budget2025v1,GOutsideAPACDirectCD04280327,Tue Jun 03 2025 08:50:38 GMT+0100 (British Summer Time),Fri Dec 31 9999 00:00:00 GMT+0000 (Greenwich Mean Time),1
G,3,Iconic Aegean,Inside,DAC,Direct,GERMANY,ROW,Mon Jan 03 2028 00:00:00 GMT+0000 (Greenwich Mean Time),CD03280324,24/03/2028,0,0,EUR,1,0,0,0,0,0,0,2027,Budget2025,v1,GInsideDACDirectCD03280324Budget2025v1,GInsideDACDirectCD03280324,Tue Jun 03 2025 08:50:38 GMT+0100 (British Summer Time),Fri Dec 31 9999 00:00:00 GMT+0000 (Greenwich Mean Time),1
G,3,Iconic Aegean,Inside,FRA,Travel Agency,FRANCE,FRANCE,Mon Jan 03 2028 00:00:00 GMT+0000 (Greenwich Mean Time),CD03280324,24/03/2028,0,0,EUR,1,121,121,0,0,9,0,2027,Budget2025,v1,GInsideFRATravel AgencyCD03280324Budget2025v1,GInsideFRATravel AgencyCD03280324,Tue Jun 03 2025 08:50:38 GMT+0100 (British Summer Time),Fri Dec 31 9999 00:00:00 GMT+0000 (Greenwich Mean Time),1
G,14,Positioning Journey,Outside,BLX,Direct,EU,ROW,Mon Jan 03 2028 00:00:00 GMT+0000 (Greenwich Mean Time),CJ14280319,19/03/2028,0,0,EUR,1,97,97,0,0,15,0,2027,Budget2025,v1,GOutsideBLXDirectCJ14280319Budget2025v1,GOutsideBLXDirectCJ14280319,Tue Jun 03 2025 08:50:38 GMT+0100 (British Summer Time),Fri Dec 31 9999 00:00:00 GMT+0000 (Greenwich Mean Time),1
G,3,Iconic Aegean,Deluxe,DAC,DMC,GERMANY,ROW,Mon Jan 03 2028 00:00:00 GMT+0000 (Greenwich Mean Time),CD03280324,24/03/2028,0,0,EUR,1,0,0,0,0,48,0,2027,Budget2025,v1,GDeluxeDACDMCCD03280324Budget2025v1,GDeluxeDACDMCCD03280324,Tue Jun 03 2025 08:50:38 GMT+0100 (British Summer Time),Fri Dec 31 9999 00:00:00 GMT+0000 (Greenwich Mean Time),1
G,4,Iconic Aegean,Inside,FRA,Direct,FRANCE,FRANCE,Mon Jan 03 2028 00:00:00 GMT+0000 (Greenwich Mean Time),CD04280320,20/03/2028,0,0,EUR,1,0,0,0,0,25,0,2027,Budget2025,v1,GInsideFRADirectCD04280320Budget2025v1,GInsideFRADirectCD04280320,Tue Jun 03 2025 08:50:38 GMT+0100 (British Summer Time),Fri Dec 31 9999 00:00:00 GMT+0000 (Greenwich Mean Time),1
G,3,Iconic Aegean,Inside,SCN,Tour Operator,EU,ROW,Mon Jan 03 2028 00:00:00 GMT+0000 (Greenwich Mean Time),CD03280317,17/03/2028,0,0,EUR,1,120,120,0,0,0,0,2027,Budget2025,v1,GInsideSCNTour OperatorCD03280317Budget2025v1,GInsideSCNTour OperatorCD03280317,Tue Jun 03 2025 08:50:38 GMT+0100 (British Summer Time),Fri Dec 31 9999 00:00:00 GMT+0000 (Greenwich Mean Time),1
G,4,Iconic Aegean,Inside,TUR,Tour Operator,HOME,Home Markets,Mon Jan 03 2028 00:00:00 GMT+0000 (Greenwich Mean Time),CD04280320,20/03/2028,0,0,EUR,1,111,111,0,0,15,0,2027,Budget2025,v1,GInsideTURTour OperatorCD04280320Budget2025v1,GInsideTURTour OperatorCD04280320,Tue Jun 03 2025 08:50:38 GMT+0100 (British Summer Time),Fri Dec 31 9999 00:00:00 GMT+0000 (Greenwich Mean Time),1
F,14,Positioning Journey,Outside,GRC,Direct,HOME,Home Markets,Mon Jan 03 2028 00:00:00 GMT+0000 (Greenwich Mean Time),CJ14280319,19/03/2028,1,14,EUR,1,97,97,1358,1358,3,42,2027,Budget2025,v1,FOutsideGRCDirectCJ14280319Budget2025v1,FOutsideGRCDirectCJ14280319,Tue Jun 03 2025 08:50:38 GMT+0100 (British Summer Time),Fri Dec 31 9999 00:00:00 GMT+0000 (Greenwich Mean Time),1
G,7,Desert Days,Outside,BLK,DMC,HOME,Home Markets,Mon Jan 03 2028 00:00:00 GMT+0000 (Greenwich Mean Time),CJ07280305,05/03/2028,0,0,EUR,1,167,167,0,0,0,0,2027,Budget2025,v1,GOutsideBLKDMCCJ07280305Budget2025v1,GOutsideBLKDMCCJ07280305,Tue Jun 03 2025 08:50:38 GMT+0100 (British Summer Time),Fri Dec 31 9999 00:00:00 GMT+0000 (Greenwich Mean Time),1
G,7,Desert Days,Outside,NZE,Tour Operator,AUNZ,AUS,Mon Jan 03 2028 00:00:00 GMT+0000 (Greenwich Mean Time),CJ07280305,05/03/2028,0,0,AUD,0,278,167,0,0,28,0,2027,Budget2025,v1,GOutsideNZETour OperatorCJ07280305Budget2025v1,GOutsideNZETour OperatorCJ07280305,Tue Jun 03 2025 08:50:38 GMT+0100 (British Summer Time),Fri Dec 31 9999 00:00:00 GMT+0000 (Greenwich Mean Time),1
F,3,Iconic Aegean,Deluxe,BRI,Direct,UKIE,UKIE,Mon Jan 03 2028 00:00:00 GMT+0000 (Greenwich Mean Time),CD03280317,17/03/2028,1,4,GBP,1,290,342,1309,1540,33,151,2027,Budget2025,v1,FDeluxeBRIDirectCD03280317Budget2025v1,FDeluxeBRIDirectCD03280317,Tue Jun 03 2025 08:50:38 GMT+0100 (British Summer Time),Fri Dec 31 9999 00:00:00 GMT+0000 (Greenwich Mean Time),1
F,4,Iconic Aegean,Deluxe,MID,DMC,AWAY,Away Markets,Mon Jan 03 2028 00:00:00 GMT+0000 (Greenwich Mean Time),CD04280320,20/03/2028,0,0,USD,0,0,0,0,0,0,0,2027,Budget2025,v1,FDeluxeMIDDMCCD04280320Budget2025v1,FDeluxeMIDDMCCD04280320,Tue Jun 03 2025 08:50:38 GMT+0100 (British Summer Time),Fri Dec 31 9999 00:00:00 GMT+0000 (Greenwich Mean Time),1
F,7,Desert Days,Deluxe,DAC,DMC,GERMANY,ROW,Mon Jan 03 2028 00:00:00 GMT+0000 (Greenwich Mean Time),CJ07280305,05/03/2028,0,3,EUR,1,167,167,587,587,13,46,2027,Budget2025,v1,FDeluxeDACDMCCJ07280305Budget2025v1,FDeluxeDACDMCCJ07280305,Tue Jun 03 2025 08:50:38 GMT+0100 (British Summer Time),Fri Dec 31 9999 00:00:00 GMT+0000 (Greenwich Mean Time),1
F,7,Desert Days,Inside,AUS,Travel Agency,AUNZ,AUS,Mon Jan 03 2028 00:00:00 GMT+0000 (Greenwich Mean Time),CJ07280305,05/03/2028,1,10,AUD,0,278,167,2923,1761,28,299,2027,Budget2025,v1,FInsideAUSTravel AgencyCJ07280305Budget2025v1,FInsideAUSTravel AgencyCJ07280305,Tue Jun 03 2025 08:50:38 GMT+0100 (British Summer Time),Fri Dec 31 9999 00:00:00 GMT+0000 (Greenwich Mean Time),1
G,3,Iconic Aegean,Inside,FRA,Direct,FRANCE,FRANCE,Mon Jan 03 2028 00:00:00 GMT+0000 (Greenwich Mean Time),CD03280324,24/03/2028,0,0,EUR,1,0,0,0,0,18,0,2027,Budget2025,v1,GInsideFRADirectCD03280324Budget2025v1,GInsideFRADirectCD03280324,Tue Jun 03 2025 08:50:38 GMT+0100 (British Summer Time),Fri Dec 31 9999 00:00:00 GMT+0000 (Greenwich Mean Time),1
G,3,Iconic Aegean,Inside,MID,DMC,AWAY,Away Markets,Mon Jan 03 2028 00:00:00 GMT+0000 (Greenwich Mean Time),CD03280317,17/03/2028,0,0,USD,0,0,0,0,0,0,0,2027,Budget2025,v1,GInsideMIDDMCCD03280317Budget2025v1,GInsideMIDDMCCD03280317,Tue Jun 03 2025 08:50:38 GMT+0100 (British Summer Time),Fri Dec 31 9999 00:00:00 GMT+0000 (Greenwich Mean Time),1
G,7,Desert Days,Deluxe,CYP,Direct,HOME,Home Markets,Mon Jan 03 2028 00:00:00 GMT+0000 (Greenwich Mean Time),CJ07280305,05/03/2028,0,0,EUR,1,167,167,0,0,12,0,2027,Budget2025,v1,GDeluxeCYPDirectCJ07280305Budget2025v1,GDeluxeCYPDirectCJ07280305,Tue Jun 03 2025 08:50:38 GMT+0100 (British Summer Time),Fri Dec 31 9999 00:00:00 GMT+0000 (Greenwich Mean Time),1
G,3,Iconic Aegean,Deluxe,IND,Travel Agency,AWAY,Away Markets,Mon Jan 03 2028 00:00:00 GMT+0000 (Greenwich Mean Time),CD03280317,17/03/2028,0,0,USD,0,0,0,0,0,0,0,2027,Budget2025,v1,GDeluxeINDTravel AgencyCD03280317Budget2025v1,GDeluxeINDTravel AgencyCD03280317,Tue Jun 03 2025 08:50:38 GMT+0100 (British Summer Time),Fri Dec 31 9999 00:00:00 GMT+0000 (Greenwich Mean Time),1
F,3,Iconic Aegean,Outside,FRA,Travel Agency,FRANCE,FRANCE,Mon Jan 03 2028 00:00:00 GMT+0000 (Greenwich Mean Time),CD03280324,24/03/2028,3,9,EUR,1,160,160,1440,1440,9,89,2027,Budget2025,v1,FOutsideFRATravel AgencyCD03280324Budget2025v1,FOutsideFRATravel AgencyCD03280324,Tue Jun 03 2025 08:50:38 GMT+0100 (British Summer Time),Fri Dec 31 9999 00:00:00 GMT+0000 (Greenwich Mean Time),1
G,14,Positioning Journey,Deluxe,IND,Direct,AWAY,Away Markets,Mon Jan 03 2028 00:00:00 GMT+0000 (Greenwich Mean Time),CJ14280319,19/03/2028,0,0,USD,0,105,96,0,0,0,0,2027,Budget2025,v1,GDeluxeINDDirectCJ14280319Budget2025v1,GDeluxeINDDirectCJ14280319,Tue Jun 03 2025 08:50:38 GMT+0100 (British Summer Time),Fri Dec 31 9999 00:00:00 GMT+0000 (Greenwich Mean Time),1
F,14,Positioning Journey,Inside,RUS,DMC,ROW,ROW,Mon Jan 03 2028 00:00:00 GMT+0000 (Greenwich Mean Time),CJ14280319,19/03/2028,0,0,EUR,1,97,97,0,0,0,0,2027,Budget2025,v1,FInsideRUSDMCCJ14280319Budget2025v1,FInsideRUSDMCCJ14280319,Tue Jun 03 2025 08:50:38 GMT+0100 (British Summer Time),Fri Dec 31 9999 00:00:00 GMT+0000 (Greenwich Mean Time),1
F,7,Desert Days,Outside,DAC,Tour Operator,GERMANY,ROW,Mon Jan 03 2028 00:00:00 GMT+0000 (Greenwich Mean Time),CJ07280312,12/03/2028,0,0,EUR,1,167,167,0,0,0,0,2027,Budget2025,v1,FOutsideDACTour OperatorCJ07280312Budget2025v1,FOutsideDACTour OperatorCJ07280312,Tue Jun 03 2025 08:50:38 GMT+0100 (British Summer Time),Fri Dec 31 9999 00:00:00 GMT+0000 (Greenwich Mean Time),1
G,4,Iconic Aegean,Outside,IND,Tour Operator,AWAY,Away Markets,Mon Jan 03 2028 00:00:00 GMT+0000 (Greenwich Mean Time),CD04280327,27/03/2028,0,0,USD,0,0,0,0,0,0,0,2027,Budget2025,v1,GOutsideINDTour OperatorCD04280327Budget2025v1,GOutsideINDTour OperatorCD04280327,Tue Jun 03 2025 08:50:38 GMT+0100 (British Summer Time),Fri Dec 31 9999 00:00:00 GMT+0000 (Greenwich Mean Time),1
G,4,Iconic Aegean,Outside,USA,Direct,NORAM,USA,Mon Jan 03 2028 00:00:00 GMT+0000 (Greenwich Mean Time),CD04280327,27/03/2028,14,58,USD,0,172,156,10006,9096,45,2641,2027,Budget2025,v1,GOutsideUSADirectCD04280327Budget2025v1,GOutsideUSADirectCD04280327,Tue Jun 03 2025 08:50:38 GMT+0100 (British Summer Time),Fri Dec 31 9999 00:00:00 GMT+0000 (Greenwich Mean Time),1
F,4,Iconic Aegean,Deluxe,AFR,Direct,ROW,ROW,Mon Jan 03 2028 00:00:00 GMT+0000 (Greenwich Mean Time),CD04280327,27/03/2028,0,0,USD,0,0,0,0,0,0,0,2027,Budget2025,v1,FDeluxeAFRDirectCD04280327Budget2025v1,FDeluxeAFRDirectCD04280327,Tue Jun 03 2025 08:50:38 GMT+0100 (British Summer Time),Fri Dec 31 9999 00:00:00 GMT+0000 (Greenwich Mean Time),1
F,3,Iconic Aegean,Deluxe,SCN,Tour Operator,EU,ROW,Mon Jan 03 2028 00:00:00 GMT+0000 (Greenwich Mean Time),CD03280317,17/03/2028,0,0,EUR,1,0,0,0,0,0,0,2027,Budget2025,v1,FDeluxeSCNTour OperatorCD03280317Budget2025v1,FDeluxeSCNTour OperatorCD03280317,Tue Jun 03 2025 08:50:38 GMT+0100 (British Summer Time),Fri Dec 31 9999 00:00:00 GMT+0000 (Greenwich Mean Time),1
G,7,Desert Days,Inside,RUS,Tour Operator,ROW,ROW,Mon Jan 03 2028 00:00:00 GMT+0000 (Greenwich Mean Time),CJ07280312,12/03/2028,0,3,EUR,1,167,167,587,587,4,15,2027,Budget2025,v1,GInsideRUSTour OperatorCJ07280312Budget2025v1,GInsideRUSTour OperatorCJ07280312,Tue Jun 03 2025 08:50:38 GMT+0100 (British Summer Time),Fri Dec 31 9999 00:00:00 GMT+0000 (Greenwich Mean Time),1
G,4,Iconic Aegean,Outside,AFR,Travel Agency,ROW,ROW,Mon Jan 03 2028 00:00:00 GMT+0000 (Greenwich Mean Time),CD04280320,20/03/2028,0,0,USD,0,140,127,0,0,28,0,2027,Budget2025,v1,GOutsideAFRTravel AgencyCD04280320Budget2025v1,GOutsideAFRTravel AgencyCD04280320,Tue Jun 03 2025 08:50:38 GMT+0100 (British Summer Time),Fri Dec 31 9999 00:00:00 GMT+0000 (Greenwich Mean Time),1
G,3,Iconic Aegean,Inside,SIP,Tour Operator,SIP,SIP,Mon Jan 03 2028 00:00:00 GMT+0000 (Greenwich Mean Time),CD03280317,17/03/2028,0,0,EUR,1,0,0,0,0,30,0,2027,Budget2025,v1,GInsideSIPTour OperatorCD03280317Budget2025v1,GInsideSIPTour OperatorCD03280317,Tue Jun 03 2025 08:50:38 GMT+0100 (British Summer Time),Fri Dec 31 9999 00:00:00 GMT+0000 (Greenwich Mean Time),1
G,3,Iconic Aegean,Inside,NZE,Direct,AUNZ,AUS,Mon Jan 03 2028 00:00:00 GMT+0000 (Greenwich Mean Time),CD03280317,17/03/2028,0,0,AUD,0,237,142,0,0,0,0,2027,Budget2025,v1,GInsideNZEDirectCD03280317Budget2025v1,GInsideNZEDirectCD03280317,Tue Jun 03 2025 08:50:38 GMT+0100 (British Summer Time),Fri Dec 31 9999 00:00:00 GMT+0000 (Greenwich Mean Time),1
F,4,Iconic Aegean,Deluxe,SIP,DMC,SIP,SIP,Mon Jan 03 2028 00:00:00 GMT+0000 (Greenwich Mean Time),CD04280327,27/03/2028,0,0,EUR,1,211,211,0,0,18,0,2027,Budget2025,v1,FDeluxeSIPDMCCD04280327Budget2025v1,FDeluxeSIPDMCCD04280327,Tue Jun 03 2025 08:50:38 GMT+0100 (British Summer Time),Fri Dec 31 9999 00:00:00 GMT+0000 (Greenwich Mean Time),1
F,3,Iconic Aegean,Deluxe,USA,Tour Operator,NORAM,USA,Mon Jan 03 2028 00:00:00 GMT+0000 (Greenwich Mean Time),CD03280317,17/03/2028,0,1,USD,0,310,281,465,422,21,32,2027,Budget2025,v1,FDeluxeUSATour OperatorCD03280317Budget2025v1,FDeluxeUSATour OperatorCD03280317,Tue Jun 03 2025 08:50:38 GMT+0100 (British Summer Time),Fri Dec 31 9999 00:00:00 GMT+0000 (Greenwich Mean Time),1
F,3,Iconic Aegean,Deluxe,SIP,Travel Agency,SIP,SIP,Mon Jan 03 2028 00:00:00 GMT+0000 (Greenwich Mean Time),CD03280317,17/03/2028,1,3,EUR,1,246,246,739,739,33,99,2027,Budget2025,v1,FDeluxeSIPTravel AgencyCD03280317Budget2025v1,FDeluxeSIPTravel AgencyCD03280317,Tue Jun 03 2025 08:50:38 GMT+0100 (British Summer Time),Fri Dec 31 9999 00:00:00 GMT+0000 (Greenwich Mean Time),1
G,3,Iconic Aegean,Outside,EAS,Direct,EU,ROW,Mon Jan 03 2028 00:00:00 GMT+0000 (Greenwich Mean Time),CD03280317,17/03/2028,0,0,EUR,1,156,156,0,0,24,0,2027,Budget2025,v1,GOutsideEASDirectCD03280317Budget2025v1,GOutsideEASDirectCD03280317,Tue Jun 03 2025 08:50:38 GMT+0100 (British Summer Time),Fri Dec 31 9999 00:00:00 GMT+0000 (Greenwich Mean Time),1
F,4,Iconic Aegean,Outside,EAS,DMC,EU,ROW,Mon Jan 03 2028 00:00:00 GMT+0000 (Greenwich Mean Time),CD04280320,20/03/2028,0,0,EUR,1,0,0,0,0,0,0,2027,Budget2025,v1,FOutsideEASDMCCD04280320Budget2025v1,FOutsideEASDMCCD04280320,Tue Jun 03 2025 08:50:38 GMT+0100 (British Summer Time),Fri Dec 31 9999 00:00:00 GMT+0000 (Greenwich Mean Time),1
F,14,Positioning Journey,Deluxe,IND,Travel Agency,AWAY,Away Markets,Mon Jan 03 2028 00:00:00 GMT+0000 (Greenwich Mean Time),CJ14280319,19/03/2028,0,0,USD,0,105,96,0,0,0,0,2027,Budget2025,v1,FDeluxeINDTravel AgencyCJ14280319Budget2025v1,FDeluxeINDTravel AgencyCJ14280319,Tue Jun 03 2025 08:50:38 GMT+0100 (British Summer Time),Fri Dec 31 9999 00:00:00 GMT+0000 (Greenwich Mean Time),1
G,3,Iconic Aegean,Inside,APAC,Tour Operator,APAC,ROW,Mon Jan 03 2028 00:00:00 GMT+0000 (Greenwich Mean Time),CD03280324,24/03/2028,13,40,USD,0,165,150,6690,6082,23,947,2027,Budget2025,v1,GInsideAPACTour OperatorCD03280324Budget2025v1,GInsideAPACTour OperatorCD03280324,Tue Jun 03 2025 08:50:38 GMT+0100 (British Summer Time),Fri Dec 31 9999 00:00:00 GMT+0000 (Greenwich Mean Time),1
F,3,Iconic Aegean,Deluxe,EAS,Tour Operator,EU,ROW,Mon Jan 03 2028 00:00:00 GMT+0000 (Greenwich Mean Time),CD03280324,24/03/2028,0,0,EUR,1,0,0,0,0,2,0,2027,Budget2025,v1,FDeluxeEASTour OperatorCD03280324Budget2025v1,FDeluxeEASTour OperatorCD03280324,Tue Jun 03 2025 08:50:38 GMT+0100 (British Summer Time),Fri Dec 31 9999 00:00:00 GMT+0000 (Greenwich Mean Time),1
G,7,Desert Days,Inside,FRA,DMC,FRANCE,FRANCE,Mon Jan 03 2028 00:00:00 GMT+0000 (Greenwich Mean Time),CJ07280312,12/03/2028,0,0,EUR,1,167,167,0,0,0,0,2027,Budget2025,v1,GInsideFRADMCCJ07280312Budget2025v1,GInsideFRADMCCJ07280312,Tue Jun 03 2025 08:50:38 GMT+0100 (British Summer Time),Fri Dec 31 9999 00:00:00 GMT+0000 (Greenwich Mean Time),1
G,3,Iconic Aegean,Inside,CAN,Direct,NORAM,USA,Mon Jan 03 2028 00:00:00 GMT+0000 (Greenwich Mean Time),CD03280324,24/03/2028,0,0,USD,0,112,102,0,0,9,0,2027,Budget2025,v1,GInsideCANDirectCD03280324Budget2025v1,GInsideCANDirectCD03280324,Tue Jun 03 2025 08:50:38 GMT+0100 (British Summer Time),Fri Dec 31 9999 00:00:00 GMT+0000 (Greenwich Mean Time),1
F,3,Iconic Aegean,Outside,DAC,Travel Agency,GERMANY,ROW,Mon Jan 03 2028 00:00:00 GMT+0000 (Greenwich Mean Time),CD03280317,17/03/2028,11,34,EUR,1,163,163,5624,5624,19,685,2027,Budget2025,v1,FOutsideDACTravel AgencyCD03280317Budget2025v1,FOutsideDACTravel AgencyCD03280317,Tue Jun 03 2025 08:50:38 GMT+0100 (British Summer Time),Fri Dec 31 9999 00:00:00 GMT+0000 (Greenwich Mean Time),1
F,3,Iconic Aegean,Outside,BLX,DMC,EU,ROW,Mon Jan 03 2028 00:00:00 GMT+0000 (Greenwich Mean Time),CD03280324,24/03/2028,0,0,EUR,1,0,0,0,0,0,0,2027,Budget2025,v1,FOutsideBLXDMCCD03280324Budget2025v1,FOutsideBLXDMCCD03280324,Tue Jun 03 2025 08:50:38 GMT+0100 (British Summer Time),Fri Dec 31 9999 00:00:00 GMT+0000 (Greenwich Mean Time),1
G,7,Desert Days,Outside,USA,Direct,NORAM,USA,Mon Jan 03 2028 00:00:00 GMT+0000 (Greenwich Mean Time),CJ07280305,05/03/2028,0,0,USD,0,182,166,0,0,42,0,2027,Budget2025,v1,GOutsideUSADirectCJ07280305Budget2025v1,GOutsideUSADirectCJ07280305,Tue Jun 03 2025 08:50:38 GMT+0100 (British Summer Time),Fri Dec 31 9999 00:00:00 GMT+0000 (Greenwich Mean Time),1
F,3,Iconic Aegean,Outside,TUR,Travel Agency,HOME,Home Markets,Mon Jan 03 2028 00:00:00 GMT+0000 (Greenwich Mean Time),CD03280317,17/03/2028,0,0,EUR,1,151,151,0,0,0,0,2027,Budget2025,v1,FOutsideTURTravel AgencyCD03280317Budget2025v1,FOutsideTURTravel AgencyCD03280317,Tue Jun 03 2025 08:50:38 GMT+0100 (British Summer Time),Fri Dec 31 9999 00:00:00 GMT+0000 (Greenwich Mean Time),1
F,3,Iconic Aegean,Inside,RUS,DMC,ROW,ROW,Mon Jan 03 2028 00:00:00 GMT+0000 (Greenwich Mean Time),CD03280324,24/03/2028,0,0,EUR,1,0,0,0,0,0,0,2027,Budget2025,v1,FInsideRUSDMCCD03280324Budget2025v1,FInsideRUSDMCCD03280324,Tue Jun 03 2025 08:50:38 GMT+0100 (British Summer Time),Fri Dec 31 9999 00:00:00 GMT+0000 (Greenwich Mean Time),1
F,7,Desert Days,Outside,SIP,Travel Agency,SIP,SIP,Mon Jan 03 2028 00:00:00 GMT+0000 (Greenwich Mean Time),CJ07280312,12/03/2028,24,168,EUR,1,167,167,28180,28180,27,4609,2027,Budget2025,v1,FOutsideSIPTravel AgencyCJ07280312Budget2025v1,FOutsideSIPTravel AgencyCJ07280312,Tue Jun 03 2025 08:50:38 GMT+0100 (British Summer Time),Fri Dec 31 9999 00:00:00 GMT+0000 (Greenwich Mean Time),1
G,3,Iconic Aegean,Outside,JPN,Travel Agency,APAC,ROW,Mon Jan 03 2028 00:00:00 GMT+0000 (Greenwich Mean Time),CD03280324,24/03/2028,0,0,USD,0,167,151,0,0,56,0,2027,Budget2025,v1,GOutsideJPNTravel AgencyCD03280324Budget2025v1,GOutsideJPNTravel AgencyCD03280324,Tue Jun 03 2025 08:50:38 GMT+0100 (British Summer Time),Fri Dec 31 9999 00:00:00 GMT+0000 (Greenwich Mean Time),1
F,14,Positioning Journey,Inside,IND,Direct,AWAY,Away Markets,Mon Jan 03 2028 00:00:00 GMT+0000 (Greenwich Mean Time),CJ14280319,19/03/2028,0,0,USD,0,105,96,0,0,0,0,2027,Budget2025,v1,FInsideINDDirectCJ14280319Budget2025v1,FInsideINDDirectCJ14280319,Tue Jun 03 2025 08:50:38 GMT+0100 (British Summer Time),Fri Dec 31 9999 00:00:00 GMT+0000 (Greenwich Mean Time),1
F,4,Iconic Aegean,Inside,IND,Tour Operator,AWAY,Away Markets,Mon Jan 03 2028 00:00:00 GMT+0000 (Greenwich Mean Time),CD04280327,27/03/2028,0,0,USD,0,137,125,0,0,0,0,2027,Budget2025,v1,FInsideINDTour OperatorCD04280327Budget2025v1,FInsideINDTour OperatorCD04280327,Tue Jun 03 2025 08:50:38 GMT+0100 (British Summer Time),Fri Dec 31 9999 00:00:00 GMT+0000 (Greenwich Mean Time),1
G,3,Iconic Aegean,Deluxe,APAC,Travel Agency,APAC,ROW,Mon Jan 03 2028 00:00:00 GMT+0000 (Greenwich Mean Time),CD03280317,17/03/2028,0,0,USD,0,269,244,0,0,48,0,2027,Budget2025,v1,GDeluxeAPACTravel AgencyCD03280317Budget2025v1,GDeluxeAPACTravel AgencyCD03280317,Tue Jun 03 2025 08:50:38 GMT+0100 (British Summer Time),Fri Dec 31 9999 00:00:00 GMT+0000 (Greenwich Mean Time),1
G,3,Iconic Aegean,Inside,NTH,Travel Agency,EU,ROW,Mon Jan 03 2028 00:00:00 GMT+0000 (Greenwich Mean Time),CD03280324,24/03/2028,0,0,EUR,1,120,120,0,0,91,0,2027,Budget2025,v1,GInsideNTHTravel AgencyCD03280324Budget2025v1,GInsideNTHTravel AgencyCD03280324,Tue Jun 03 2025 08:50:38 GMT+0100 (British Summer Time),Fri Dec 31 9999 00:00:00 GMT+0000 (Greenwich Mean Time),1
G,7,Desert Days,Inside,RUS,Travel Agency,ROW,ROW,Mon Jan 03 2028 00:00:00 GMT+0000 (Greenwich Mean Time),CJ07280305,05/03/2028,0,0,EUR,1,167,167,0,0,3,0,2027,Budget2025,v1,GInsideRUSTravel AgencyCJ07280305Budget2025v1,GInsideRUSTravel AgencyCJ07280305,Tue Jun 03 2025 08:50:38 GMT+0100 (British Summer Time),Fri Dec 31 9999 00:00:00 GMT+0000 (Greenwich Mean Time),1
G,3,Iconic Aegean,Inside,AFR,Travel Agency,ROW,ROW,Mon Jan 03 2028 00:00:00 GMT+0000 (Greenwich Mean Time),CD03280317,17/03/2028,0,0,USD,0,114,103,0,0,13,0,2027,Budget2025,v1,GInsideAFRTravel AgencyCD03280317Budget2025v1,GInsideAFRTravel AgencyCD03280317,Tue Jun 03 2025 08:50:38 GMT+0100 (British Summer Time),Fri Dec 31 9999 00:00:00 GMT+0000 (Greenwich Mean Time),1
F,4,Iconic Aegean,Outside,GRC,Travel Agency,HOME,Home Markets,Mon Jan 03 2028 00:00:00 GMT+0000 (Greenwich Mean Time),CD04280320,20/03/2028,0,0,EUR,1,151,151,0,0,9,0,2027,Budget2025,v1,FOutsideGRCTravel AgencyCD04280320Budget2025v1,FOutsideGRCTravel AgencyCD04280320,Tue Jun 03 2025 08:50:38 GMT+0100 (British Summer Time),Fri Dec 31 9999 00:00:00 GMT+0000 (Greenwich Mean Time),1
G,4,Iconic Aegean,Outside,LAT,Travel Agency,LATAM,LATAM,Mon Jan 03 2028 00:00:00 GMT+0000 (Greenwich Mean Time),CD04280327,27/03/2028,0,0,USD,0,180,164,0,0,38,0,2027,Budget2025,v1,GOutsideLATTravel AgencyCD04280327Budget2025v1,GOutsideLATTravel AgencyCD04280327,Tue Jun 03 2025 08:50:38 GMT+0100 (British Summer Time),Fri Dec 31 9999 00:00:00 GMT+0000 (Greenwich Mean Time),1
F,3,Iconic Aegean,Inside,GRC,Tour Operator,HOME,Home Markets,Mon Jan 03 2028 00:00:00 GMT+0000 (Greenwich Mean Time),CD03280317,17/03/2028,0,0,EUR,1,120,120,0,0,0,0,2027,Budget2025,v1,FInsideGRCTour OperatorCD03280317Budget2025v1,FInsideGRCTour OperatorCD03280317,Tue Jun 03 2025 08:50:38 GMT+0100 (British Summer Time),Fri Dec 31 9999 00:00:00 GMT+0000 (Greenwich Mean Time),1
F,7,Desert Days,Inside,BLK,Direct,HOME,Home Markets,Mon Jan 03 2028 00:00:00 GMT+0000 (Greenwich Mean Time),CJ07280312,12/03/2028,0,0,EUR,1,167,167,0,0,13,0,2027,Budget2025,v1,FInsideBLKDirectCJ07280312Budget2025v1,FInsideBLKDirectCJ07280312,Tue Jun 03 2025 08:50:38 GMT+0100 (British Summer Time),Fri Dec 31 9999 00:00:00 GMT+0000 (Greenwich Mean Time),1
F,3,Iconic Aegean,Deluxe,SIP,Tour Operator,SIP,SIP,Mon Jan 03 2028 00:00:00 GMT+0000 (Greenwich Mean Time),CD03280317,17/03/2028,0,0,EUR,1,0,0,0,0,30,0,2027,Budget2025,v1,FDeluxeSIPTour OperatorCD03280317Budget2025v1,FDeluxeSIPTour OperatorCD03280317,Tue Jun 03 2025 08:50:38 GMT+0100 (British Summer Time),Fri Dec 31 9999 00:00:00 GMT+0000 (Greenwich Mean Time),1
G,4,Iconic Aegean,Deluxe,SIP,Tour Operator,SIP,SIP,Mon Jan 03 2028 00:00:00 GMT+0000 (Greenwich Mean Time),CD04280327,27/03/2028,0,0,EUR,1,0,0,0,0,28,0,2027,Budget2025,v1,GDeluxeSIPTour OperatorCD04280327Budget2025v1,GDeluxeSIPTour OperatorCD04280327,Tue Jun 03 2025 08:50:38 GMT+0100 (British Summer Time),Fri Dec 31 9999 00:00:00 GMT+0000 (Greenwich Mean Time),1
F,3,Iconic Aegean,Outside,MID,DMC,AWAY,Away Markets,Mon Jan 03 2028 00:00:00 GMT+0000 (Greenwich Mean Time),CD03280317,17/03/2028,0,0,USD,0,0,0,0,0,0,0,2027,Budget2025,v1,FOutsideMIDDMCCD03280317Budget2025v1,FOutsideMIDDMCCD03280317,Tue Jun 03 2025 08:50:38 GMT+0100 (British Summer Time),Fri Dec 31 9999 00:00:00 GMT+0000 (Greenwich Mean Time),1
G,4,Iconic Aegean,Inside,APAC,Travel Agency,APAC,ROW,Mon Jan 03 2028 00:00:00 GMT+0000 (Greenwich Mean Time),CD04280327,27/03/2028,0,0,USD,0,0,0,0,0,23,0,2027,Budget2025,v1,GInsideAPACTravel AgencyCD04280327Budget2025v1,GInsideAPACTravel AgencyCD04280327,Tue Jun 03 2025 08:50:38 GMT+0100 (British Summer Time),Fri Dec 31 9999 00:00:00 GMT+0000 (Greenwich Mean Time),1
F,7,Desert Days,Outside,DAC,Direct,GERMANY,ROW,Mon Jan 03 2028 00:00:00 GMT+0000 (Greenwich Mean Time),CJ07280312,12/03/2028,0,3,EUR,1,167,167,587,587,50,176,2027,Budget2025,v1,FOutsideDACDirectCJ07280312Budget2025v1,FOutsideDACDirectCJ07280312,Tue Jun 03 2025 08:50:38 GMT+0100 (British Summer Time),Fri Dec 31 9999 00:00:00 GMT+0000 (Greenwich Mean Time),1
F,3,Iconic Aegean,Outside,NZE,Tour Operator,AUNZ,AUS,Mon Jan 03 2028 00:00:00 GMT+0000 (Greenwich Mean Time),CD03280317,17/03/2028,0,0,AUD,0,221,133,0,0,15,0,2027,Budget2025,v1,FOutsideNZETour OperatorCD03280317Budget2025v1,FOutsideNZETour OperatorCD03280317,Tue Jun 03 2025 08:50:38 GMT+0100 (British Summer Time),Fri Dec 31 9999 00:00:00 GMT+0000 (Greenwich Mean Time),1
G,7,Desert Days,Deluxe,USA,DMC,NORAM,USA,Mon Jan 03 2028 00:00:00 GMT+0000 (Greenwich Mean Time),CJ07280312,12/03/2028,0,0,USD,0,182,166,0,0,25,0,2027,Budget2025,v1,GDeluxeUSADMCCJ07280312Budget2025v1,GDeluxeUSADMCCJ07280312,Tue Jun 03 2025 08:50:38 GMT+0100 (British Summer Time),Fri Dec 31 9999 00:00:00 GMT+0000 (Greenwich Mean Time),1
G,7,Desert Days,Outside,IND,Direct,AWAY,Away Markets,Mon Jan 03 2028 00:00:00 GMT+0000 (Greenwich Mean Time),CJ07280312,12/03/2028,0,0,USD,0,182,166,0,0,0,0,2027,Budget2025,v1,GOutsideINDDirectCJ07280312Budget2025v1,GOutsideINDDirectCJ07280312,Tue Jun 03 2025 08:50:38 GMT+0100 (British Summer Time),Fri Dec 31 9999 00:00:00 GMT+0000 (Greenwich Mean Time),1
F,4,Iconic Aegean,Outside,DAC,Tour Operator,GERMANY,ROW,Mon Jan 03 2028 00:00:00 GMT+0000 (Greenwich Mean Time),CD04280320,20/03/2028,0,0,EUR,1,0,0,0,0,0,0,2027,Budget2025,v1,FOutsideDACTour OperatorCD04280320Budget2025v1,FOutsideDACTour OperatorCD04280320,Tue Jun 03 2025 08:50:38 GMT+0100 (British Summer Time),Fri Dec 31 9999 00:00:00 GMT+0000 (Greenwich Mean Time),1
F,4,Iconic Aegean,Inside,BRI,Direct,UKIE,UKIE,Mon Jan 03 2028 00:00:00 GMT+0000 (Greenwich Mean Time),CD04280320,20/03/2028,2,10,GBP,1,120,142,1209,1422,38,386,2027,Budget2025,v1,FInsideBRIDirectCD04280320Budget2025v1,FInsideBRIDirectCD04280320,Tue Jun 03 2025 08:50:38 GMT+0100 (British Summer Time),Fri Dec 31 9999 00:00:00 GMT+0000 (Greenwich Mean Time),1
F,4,Iconic Aegean,Inside,CAN,Travel Agency,NORAM,USA,Mon Jan 03 2028 00:00:00 GMT+0000 (Greenwich Mean Time),CD04280320,20/03/2028,0,0,USD,0,158,143,0,0,43,0,2027,Budget2025,v1,FInsideCANTravel AgencyCD04280320Budget2025v1,FInsideCANTravel AgencyCD04280320,Tue Jun 03 2025 08:50:38 GMT+0100 (British Summer Time),Fri Dec 31 9999 00:00:00 GMT+0000 (Greenwich Mean Time),1
G,4,Iconic Aegean,Outside,AUS,Direct,AUNZ,AUS,Mon Jan 03 2028 00:00:00 GMT+0000 (Greenwich Mean Time),CD04280320,20/03/2028,0,0,AUD,0,208,125,0,0,40,0,2027,Budget2025,v1,GOutsideAUSDirectCD04280320Budget2025v1,GOutsideAUSDirectCD04280320,Tue Jun 03 2025 08:50:38 GMT+0100 (British Summer Time),Fri Dec 31 9999 00:00:00 GMT+0000 (Greenwich Mean Time),1
F,4,Iconic Aegean,Inside,BLK,Travel Agency,HOME,Home Markets,Mon Jan 03 2028 00:00:00 GMT+0000 (Greenwich Mean Time),CD04280320,20/03/2028,0,0,EUR,1,113,113,0,0,6,0,2027,Budget2025,v1,FInsideBLKTravel AgencyCD04280320Budget2025v1,FInsideBLKTravel AgencyCD04280320,Tue Jun 03 2025 08:50:38 GMT+0100 (British Summer Time),Fri Dec 31 9999 00:00:00 GMT+0000 (Greenwich Mean Time),1
F,3,Iconic Aegean,Deluxe,TUR,Tour Operator,HOME,Home Markets,Mon Jan 03 2028 00:00:00 GMT+0000 (Greenwich Mean Time),CD03280324,24/03/2028,1,4,EUR,1,246,246,1108,1108,13,61,2027,Budget2025,v1,FDeluxeTURTour OperatorCD03280324Budget2025v1,FDeluxeTURTour OperatorCD03280324,Tue Jun 03 2025 08:50:38 GMT+0100 (British Summer Time),Fri Dec 31 9999 00:00:00 GMT+0000 (Greenwich Mean Time),1
F,4,Iconic Aegean,Deluxe,MID,DMC,AWAY,Away Markets,Mon Jan 03 2028 00:00:00 GMT+0000 (Greenwich Mean Time),CD04280327,27/03/2028,0,0,USD,0,0,0,0,0,0,0,2027,Budget2025,v1,FDeluxeMIDDMCCD04280327Budget2025v1,FDeluxeMIDDMCCD04280327,Tue Jun 03 2025 08:50:38 GMT+0100 (British Summer Time),Fri Dec 31 9999 00:00:00 GMT+0000 (Greenwich Mean Time),1
F,4,Iconic Aegean,Deluxe,IND,Direct,AWAY,Away Markets,Mon Jan 03 2028 00:00:00 GMT+0000 (Greenwich Mean Time),CD04280320,20/03/2028,0,0,USD,0,0,0,0,0,0,0,2027,Budget2025,v1,FDeluxeINDDirectCD04280320Budget2025v1,FDeluxeINDDirectCD04280320,Tue Jun 03 2025 08:50:38 GMT+0100 (British Summer Time),Fri Dec 31 9999 00:00:00 GMT+0000 (Greenwich Mean Time),1
F,3,Iconic Aegean,Inside,AFR,Travel Agency,ROW,ROW,Mon Jan 03 2028 00:00:00 GMT+0000 (Greenwich Mean Time),CD03280324,24/03/2028,0,0,USD,0,116,106,0,0,13,0,2027,Budget2025,v1,FInsideAFRTravel AgencyCD03280324Budget2025v1,FInsideAFRTravel AgencyCD03280324,Tue Jun 03 2025 08:50:38 GMT+0100 (British Summer Time),Fri Dec 31 9999 00:00:00 GMT+0000 (Greenwich Mean Time),1
F,3,Iconic Aegean,Deluxe,JPN,Tour Operator,APAC,ROW,Mon Jan 03 2028 00:00:00 GMT+0000 (Greenwich Mean Time),CD03280324,24/03/2028,1,4,USD,0,439,399,1978,1798,40,181,2027,Budget2025,v1,FDeluxeJPNTour OperatorCD03280324Budget2025v1,FDeluxeJPNTour OperatorCD03280324,Tue Jun 03 2025 08:50:38 GMT+0100 (British Summer Time),Fri Dec 31 9999 00:00:00 GMT+0000 (Greenwich Mean Time),1
F,3,Iconic Aegean,Deluxe,SCN,Travel Agency,EU,ROW,Mon Jan 03 2028 00:00:00 GMT+0000 (Greenwich Mean Time),CD03280317,17/03/2028,0,0,EUR,1,0,0,0,0,0,0,2027,Budget2025,v1,FDeluxeSCNTravel AgencyCD03280317Budget2025v1,FDeluxeSCNTravel AgencyCD03280317,Tue Jun 03 2025 08:50:38 GMT+0100 (British Summer Time),Fri Dec 31 9999 00:00:00 GMT+0000 (Greenwich Mean Time),1
F,3,Iconic Aegean,Inside,SCN,Direct,EU,ROW,Mon Jan 03 2028 00:00:00 GMT+0000 (Greenwich Mean Time),CD03280317,17/03/2028,0,0,EUR,1,114,114,0,0,58,0,2027,Budget2025,v1,FInsideSCNDirectCD03280317Budget2025v1,FInsideSCNDirectCD03280317,Tue Jun 03 2025 08:50:38 GMT+0100 (British Summer Time),Fri Dec 31 9999 00:00:00 GMT+0000 (Greenwich Mean Time),1
F,3,Iconic Aegean,Deluxe,NZE,Travel Agency,AUNZ,AUS,Mon Jan 03 2028 00:00:00 GMT+0000 (Greenwich Mean Time),CD03280324,24/03/2028,0,0,AUD,0,0,0,0,0,56,0,2027,Budget2025,v1,FDeluxeNZETravel AgencyCD03280324Budget2025v1,FDeluxeNZETravel AgencyCD03280324,Tue Jun 03 2025 08:50:38 GMT+0100 (British Summer Time),Fri Dec 31 9999 00:00:00 GMT+0000 (Greenwich Mean Time),1
G,4,Iconic Aegean,Outside,BRI,Direct,UKIE,UKIE,Mon Jan 03 2028 00:00:00 GMT+0000 (Greenwich Mean Time),CD04280320,20/03/2028,0,0,GBP,1,136,160,0,0,38,0,2027,Budget2025,v1,GOutsideBRIDirectCD04280320Budget2025v1,GOutsideBRIDirectCD04280320,Tue Jun 03 2025 08:50:38 GMT+0100 (British Summer Time),Fri Dec 31 9999 00:00:00 GMT+0000 (Greenwich Mean Time),1
G,3,Iconic Aegean,Inside,MID,Direct,AWAY,Away Markets,Mon Jan 03 2028 00:00:00 GMT+0000 (Greenwich Mean Time),CD03280317,17/03/2028,0,0,USD,0,0,0,0,0,0,0,2027,Budget2025,v1,GInsideMIDDirectCD03280317Budget2025v1,GInsideMIDDirectCD03280317,Tue Jun 03 2025 08:50:38 GMT+0100 (British Summer Time),Fri Dec 31 9999 00:00:00 GMT+0000 (Greenwich Mean Time),1
G,3,Iconic Aegean,Inside,SCN,DMC,EU,ROW,Mon Jan 03 2028 00:00:00 GMT+0000 (Greenwich Mean Time),CD03280317,17/03/2028,0,0,EUR,1,0,0,0,0,0,0,2027,Budget2025,v1,GInsideSCNDMCCD03280317Budget2025v1,GInsideSCNDMCCD03280317,Tue Jun 03 2025 08:50:38 GMT+0100 (British Summer Time),Fri Dec 31 9999 00:00:00 GMT+0000 (Greenwich Mean Time),1
G,4,Iconic Aegean,Deluxe,APAC,Travel Agency,APAC,ROW,Mon Jan 03 2028 00:00:00 GMT+0000 (Greenwich Mean Time),CD04280327,27/03/2028,0,0,USD,0,269,244,0,0,23,0,2027,Budget2025,v1,GDeluxeAPACTravel AgencyCD04280327Budget2025v1,GDeluxeAPACTravel AgencyCD04280327,Tue Jun 03 2025 08:50:38 GMT+0100 (British Summer Time),Fri Dec 31 9999 00:00:00 GMT+0000 (Greenwich Mean Time),1
G,7,Desert Days,Outside,APAC,Tour Operator,APAC,ROW,Mon Jan 03 2028 00:00:00 GMT+0000 (Greenwich Mean Time),CJ07280312,12/03/2028,0,0,USD,0,182,166,0,0,1,0,2027,Budget2025,v1,GOutsideAPACTour OperatorCJ07280312Budget2025v1,GOutsideAPACTour OperatorCJ07280312,Tue Jun 03 2025 08:50:38 GMT+0100 (British Summer Time),Fri Dec 31 9999 00:00:00 GMT+0000 (Greenwich Mean Time),1
F,4,Iconic Aegean,Inside,AFR,Travel Agency,ROW,ROW,Mon Jan 03 2028 00:00:00 GMT+0000 (Greenwich Mean Time),CD04280327,27/03/2028,0,0,USD,0,116,106,0,0,28,0,2027,Budget2025,v1,FInsideAFRTravel AgencyCD04280327Budget2025v1,FInsideAFRTravel AgencyCD04280327,Tue Jun 03 2025 08:50:38 GMT+0100 (British Summer Time),Fri Dec 31 9999 00:00:00 GMT+0000 (Greenwich Mean Time),1
F,3,Iconic Aegean,Inside,GRC,DMC,HOME,Home Markets,Mon Jan 03 2028 00:00:00 GMT+0000 (Greenwich Mean Time),CD03280317,17/03/2028,0,0,EUR,1,110,110,0,0,16,0,2027,Budget2025,v1,FInsideGRCDMCCD03280317Budget2025v1,FInsideGRCDMCCD03280317,Tue Jun 03 2025 08:50:38 GMT+0100 (British Summer Time),Fri Dec 31 9999 00:00:00 GMT+0000 (Greenwich Mean Time),1
F,3,Iconic Aegean,Outside,APAC,Tour Operator,APAC,ROW,Mon Jan 03 2028 00:00:00 GMT+0000 (Greenwich Mean Time),CD03280324,24/03/2028,0,0,USD,0,169,154,0,0,23,0,2027,Budget2025,v1,FOutsideAPACTour OperatorCD03280324Budget2025v1,FOutsideAPACTour OperatorCD03280324,Tue Jun 03 2025 08:50:38 GMT+0100 (British Summer Time),Fri Dec 31 9999 00:00:00 GMT+0000 (Greenwich Mean Time),1
G,7,Desert Days,Inside,USA,DMC,NORAM,USA,Mon Jan 03 2028 00:00:00 GMT+0000 (Greenwich Mean Time),CJ07280305,05/03/2028,0,0,USD,0,182,166,0,0,25,0,2027,Budget2025,v1,GInsideUSADMCCJ07280305Budget2025v1,GInsideUSADMCCJ07280305,Tue Jun 03 2025 08:50:38 GMT+0100 (British Summer Time),Fri Dec 31 9999 00:00:00 GMT+0000 (Greenwich Mean Time),1
G,3,Iconic Aegean,Deluxe,FRA,DMC,FRANCE,FRANCE,Mon Jan 03 2028 00:00:00 GMT+0000 (Greenwich Mean Time),CD03280324,24/03/2028,0,0,EUR,1,0,0,0,0,0,0,2027,Budget2025,v1,GDeluxeFRADMCCD03280324Budget2025v1,GDeluxeFRADMCCD03280324,Tue Jun 03 2025 08:50:38 GMT+0100 (British Summer Time),Fri Dec 31 9999 00:00:00 GMT+0000 (Greenwich Mean Time),1
G,7,Desert Days,Deluxe,GRC,DMC,HOME,Home Markets,Mon Jan 03 2028 00:00:00 GMT+0000 (Greenwich Mean Time),CJ07280312,12/03/2028,0,0,EUR,1,167,167,0,0,23,0,2027,Budget2025,v1,GDeluxeGRCDMCCJ07280312Budget2025v1,GDeluxeGRCDMCCJ07280312,Tue Jun 03 2025 08:50:38 GMT+0100 (British Summer Time),Fri Dec 31 9999 00:00:00 GMT+0000 (Greenwich Mean Time),1
G,3,Iconic Aegean,Inside,USA,Tour Operator,NORAM,USA,Mon Jan 03 2028 00:00:00 GMT+0000 (Greenwich Mean Time),CD03280317,17/03/2028,63,189,USD,0,214,194,40466,36788,21,4124,2027,Budget2025,v1,GInsideUSATour OperatorCD03280317Budget2025v1,GInsideUSATour OperatorCD03280317,Tue Jun 03 2025 08:50:38 GMT+0100 (British Summer Time),Fri Dec 31 9999 00:00:00 GMT+0000 (Greenwich Mean Time),1
G,4,Iconic Aegean,Inside,AUS,Tour Operator,AUNZ,AUS,Mon Jan 03 2028 00:00:00 GMT+0000 (Greenwich Mean Time),CD04280327,27/03/2028,0,0,AUD,0,0,0,0,0,43,0,2027,Budget2025,v1,GInsideAUSTour OperatorCD04280327Budget2025v1,GInsideAUSTour OperatorCD04280327,Tue Jun 03 2025 08:50:38 GMT+0100 (British Summer Time),Fri Dec 31 9999 00:00:00 GMT+0000 (Greenwich Mean Time),1
G,14,Positioning Journey,Inside,DAC,Travel Agency,GERMANY,ROW,Mon Jan 03 2028 00:00:00 GMT+0000 (Greenwich Mean Time),CJ14280319,19/03/2028,0,0,EUR,1,97,97,0,0,9,0,2027,Budget2025,v1,GInsideDACTravel AgencyCJ14280319Budget2025v1,GInsideDACTravel AgencyCJ14280319,Tue Jun 03 2025 08:50:38 GMT+0100 (British Summer Time),Fri Dec 31 9999 00:00:00 GMT+0000 (Greenwich Mean Time),1
G,14,Positioning Journey,Inside,EAS,Travel Agency,EU,ROW,Mon Jan 03 2028 00:00:00 GMT+0000 (Greenwich Mean Time),CJ14280319,19/03/2028,0,0,EUR,1,97,97,0,0,9,0,2027,Budget2025,v1,GInsideEASTravel AgencyCJ14280319Budget2025v1,GInsideEASTravel AgencyCJ14280319,Tue Jun 03 2025 08:50:38 GMT+0100 (British Summer Time),Fri Dec 31 9999 00:00:00 GMT+0000 (Greenwich Mean Time),1
G,14,Positioning Journey,Inside,JPN,Tour Operator,APAC,ROW,Mon Jan 03 2028 00:00:00 GMT+0000 (Greenwich Mean Time),CJ14280319,19/03/2028,0,0,USD,0,105,96,0,0,0,0,2027,Budget2025,v1,GInsideJPNTour OperatorCJ14280319Budget2025v1,GInsideJPNTour OperatorCJ14280319,Tue Jun 03 2025 08:50:38 GMT+0100 (British Summer Time),Fri Dec 31 9999 00:00:00 GMT+0000 (Greenwich Mean Time),1
G,4,Iconic Aegean,Inside,BLX,Direct,EU,ROW,Mon Jan 03 2028 00:00:00 GMT+0000 (Greenwich Mean Time),CD04280327,27/03/2028,0,0,EUR,1,111,111,0,0,28,0,2027,Budget2025,v1,GInsideBLXDirectCD04280327Budget2025v1,GInsideBLXDirectCD04280327,Tue Jun 03 2025 08:50:38 GMT+0100 (British Summer Time),Fri Dec 31 9999 00:00:00 GMT+0000 (Greenwich Mean Time),1
G,7,Desert Days,Deluxe,JPN,Direct,APAC,ROW,Mon Jan 03 2028 00:00:00 GMT+0000 (Greenwich Mean Time),CJ07280312,12/03/2028,0,0,USD,0,182,166,0,0,0,0,2027,Budget2025,v1,GDeluxeJPNDirectCJ07280312Budget2025v1,GDeluxeJPNDirectCJ07280312,Tue Jun 03 2025 08:50:38 GMT+0100 (British Summer Time),Fri Dec 31 9999 00:00:00 GMT+0000 (Greenwich Mean Time),1
F,4,Iconic Aegean,Outside,SIP,Travel Agency,SIP,SIP,Mon Jan 03 2028 00:00:00 GMT+0000 (Greenwich Mean Time),CD04280320,20/03/2028,48,194,EUR,1,154,154,29899,29899,36,7123,2027,Budget2025,v1,FOutsideSIPTravel AgencyCD04280320Budget2025v1,FOutsideSIPTravel AgencyCD04280320,Tue Jun 03 2025 08:50:38 GMT+0100 (British Summer Time),Fri Dec 31 9999 00:00:00 GMT+0000 (Greenwich Mean Time),1
G,14,Positioning Journey,Deluxe,LAT,DMC,LATAM,LATAM,Mon Jan 03 2028 00:00:00 GMT+0000 (Greenwich Mean Time),CJ14280319,19/03/2028,0,0,USD,0,105,96,0,0,8,0,2027,Budget2025,v1,GDeluxeLATDMCCJ14280319Budget2025v1,GDeluxeLATDMCCJ14280319,Tue Jun 03 2025 08:50:38 GMT+0100 (British Summer Time),Fri Dec 31 9999 00:00:00 GMT+0000 (Greenwich Mean Time),1
F,3,Iconic Aegean,Outside,BRI,DMC,UKIE,UKIE,Mon Jan 03 2028 00:00:00 GMT+0000 (Greenwich Mean Time),CD03280324,24/03/2028,0,0,GBP,1,0,0,0,0,0,0,2027,Budget2025,v1,FOutsideBRIDMCCD03280324Budget2025v1,FOutsideBRIDMCCD03280324,Tue Jun 03 2025 08:50:38 GMT+0100 (British Summer Time),Fri Dec 31 9999 00:00:00 GMT+0000 (Greenwich Mean Time),1
G,4,Iconic Aegean,Inside,FRA,DMC,FRANCE,FRANCE,Mon Jan 03 2028 00:00:00 GMT+0000 (Greenwich Mean Time),CD04280320,20/03/2028,0,0,EUR,1,0,0,0,0,88,0,2027,Budget2025,v1,GInsideFRADMCCD04280320Budget2025v1,GInsideFRADMCCD04280320,Tue Jun 03 2025 08:50:38 GMT+0100 (British Summer Time),Fri Dec 31 9999 00:00:00 GMT+0000 (Greenwich Mean Time),1
G,3,Iconic Aegean,Deluxe,NZE,Travel Agency,AUNZ,AUS,Mon Jan 03 2028 00:00:00 GMT+0000 (Greenwich Mean Time),CD03280324,24/03/2028,0,0,AUD,0,0,0,0,0,56,0,2027,Budget2025,v1,GDeluxeNZETravel AgencyCD03280324Budget2025v1,GDeluxeNZETravel AgencyCD03280324,Tue Jun 03 2025 08:50:38 GMT+0100 (British Summer Time),Fri Dec 31 9999 00:00:00 GMT+0000 (Greenwich Mean Time),1
F,4,Iconic Aegean,Inside,SIP,Direct,SIP,SIP,Mon Jan 03 2028 00:00:00 GMT+0000 (Greenwich Mean Time),CD04280327,27/03/2028,14,56,EUR,1,114,114,6409,6409,31,1772,2027,Budget2025,v1,FInsideSIPDirectCD04280327Budget2025v1,FInsideSIPDirectCD04280327,Tue Jun 03 2025 08:50:38 GMT+0100 (British Summer Time),Fri Dec 31 9999 00:00:00 GMT+0000 (Greenwich Mean Time),1
G,4,Iconic Aegean,Deluxe,CAN,DMC,NORAM,USA,Mon Jan 03 2028 00:00:00 GMT+0000 (Greenwich Mean Time),CD04280320,20/03/2028,0,0,USD,0,259,235,0,0,51,0,2027,Budget2025,v1,GDeluxeCANDMCCD04280320Budget2025v1,GDeluxeCANDMCCD04280320,Tue Jun 03 2025 08:50:38 GMT+0100 (British Summer Time),Fri Dec 31 9999 00:00:00 GMT+0000 (Greenwich Mean Time),1
F,3,Iconic Aegean,Inside,SIP,Travel Agency,SIP,SIP,Mon Jan 03 2028 00:00:00 GMT+0000 (Greenwich Mean Time),CD03280324,24/03/2028,14,42,EUR,1,119,119,5035,5035,33,1393,2027,Budget2025,v1,FInsideSIPTravel AgencyCD03280324Budget2025v1,FInsideSIPTravel AgencyCD03280324,Tue Jun 03 2025 08:50:38 GMT+0100 (British Summer Time),Fri Dec 31 9999 00:00:00 GMT+0000 (Greenwich Mean Time),1
F,3,Iconic Aegean,Inside,USA,Travel Agency,NORAM,USA,Mon Jan 03 2028 00:00:00 GMT+0000 (Greenwich Mean Time),CD03280317,17/03/2028,6,18,USD,0,150,136,2707,2461,41,749,2027,Budget2025,v1,FInsideUSATravel AgencyCD03280317Budget2025v1,FInsideUSATravel AgencyCD03280317,Tue Jun 03 2025 08:50:38 GMT+0100 (British Summer Time),Fri Dec 31 9999 00:00:00 GMT+0000 (Greenwich Mean Time),1
F,4,Iconic Aegean,Deluxe,AFR,Travel Agency,ROW,ROW,Mon Jan 03 2028 00:00:00 GMT+0000 (Greenwich Mean Time),CD04280320,20/03/2028,0,0,USD,0,0,0,0,0,28,0,2027,Budget2025,v1,FDeluxeAFRTravel AgencyCD04280320Budget2025v1,FDeluxeAFRTravel AgencyCD04280320,Tue Jun 03 2025 08:50:38 GMT+0100 (British Summer Time),Fri Dec 31 9999 00:00:00 GMT+0000 (Greenwich Mean Time),1
F,7,Desert Days,Deluxe,BRI,Travel Agency,UKIE,UKIE,Mon Jan 03 2028 00:00:00 GMT+0000 (Greenwich Mean Time),CJ07280312,12/03/2028,15,105,GBP,1,142,167,14970,17612,23,2420,2027,Budget2025,v1,FDeluxeBRITravel AgencyCJ07280312Budget2025v1,FDeluxeBRITravel AgencyCJ07280312,Tue Jun 03 2025 08:50:38 GMT+0100 (British Summer Time),Fri Dec 31 9999 00:00:00 GMT+0000 (Greenwich Mean Time),1
F,14,Positioning Journey,Deluxe,DAC,Direct,GERMANY,ROW,Mon Jan 03 2028 00:00:00 GMT+0000 (Greenwich Mean Time),CJ14280319,19/03/2028,0,0,EUR,1,97,97,0,0,24,0,2027,Budget2025,v1,FDeluxeDACDirectCJ14280319Budget2025v1,FDeluxeDACDirectCJ14280319,Tue Jun 03 2025 08:50:38 GMT+0100 (British Summer Time),Fri Dec 31 9999 00:00:00 GMT+0000 (Greenwich Mean Time),1
F,14,Positioning Journey,Outside,JPN,DMC,APAC,ROW,Mon Jan 03 2028 00:00:00 GMT+0000 (Greenwich Mean Time),CJ14280319,19/03/2028,0,0,USD,0,105,96,0,0,29,0,2027,Budget2025,v1,FOutsideJPNDMCCJ14280319Budget2025v1,FOutsideJPNDMCCJ14280319,Tue Jun 03 2025 08:50:38 GMT+0100 (British Summer Time),Fri Dec 31 9999 00:00:00 GMT+0000 (Greenwich Mean Time),1
G,3,Iconic Aegean,Outside,GRC,Direct,HOME,Home Markets,Mon Jan 03 2028 00:00:00 GMT+0000 (Greenwich Mean Time),CD03280317,17/03/2028,0,0,EUR,1,119,119,0,0,7,0,2027,Budget2025,v1,GOutsideGRCDirectCD03280317Budget2025v1,GOutsideGRCDirectCD03280317,Tue Jun 03 2025 08:50:38 GMT+0100 (British Summer Time),Fri Dec 31 9999 00:00:00 GMT+0000 (Greenwich Mean Time),1
G,14,Positioning Journey,Outside,TUR,Direct,HOME,Home Markets,Mon Jan 03 2028 00:00:00 GMT+0000 (Greenwich Mean Time),CJ14280319,19/03/2028,0,0,EUR,1,97,97,0,0,0,0,2027,Budget2025,v1,GOutsideTURDirectCJ14280319Budget2025v1,GOutsideTURDirectCJ14280319,Tue Jun 03 2025 08:50:38 GMT+0100 (British Summer Time),Fri Dec 31 9999 00:00:00 GMT+0000 (Greenwich Mean Time),1
F,3,Iconic Aegean,Outside,DAC,DMC,GERMANY,ROW,Mon Jan 03 2028 00:00:00 GMT+0000 (Greenwich Mean Time),CD03280317,17/03/2028,1,4,EUR,1,163,163,733,733,48,218,2027,Budget2025,v1,FOutsideDACDMCCD03280317Budget2025v1,FOutsideDACDMCCD03280317,Tue Jun 03 2025 08:50:38 GMT+0100 (British Summer Time),Fri Dec 31 9999 00:00:00 GMT+0000 (Greenwich Mean Time),1
G,7,Desert Days,Deluxe,CAN,DMC,NORAM,USA,Mon Jan 03 2028 00:00:00 GMT+0000 (Greenwich Mean Time),CJ07280312,12/03/2028,0,0,USD,0,182,166,0,0,69,0,2027,Budget2025,v1,GDeluxeCANDMCCJ07280312Budget2025v1,GDeluxeCANDMCCJ07280312,Tue Jun 03 2025 08:50:38 GMT+0100 (British Summer Time),Fri Dec 31 9999 00:00:00 GMT+0000 (Greenwich Mean Time),1
F,3,Iconic Aegean,Inside,SIP,DMC,SIP,SIP,Mon Jan 03 2028 00:00:00 GMT+0000 (Greenwich Mean Time),CD03280324,24/03/2028,5,15,EUR,1,122,122,1844,1844,39,599,2027,Budget2025,v1,FInsideSIPDMCCD03280324Budget2025v1,FInsideSIPDMCCD03280324,Tue Jun 03 2025 08:50:38 GMT+0100 (British Summer Time),Fri Dec 31 9999 00:00:00 GMT+0000 (Greenwich Mean Time),1
G,3,Iconic Aegean,Deluxe,CHI,Tour Operator,APAC,ROW,Mon Jan 03 2028 00:00:00 GMT+0000 (Greenwich Mean Time),CD03280317,17/03/2028,0,0,USD,0,430,391,0,0,17,0,2027,Budget2025,v1,GDeluxeCHITour OperatorCD03280317Budget2025v1,GDeluxeCHITour OperatorCD03280317,Tue Jun 03 2025 08:50:38 GMT+0100 (British Summer Time),Fri Dec 31 9999 00:00:00 GMT+0000 (Greenwich Mean Time),1
F,3,Iconic Aegean,Inside,NZE,Direct,AUNZ,AUS,Mon Jan 03 2028 00:00:00 GMT+0000 (Greenwich Mean Time),CD03280324,24/03/2028,0,0,AUD,0,242,145,0,0,0,0,2027,Budget2025,v1,FInsideNZEDirectCD03280324Budget2025v1,FInsideNZEDirectCD03280324,Tue Jun 03 2025 08:50:38 GMT+0100 (British Summer Time),Fri Dec 31 9999 00:00:00 GMT+0000 (Greenwich Mean Time),1
G,7,Desert Days,Outside,JPN,Tour Operator,APAC,ROW,Mon Jan 03 2028 00:00:00 GMT+0000 (Greenwich Mean Time),CJ07280305,05/03/2028,0,0,USD,0,182,166,0,0,0,0,2027,Budget2025,v1,GOutsideJPNTour OperatorCJ07280305Budget2025v1,GOutsideJPNTour OperatorCJ07280305,Tue Jun 03 2025 08:50:38 GMT+0100 (British Summer Time),Fri Dec 31 9999 00:00:00 GMT+0000 (Greenwich Mean Time),1
G,14,Positioning Journey,Outside,RUS,Direct,ROW,ROW,Mon Jan 03 2028 00:00:00 GMT+0000 (Greenwich Mean Time),CJ14280319,19/03/2028,0,0,EUR,1,97,97,0,0,0,0,2027,Budget2025,v1,GOutsideRUSDirectCJ14280319Budget2025v1,GOutsideRUSDirectCJ14280319,Tue Jun 03 2025 08:50:38 GMT+0100 (British Summer Time),Fri Dec 31 9999 00:00:00 GMT+0000 (Greenwich Mean Time),1
F,4,Iconic Aegean,Inside,CHI,Direct,APAC,ROW,Mon Jan 03 2028 00:00:00 GMT+0000 (Greenwich Mean Time),CD04280320,20/03/2028,0,0,USD,0,0,0,0,0,38,0,2027,Budget2025,v1,FInsideCHIDirectCD04280320Budget2025v1,FInsideCHIDirectCD04280320,Tue Jun 03 2025 08:50:38 GMT+0100 (British Summer Time),Fri Dec 31 9999 00:00:00 GMT+0000 (Greenwich Mean Time),1
G,3,Iconic Aegean,Inside,JPN,Tour Operator,APAC,ROW,Mon Jan 03 2028 00:00:00 GMT+0000 (Greenwich Mean Time),CD03280324,24/03/2028,0,0,USD,0,165,150,0,0,40,0,2027,Budget2025,v1,GInsideJPNTour OperatorCD03280324Budget2025v1,GInsideJPNTour OperatorCD03280324,Tue Jun 03 2025 08:50:38 GMT+0100 (British Summer Time),Fri Dec 31 9999 00:00:00 GMT+0000 (Greenwich Mean Time),1
G,7,Desert Days,Outside,NZE,Direct,AUNZ,AUS,Mon Jan 03 2028 00:00:00 GMT+0000 (Greenwich Mean Time),CJ07280305,05/03/2028,0,0,AUD,0,278,167,0,0,0,0,2027,Budget2025,v1,GOutsideNZEDirectCJ07280305Budget2025v1,GOutsideNZEDirectCJ07280305,Tue Jun 03 2025 08:50:38 GMT+0100 (British Summer Time),Fri Dec 31 9999 00:00:00 GMT+0000 (Greenwich Mean Time),1
G,14,Positioning Journey,Inside,IND,Direct,AWAY,Away Markets,Mon Jan 03 2028 00:00:00 GMT+0000 (Greenwich Mean Time),CJ14280319,19/03/2028,0,0,USD,0,105,96,0,0,0,0,2027,Budget2025,v1,GInsideINDDirectCJ14280319Budget2025v1,GInsideINDDirectCJ14280319,Tue Jun 03 2025 08:50:38 GMT+0100 (British Summer Time),Fri Dec 31 9999 00:00:00 GMT+0000 (Greenwich Mean Time),1
G,7,Desert Days,Outside,AFR,DMC,ROW,ROW,Mon Jan 03 2028 00:00:00 GMT+0000 (Greenwich Mean Time),CJ07280305,05/03/2028,0,0,USD,0,182,166,0,0,0,0,2027,Budget2025,v1,GOutsideAFRDMCCJ07280305Budget2025v1,GOutsideAFRDMCCJ07280305,Tue Jun 03 2025 08:50:38 GMT+0100 (British Summer Time),Fri Dec 31 9999 00:00:00 GMT+0000 (Greenwich Mean Time),1
G,4,Iconic Aegean,Inside,FRA,Tour Operator,FRANCE,FRANCE,Mon Jan 03 2028 00:00:00 GMT+0000 (Greenwich Mean Time),CD04280320,20/03/2028,0,0,EUR,1,0,0,0,0,32,0,2027,Budget2025,v1,GInsideFRATour OperatorCD04280320Budget2025v1,GInsideFRATour OperatorCD04280320,Tue Jun 03 2025 08:50:38 GMT+0100 (British Summer Time),Fri Dec 31 9999 00:00:00 GMT+0000 (Greenwich Mean Time),1
G,4,Iconic Aegean,Outside,BLK,Travel Agency,HOME,Home Markets,Mon Jan 03 2028 00:00:00 GMT+0000 (Greenwich Mean Time),CD04280320,20/03/2028,0,0,EUR,1,140,140,0,0,6,0,2027,Budget2025,v1,GOutsideBLKTravel AgencyCD04280320Budget2025v1,GOutsideBLKTravel AgencyCD04280320,Tue Jun 03 2025 08:50:38 GMT+0100 (British Summer Time),Fri Dec 31 9999 00:00:00 GMT+0000 (Greenwich Mean Time),1
G,7,Desert Days,Inside,SCN,Direct,EU,ROW,Mon Jan 03 2028 00:00:00 GMT+0000 (Greenwich Mean Time),CJ07280312,12/03/2028,0,0,EUR,1,167,167,0,0,10,0,2027,Budget2025,v1,GInsideSCNDirectCJ07280312Budget2025v1,GInsideSCNDirectCJ07280312,Tue Jun 03 2025 08:50:38 GMT+0100 (British Summer Time),Fri Dec 31 9999 00:00:00 GMT+0000 (Greenwich Mean Time),1
G,7,Desert Days,Inside,BRI,Travel Agency,UKIE,UKIE,Mon Jan 03 2028 00:00:00 GMT+0000 (Greenwich Mean Time),CJ07280312,12/03/2028,0,0,GBP,1,142,167,0,0,23,0,2027,Budget2025,v1,GInsideBRITravel AgencyCJ07280312Budget2025v1,GInsideBRITravel AgencyCJ07280312,Tue Jun 03 2025 08:50:38 GMT+0100 (British Summer Time),Fri Dec 31 9999 00:00:00 GMT+0000 (Greenwich Mean Time),1
F,14,Positioning Journey,Inside,BLX,Travel Agency,EU,ROW,Mon Jan 03 2028 00:00:00 GMT+0000 (Greenwich Mean Time),CJ14280319,19/03/2028,1,14,EUR,1,97,97,1358,1358,52,735,2027,Budget2025,v1,FInsideBLXTravel AgencyCJ14280319Budget2025v1,FInsideBLXTravel AgencyCJ14280319,Tue Jun 03 2025 08:50:38 GMT+0100 (British Summer Time),Fri Dec 31 9999 00:00:00 GMT+0000 (Greenwich Mean Time),1
G,7,Desert Days,Outside,EAS,Tour Operator,EU,ROW,Mon Jan 03 2028 00:00:00 GMT+0000 (Greenwich Mean Time),CJ07280305,05/03/2028,0,0,EUR,1,167,167,0,0,28,0,2027,Budget2025,v1,GOutsideEASTour OperatorCJ07280305Budget2025v1,GOutsideEASTour OperatorCJ07280305,Tue Jun 03 2025 08:50:38 GMT+0100 (British Summer Time),Fri Dec 31 9999 00:00:00 GMT+0000 (Greenwich Mean Time),1
F,4,Iconic Aegean,Inside,CAN,Tour Operator,NORAM,USA,Mon Jan 03 2028 00:00:00 GMT+0000 (Greenwich Mean Time),CD04280327,27/03/2028,0,0,USD,0,217,197,0,0,153,0,2027,Budget2025,v1,FInsideCANTour OperatorCD04280327Budget2025v1,FInsideCANTour OperatorCD04280327,Tue Jun 03 2025 08:50:38 GMT+0100 (British Summer Time),Fri Dec 31 9999 00:00:00 GMT+0000 (Greenwich Mean Time),1
F,4,Iconic Aegean,Deluxe,CAN,DMC,NORAM,USA,Mon Jan 03 2028 00:00:00 GMT+0000 (Greenwich Mean Time),CD04280320,20/03/2028,0,0,USD,0,241,219,0,0,51,0,2027,Budget2025,v1,FDeluxeCANDMCCD04280320Budget2025v1,FDeluxeCANDMCCD04280320,Tue Jun 03 2025 08:50:38 GMT+0100 (British Summer Time),Fri Dec 31 9999 00:00:00 GMT+0000 (Greenwich Mean Time),1
F,3,Iconic Aegean,Inside,FRA,Tour Operator,FRANCE,FRANCE,Mon Jan 03 2028 00:00:00 GMT+0000 (Greenwich Mean Time),CD03280317,17/03/2028,0,0,EUR,1,0,0,0,0,0,0,2027,Budget2025,v1,FInsideFRATour OperatorCD03280317Budget2025v1,FInsideFRATour OperatorCD03280317,Tue Jun 03 2025 08:50:38 GMT+0100 (British Summer Time),Fri Dec 31 9999 00:00:00 GMT+0000 (Greenwich Mean Time),1
G,3,Iconic Aegean,Outside,EAS,Travel Agency,EU,ROW,Mon Jan 03 2028 00:00:00 GMT+0000 (Greenwich Mean Time),CD03280317,17/03/2028,0,0,EUR,1,147,147,0,0,33,0,2027,Budget2025,v1,GOutsideEASTravel AgencyCD03280317Budget2025v1,GOutsideEASTravel AgencyCD03280317,Tue Jun 03 2025 08:50:38 GMT+0100 (British Summer Time),Fri Dec 31 9999 00:00:00 GMT+0000 (Greenwich Mean Time),1
F,3,Iconic Aegean,Deluxe,FRA,Tour Operator,FRANCE,FRANCE,Mon Jan 03 2028 00:00:00 GMT+0000 (Greenwich Mean Time),CD03280324,24/03/2028,0,0,EUR,1,0,0,0,0,0,0,2027,Budget2025,v1,FDeluxeFRATour OperatorCD03280324Budget2025v1,FDeluxeFRATour OperatorCD03280324,Tue Jun 03 2025 08:50:38 GMT+0100 (British Summer Time),Fri Dec 31 9999 00:00:00 GMT+0000 (Greenwich Mean Time),1
F,4,Iconic Aegean,Deluxe,AFR,DMC,ROW,ROW,Mon Jan 03 2028 00:00:00 GMT+0000 (Greenwich Mean Time),CD04280320,20/03/2028,0,0,USD,0,0,0,0,0,25,0,2027,Budget2025,v1,FDeluxeAFRDMCCD04280320Budget2025v1,FDeluxeAFRDMCCD04280320,Tue Jun 03 2025 08:50:38 GMT+0100 (British Summer Time),Fri Dec 31 9999 00:00:00 GMT+0000 (Greenwich Mean Time),1
F,7,Desert Days,Deluxe,MID,Tour Operator,AWAY,Away Markets,Mon Jan 03 2028 00:00:00 GMT+0000 (Greenwich Mean Time),CJ07280312,12/03/2028,0,0,USD,0,182,166,0,0,0,0,2027,Budget2025,v1,FDeluxeMIDTour OperatorCJ07280312Budget2025v1,FDeluxeMIDTour OperatorCJ07280312,Tue Jun 03 2025 08:50:38 GMT+0100 (British Summer Time),Fri Dec 31 9999 00:00:00 GMT+0000 (Greenwich Mean Time),1
F,3,Iconic Aegean,Deluxe,AUS,Tour Operator,AUNZ,AUS,Mon Jan 03 2028 00:00:00 GMT+0000 (Greenwich Mean Time),CD03280317,17/03/2028,2,7,AUD,0,280,168,2103,1267,30,230,2027,Budget2025,v1,FDeluxeAUSTour OperatorCD03280317Budget2025v1,FDeluxeAUSTour OperatorCD03280317,Tue Jun 03 2025 08:50:38 GMT+0100 (British Summer Time),Fri Dec 31 9999 00:00:00 GMT+0000 (Greenwich Mean Time),1
F,4,Iconic Aegean,Deluxe,GRC,Tour Operator,HOME,Home Markets,Mon Jan 03 2028 00:00:00 GMT+0000 (Greenwich Mean Time),CD04280320,20/03/2028,2,8,EUR,1,237,237,1897,1897,0,0,2027,Budget2025,v1,FDeluxeGRCTour OperatorCD04280320Budget2025v1,FDeluxeGRCTour OperatorCD04280320,Tue Jun 03 2025 08:50:38 GMT+0100 (British Summer Time),Fri Dec 31 9999 00:00:00 GMT+0000 (Greenwich Mean Time),1
F,3,Iconic Aegean,Deluxe,APAC,Travel Agency,APAC,ROW,Mon Jan 03 2028 00:00:00 GMT+0000 (Greenwich Mean Time),CD03280324,24/03/2028,3,9,USD,0,275,250,2476,2251,48,440,2027,Budget2025,v1,FDeluxeAPACTravel AgencyCD03280324Budget2025v1,FDeluxeAPACTravel AgencyCD03280324,Tue Jun 03 2025 08:50:38 GMT+0100 (British Summer Time),Fri Dec 31 9999 00:00:00 GMT+0000 (Greenwich Mean Time),1
G,14,Positioning Journey,Deluxe,BLX,Travel Agency,EU,ROW,Mon Jan 03 2028 00:00:00 GMT+0000 (Greenwich Mean Time),CJ14280319,19/03/2028,0,0,EUR,1,97,97,0,0,52,0,2027,Budget2025,v1,GDeluxeBLXTravel AgencyCJ14280319Budget2025v1,GDeluxeBLXTravel AgencyCJ14280319,Tue Jun 03 2025 08:50:38 GMT+0100 (British Summer Time),Fri Dec 31 9999 00:00:00 GMT+0000 (Greenwich Mean Time),1
F,3,Iconic Aegean,Deluxe,MID,Tour Operator,AWAY,Away Markets,Mon Jan 03 2028 00:00:00 GMT+0000 (Greenwich Mean Time),CD03280324,24/03/2028,0,0,USD,0,0,0,0,0,32,0,2027,Budget2025,v1,FDeluxeMIDTour OperatorCD03280324Budget2025v1,FDeluxeMIDTour OperatorCD03280324,Tue Jun 03 2025 08:50:38 GMT+0100 (British Summer Time),Fri Dec 31 9999 00:00:00 GMT+0000 (Greenwich Mean Time),1
F,7,Desert Days,Outside,AFR,Travel Agency,ROW,ROW,Mon Jan 03 2028 00:00:00 GMT+0000 (Greenwich Mean Time),CJ07280312,12/03/2028,2,17,USD,0,182,166,3199,2908,30,531,2027,Budget2025,v1,FOutsideAFRTravel AgencyCJ07280312Budget2025v1,FOutsideAFRTravel AgencyCJ07280312,Tue Jun 03 2025 08:50:38 GMT+0100 (British Summer Time),Fri Dec 31 9999 00:00:00 GMT+0000 (Greenwich Mean Time),1
G,3,Iconic Aegean,Deluxe,AFR,DMC,ROW,ROW,Mon Jan 03 2028 00:00:00 GMT+0000 (Greenwich Mean Time),CD03280324,24/03/2028,0,0,USD,0,0,0,0,0,58,0,2027,Budget2025,v1,GDeluxeAFRDMCCD03280324Budget2025v1,GDeluxeAFRDMCCD03280324,Tue Jun 03 2025 08:50:38 GMT+0100 (British Summer Time),Fri Dec 31 9999 00:00:00 GMT+0000 (Greenwich Mean Time),1
G,3,Iconic Aegean,Outside,GRC,DMC,HOME,Home Markets,Mon Jan 03 2028 00:00:00 GMT+0000 (Greenwich Mean Time),CD03280317,17/03/2028,0,0,EUR,1,0,0,0,0,16,0,2027,Budget2025,v1,GOutsideGRCDMCCD03280317Budget2025v1,GOutsideGRCDMCCD03280317,Tue Jun 03 2025 08:50:38 GMT+0100 (British Summer Time),Fri Dec 31 9999 00:00:00 GMT+0000 (Greenwich Mean Time),1
G,14,Positioning Journey,Deluxe,GRC,Travel Agency,HOME,Home Markets,Mon Jan 03 2028 00:00:00 GMT+0000 (Greenwich Mean Time),CJ14280319,19/03/2028,0,0,EUR,1,97,97,0,0,2,0,2027,Budget2025,v1,GDeluxeGRCTravel AgencyCJ14280319Budget2025v1,GDeluxeGRCTravel AgencyCJ14280319,Tue Jun 03 2025 08:50:38 GMT+0100 (British Summer Time),Fri Dec 31 9999 00:00:00 GMT+0000 (Greenwich Mean Time),1
F,3,Iconic Aegean,Outside,USA,Travel Agency,NORAM,USA,Mon Jan 03 2028 00:00:00 GMT+0000 (Greenwich Mean Time),CD03280317,17/03/2028,16,49,USD,0,158,143,7824,7113,41,2060,2027,Budget2025,v1,FOutsideUSATravel AgencyCD03280317Budget2025v1,FOutsideUSATravel AgencyCD03280317,Tue Jun 03 2025 08:50:38 GMT+0100 (British Summer Time),Fri Dec 31 9999 00:00:00 GMT+0000 (Greenwich Mean Time),1
G,3,Iconic Aegean,Deluxe,CHI,Direct,APAC,ROW,Mon Jan 03 2028 00:00:00 GMT+0000 (Greenwich Mean Time),CD03280317,17/03/2028,0,0,USD,0,0,0,0,0,308,0,2027,Budget2025,v1,GDeluxeCHIDirectCD03280317Budget2025v1,GDeluxeCHIDirectCD03280317,Tue Jun 03 2025 08:50:38 GMT+0100 (British Summer Time),Fri Dec 31 9999 00:00:00 GMT+0000 (Greenwich Mean Time),1
G,4,Iconic Aegean,Outside,RUS,DMC,ROW,ROW,Mon Jan 03 2028 00:00:00 GMT+0000 (Greenwich Mean Time),CD04280327,27/03/2028,0,0,EUR,1,0,0,0,0,0,0,2027,Budget2025,v1,GOutsideRUSDMCCD04280327Budget2025v1,GOutsideRUSDMCCD04280327,Tue Jun 03 2025 08:50:38 GMT+0100 (British Summer Time),Fri Dec 31 9999 00:00:00 GMT+0000 (Greenwich Mean Time),1
F,7,Desert Days,Inside,DAC,DMC,GERMANY,ROW,Mon Jan 03 2028 00:00:00 GMT+0000 (Greenwich Mean Time),CJ07280305,05/03/2028,0,3,EUR,1,167,167,587,587,13,46,2027,Budget2025,v1,FInsideDACDMCCJ07280305Budget2025v1,FInsideDACDMCCJ07280305,Tue Jun 03 2025 08:50:38 GMT+0100 (British Summer Time),Fri Dec 31 9999 00:00:00 GMT+0000 (Greenwich Mean Time),1
G,7,Desert Days,Outside,MID,Direct,AWAY,Away Markets,Mon Jan 03 2028 00:00:00 GMT+0000 (Greenwich Mean Time),CJ07280305,05/03/2028,0,0,USD,0,182,166,0,0,0,0,2027,Budget2025,v1,GOutsideMIDDirectCJ07280305Budget2025v1,GOutsideMIDDirectCJ07280305,Tue Jun 03 2025 08:50:38 GMT+0100 (British Summer Time),Fri Dec 31 9999 00:00:00 GMT+0000 (Greenwich Mean Time),1