Snapshot_Date,Sail_Code,Package_Name,Sail_Days,Cabin_Category,Available_Cabins,Total_Cabins,Available_Absolute,Available_Weighted,Availability_Result,Nested_Cabins
Wed Oct 22 2025 23:56:06 GMT+0100 (British Summer Time),CD07280218,Iconic Arabia from Abu Dhabi - 7 Nights,7,XD,96,98,95,96,OK,0
Wed Oct 22 2025 23:56:06 GMT+0100 (British Summer Time),CD07280218,Iconic Arabia from Abu Dhabi - 7 Nights,7,SG,1,2,1,1,OK,0
Wed Oct 22 2025 23:56:06 GMT+0100 (British Summer Time),CD07280219,Iconic Arabia from Dubai - 7Nights,7,XD,96,98,95,96,OK,0
Wed Oct 22 2025 23:56:06 GMT+0100 (British Summer Time),CD07280219,Iconic Arabia from Dubai - 7Nights,7,SG,1,2,1,1,OK,0
Wed Oct 22 2025 23:56:06 GMT+0100 (British Summer Time),CD07280219,Iconic Arabia from Dubai - 7Nights,7,IB,75,77,74,75,OK,0
Wed Oct 22 2025 23:56:06 GMT+0100 (British Summer Time),CD07280219,Iconic Arabia from Dubai - 7Nights,7,XBO,49,52,49,49,OK,0
Wed Oct 22 2025 23:56:06 GMT+0100 (British Summer Time),CD07280219,Iconic Arabia from Dubai - 7Nights,7,SJA,2,5,2,2,OK,0
Wed Oct 22 2025 23:56:06 GMT+0100 (British Summer Time),CD07280219,Iconic Arabia from Dubai - 7Nights,7,IA,71,73,70,71,OK,0
Wed Oct 22 2025 23:56:06 GMT+0100 (British Summer Time),CD07280219,Iconic Arabia from Dubai - 7Nights,7,SJB,21,25,21,21,OK,0
Wed Oct 22 2025 23:56:06 GMT+0100 (British Summer Time),CD07280219,Iconic Arabia from Dubai - 7Nights,7,XA,26,28,25,26,OK,0
Wed Oct 22 2025 23:56:06 GMT+0100 (British Summer Time),CD07280219,Iconic Arabia from Dubai - 7Nights,7,XB,69,80,68,69,OK,0
Wed Oct 22 2025 23:56:06 GMT+0100 (British Summer Time),CD07280219,Iconic Arabia from Dubai - 7Nights,7,SH,1,2,1,1,OK,0
Wed Oct 22 2025 23:56:06 GMT+0100 (British Summer Time),CD07280219,Iconic Arabia from Dubai - 7Nights,7,XC,98,100,97,98,OK,0
Wed Oct 22 2025 23:56:06 GMT+0100 (British Summer Time),CD07280219,Iconic Arabia from Dubai - 7Nights,7,BA,56,60,56,56,OK,0
Wed Oct 22 2025 23:56:06 GMT+0100 (British Summer Time),CD07280219,Iconic Arabia from Dubai - 7Nights,7,IC,76,78,75,76,OK,0
Wed Oct 22 2025 23:56:06 GMT+0100 (British Summer Time),CD09260306,Abu Dhabi to Sharm El Sheik Discovery - 9Nights,9,SG,0,2,0,0, ,0
Wed Oct 22 2025 23:56:06 GMT+0100 (British Summer Time),CD09260306,Abu Dhabi to Sharm El Sheik Discovery - 9Nights,9,IC,0,78,0,0, ,0
Wed Oct 22 2025 23:56:06 GMT+0100 (British Summer Time),CD09260306,Abu Dhabi to Sharm El Sheik Discovery - 9Nights,9,XC,0,100,0,0, ,0
Wed Oct 22 2025 23:56:06 GMT+0100 (British Summer Time),CD09260306,Abu Dhabi to Sharm El Sheik Discovery - 9Nights,9,SH,0,2,0,0, ,0
Wed Oct 22 2025 23:56:06 GMT+0100 (British Summer Time),CD09260306,Abu Dhabi to Sharm El Sheik Discovery - 9Nights,9,XB,0,80,0,0, ,0
Wed Oct 22 2025 23:56:06 GMT+0100 (British Summer Time),CD09260306,Abu Dhabi to Sharm El Sheik Discovery - 9Nights,9,XA,0,28,0,0, ,0
Wed Oct 22 2025 23:56:06 GMT+0100 (British Summer Time),CD09260306,Abu Dhabi to Sharm El Sheik Discovery - 9Nights,9,SJB,0,25,0,0, ,0
Wed Oct 22 2025 23:56:06 GMT+0100 (British Summer Time),CD09260306,Abu Dhabi to Sharm El Sheik Discovery - 9Nights,9,IA,0,73,0,0, ,0
Wed Oct 22 2025 23:56:06 GMT+0100 (British Summer Time),CD09260306,Abu Dhabi to Sharm El Sheik Discovery - 9Nights,9,SJA,0,5,0,0, ,0
Wed Oct 22 2025 23:56:06 GMT+0100 (British Summer Time),CD09260306,Abu Dhabi to Sharm El Sheik Discovery - 9Nights,9,XBO,0,52,0,0, ,0
Wed Oct 22 2025 23:56:06 GMT+0100 (British Summer Time),CD09260306,Abu Dhabi to Sharm El Sheik Discovery - 9Nights,9,IB,0,77,0,0, ,0
Wed Oct 22 2025 23:56:06 GMT+0100 (British Summer Time),CD09260306,Abu Dhabi to Sharm El Sheik Discovery - 9Nights,9,XD,0,98,0,0, ,0
Wed Oct 22 2025 23:56:06 GMT+0100 (British Summer Time),CD09260306,Abu Dhabi to Sharm El Sheik Discovery - 9Nights,9,BA,0,60,0,0, ,0
Wed Oct 22 2025 23:56:06 GMT+0100 (British Summer Time),CD10251202,"Sharm El Sheikh-Abu Dhabi, 10Night",10,SG,0,2,0,0, ,0
Wed Oct 22 2025 23:56:06 GMT+0100 (British Summer Time),CD10251202,"Sharm El Sheikh-Abu Dhabi, 10Night",10,XD,0,98,0,0, ,0
Wed Oct 22 2025 23:56:06 GMT+0100 (British Summer Time),CD10251202,"Sharm El Sheikh-Abu Dhabi, 10Night",10,IB,0,77,0,0, ,0
Wed Oct 22 2025 23:56:06 GMT+0100 (British Summer Time),CD10251202,"Sharm El Sheikh-Abu Dhabi, 10Night",10,XBO,0,52,0,0, ,0
Wed Oct 22 2025 23:56:06 GMT+0100 (British Summer Time),CD10251202,"Sharm El Sheikh-Abu Dhabi, 10Night",10,SJA,0,5,0,0, ,0
Wed Oct 22 2025 23:56:06 GMT+0100 (British Summer Time),CD10251202,"Sharm El Sheikh-Abu Dhabi, 10Night",10,IA,0,73,0,0, ,0
Wed Oct 22 2025 23:56:06 GMT+0100 (British Summer Time),CD10251202,"Sharm El Sheikh-Abu Dhabi, 10Night",10,SJB,0,25,0,0, ,0
Wed Oct 22 2025 23:56:06 GMT+0100 (British Summer Time),CD10251202,"Sharm El Sheikh-Abu Dhabi, 10Night",10,XA,0,28,0,0, ,0
Wed Oct 22 2025 23:56:06 GMT+0100 (British Summer Time),CD10251202,"Sharm El Sheikh-Abu Dhabi, 10Night",10,XB,0,80,0,0, ,0
Wed Oct 22 2025 23:56:06 GMT+0100 (British Summer Time),CD10251202,"Sharm El Sheikh-Abu Dhabi, 10Night",10,SH,0,2,0,0, ,0
Wed Oct 22 2025 23:56:06 GMT+0100 (British Summer Time),CD10251202,"Sharm El Sheikh-Abu Dhabi, 10Night",10,XC,0,100,0,0, ,0
Wed Oct 22 2025 23:56:06 GMT+0100 (British Summer Time),CD10251202,"Sharm El Sheikh-Abu Dhabi, 10Night",10,BA,0,60,0,0, ,0
Wed Oct 22 2025 23:56:06 GMT+0100 (British Summer Time),CD10251202,"Sharm El Sheikh-Abu Dhabi, 10Night",10,IC,0,78,0,0, ,0
Wed Oct 22 2025 23:56:06 GMT+0100 (British Summer Time),CD13251129,"Kusadasi - Abu Dhabi, 13Night Cruise",13,SG,0,2,0,0, ,0
Wed Oct 22 2025 23:56:06 GMT+0100 (British Summer Time),CD13251129,"Kusadasi - Abu Dhabi, 13Night Cruise",13,XD,0,98,0,0, ,0
Wed Oct 22 2025 23:56:06 GMT+0100 (British Summer Time),CD13251129,"Kusadasi - Abu Dhabi, 13Night Cruise",13,IB,0,77,0,0, ,0
Wed Oct 22 2025 23:56:06 GMT+0100 (British Summer Time),CD13251129,"Kusadasi - Abu Dhabi, 13Night Cruise",13,XBO,0,52,0,0, ,0
Wed Oct 22 2025 23:56:06 GMT+0100 (British Summer Time),CD13251129,"Kusadasi - Abu Dhabi, 13Night Cruise",13,SJA,0,5,0,0, ,0
Wed Oct 22 2025 23:56:06 GMT+0100 (British Summer Time),CD13251129,"Kusadasi - Abu Dhabi, 13Night Cruise",13,IA,0,73,0,0, ,0
Wed Oct 22 2025 23:56:06 GMT+0100 (British Summer Time),CD13251129,"Kusadasi - Abu Dhabi, 13Night Cruise",13,SJB,0,25,0,0, ,0
Wed Oct 22 2025 23:56:06 GMT+0100 (British Summer Time),CD13251129,"Kusadasi - Abu Dhabi, 13Night Cruise",13,XA,0,28,0,0, ,0
Wed Oct 22 2025 23:56:06 GMT+0100 (British Summer Time),CD13251129,"Kusadasi - Abu Dhabi, 13Night Cruise",13,XB,0,80,0,0, ,0
Wed Oct 22 2025 23:56:06 GMT+0100 (British Summer Time),CD13251129,"Kusadasi - Abu Dhabi, 13Night Cruise",13,SH,0,2,0,0, ,0
Wed Oct 22 2025 23:56:06 GMT+0100 (British Summer Time),CD13251129,"Kusadasi - Abu Dhabi, 13Night Cruise",13,XC,0,100,0,0, ,0
Wed Oct 22 2025 23:56:06 GMT+0100 (British Summer Time),CD13251129,"Kusadasi - Abu Dhabi, 13Night Cruise",13,BA,0,60,0,0, ,0
Wed Oct 22 2025 23:56:06 GMT+0100 (British Summer Time),CD13251129,"Kusadasi - Abu Dhabi, 13Night Cruise",13,IC,0,78,0,0, ,0
Wed Oct 22 2025 23:56:06 GMT+0100 (British Summer Time),CD13260306,Abu Dhabi to Kusadasi Discovery -13Nights,13,XD,0,98,0,0, ,0
Wed Oct 22 2025 23:56:06 GMT+0100 (British Summer Time),CD13260306,Abu Dhabi to Kusadasi Discovery -13Nights,13,BA,0,60,0,0, ,0
Wed Oct 22 2025 23:56:06 GMT+0100 (British Summer Time),CD13260306,Abu Dhabi to Kusadasi Discovery -13Nights,13,XC,0,100,0,0, ,0
Wed Oct 22 2025 23:56:06 GMT+0100 (British Summer Time),CD13260306,Abu Dhabi to Kusadasi Discovery -13Nights,13,SH,0,2,0,0, ,0
Wed Oct 22 2025 23:56:06 GMT+0100 (British Summer Time),CD13260306,Abu Dhabi to Kusadasi Discovery -13Nights,13,XB,0,80,0,0, ,0
Wed Oct 22 2025 23:56:06 GMT+0100 (British Summer Time),CD13260306,Abu Dhabi to Kusadasi Discovery -13Nights,13,XA,0,28,0,0, ,0
Wed Oct 22 2025 23:56:06 GMT+0100 (British Summer Time),CD13260306,Abu Dhabi to Kusadasi Discovery -13Nights,13,SJB,0,25,0,0, ,0
Wed Oct 22 2025 23:56:06 GMT+0100 (British Summer Time),CD13260306,Abu Dhabi to Kusadasi Discovery -13Nights,13,IA,0,73,0,0, ,0
Wed Oct 22 2025 23:56:06 GMT+0100 (British Summer Time),CD13260306,Abu Dhabi to Kusadasi Discovery -13Nights,13,IC,0,78,0,0, ,0
Wed Oct 22 2025 23:56:06 GMT+0100 (British Summer Time),CD13260306,Abu Dhabi to Kusadasi Discovery -13Nights,13,SJA,0,5,0,0, ,0
Wed Oct 22 2025 23:56:06 GMT+0100 (British Summer Time),CD13260306,Abu Dhabi to Kusadasi Discovery -13Nights,13,XBO,0,52,0,0, ,0
Wed Oct 22 2025 23:56:06 GMT+0100 (British Summer Time),CD13260306,Abu Dhabi to Kusadasi Discovery -13Nights,13,IB,0,77,0,0, ,0
Wed Oct 22 2025 23:56:06 GMT+0100 (British Summer Time),CD13260306,Abu Dhabi to Kusadasi Discovery -13Nights,13,SG,0,2,0,0, ,0
Wed Oct 22 2025 23:56:06 GMT+0100 (British Summer Time),CD14251128,"Lavrio - Abu Dhabi, 14Night Cruise",14,XD,0,98,0,0, ,0
Wed Oct 22 2025 23:56:06 GMT+0100 (British Summer Time),CD14251128,"Lavrio - Abu Dhabi, 14Night Cruise",14,IB,0,77,0,0, ,0
Wed Oct 22 2025 23:56:06 GMT+0100 (British Summer Time),CD14251128,"Lavrio - Abu Dhabi, 14Night Cruise",14,XBO,0,52,0,0, ,0
Wed Oct 22 2025 23:56:06 GMT+0100 (British Summer Time),CD14251128,"Lavrio - Abu Dhabi, 14Night Cruise",14,SJA,0,5,0,0, ,0
Wed Oct 22 2025 23:56:06 GMT+0100 (British Summer Time),CD14251128,"Lavrio - Abu Dhabi, 14Night Cruise",14,IA,0,73,0,0, ,0
Wed Oct 22 2025 23:56:06 GMT+0100 (British Summer Time),CD14251128,"Lavrio - Abu Dhabi, 14Night Cruise",14,SJB,0,25,0,0, ,0
Wed Oct 22 2025 23:56:06 GMT+0100 (British Summer Time),CD14251128,"Lavrio - Abu Dhabi, 14Night Cruise",14,XA,0,28,0,0, ,0
Wed Oct 22 2025 23:56:06 GMT+0100 (British Summer Time),CD14251128,"Lavrio - Abu Dhabi, 14Night Cruise",14,XB,0,80,0,0, ,0
Wed Oct 22 2025 23:56:06 GMT+0100 (British Summer Time),CD14251128,"Lavrio - Abu Dhabi, 14Night Cruise",14,SH,0,2,0,0, ,0
Wed Oct 22 2025 23:56:06 GMT+0100 (British Summer Time),CD14251128,"Lavrio - Abu Dhabi, 14Night Cruise",14,XC,0,100,0,0, ,0
Wed Oct 22 2025 23:56:06 GMT+0100 (British Summer Time),CD14251128,"Lavrio - Abu Dhabi, 14Night Cruise",14,BA,0,60,0,0, ,0
Wed Oct 22 2025 23:56:06 GMT+0100 (British Summer Time),CD14251128,"Lavrio - Abu Dhabi, 14Night Cruise",14,IC,0,78,0,0, ,0
Wed Oct 22 2025 23:56:06 GMT+0100 (British Summer Time),CD14251128,"Lavrio - Abu Dhabi, 14Night Cruise",14,SG,0,2,0,0, ,0
Wed Oct 22 2025 23:56:06 GMT+0100 (British Summer Time),CD14260306,Amazing Abu Dhabi to Ancient Athens  Discovery -14Nights,14,SJA,0,5,0,0, ,0
Wed Oct 22 2025 23:56:06 GMT+0100 (British Summer Time),CD14260306,Amazing Abu Dhabi to Ancient Athens  Discovery -14Nights,14,IA,0,73,0,0, ,0
Wed Oct 22 2025 23:56:06 GMT+0100 (British Summer Time),CD14260306,Amazing Abu Dhabi to Ancient Athens  Discovery -14Nights,14,SJB,0,25,0,0, ,0
Wed Oct 22 2025 23:56:06 GMT+0100 (British Summer Time),CD14260306,Amazing Abu Dhabi to Ancient Athens  Discovery -14Nights,14,XA,0,28,0,0, ,0
Wed Oct 22 2025 23:56:06 GMT+0100 (British Summer Time),CD14260306,Amazing Abu Dhabi to Ancient Athens  Discovery -14Nights,14,XB,0,80,0,0, ,0
Wed Oct 22 2025 23:56:06 GMT+0100 (British Summer Time),CD14260306,Amazing Abu Dhabi to Ancient Athens  Discovery -14Nights,14,SH,0,2,0,0, ,0
Wed Oct 22 2025 23:56:06 GMT+0100 (British Summer Time),CD14260306,Amazing Abu Dhabi to Ancient Athens  Discovery -14Nights,14,XC,0,100,0,0, ,0
Wed Oct 22 2025 23:56:06 GMT+0100 (British Summer Time),CD14260306,Amazing Abu Dhabi to Ancient Athens  Discovery -14Nights,14,BA,0,60,0,0, ,0
Wed Oct 22 2025 23:56:06 GMT+0100 (British Summer Time),CD14260306,Amazing Abu Dhabi to Ancient Athens  Discovery -14Nights,14,IC,0,78,0,0, ,0
Wed Oct 22 2025 23:56:06 GMT+0100 (British Summer Time),CD14260306,Amazing Abu Dhabi to Ancient Athens  Discovery -14Nights,14,SG,0,2,0,0, ,0
Wed Oct 22 2025 23:56:06 GMT+0100 (British Summer Time),CD14260306,Amazing Abu Dhabi to Ancient Athens  Discovery -14Nights,14,XD,0,98,0,0, ,0
Wed Oct 22 2025 23:56:06 GMT+0100 (British Summer Time),CD14260306,Amazing Abu Dhabi to Ancient Athens  Discovery -14Nights,14,IB,0,77,0,0, ,0
Wed Oct 22 2025 23:56:06 GMT+0100 (British Summer Time),CD14260306,Amazing Abu Dhabi to Ancient Athens  Discovery -14Nights,14,XBO,0,52,0,0, ,0
Wed Oct 22 2025 23:56:06 GMT+0100 (British Summer Time),CD14270305,Amazing Abu Dhabi to Ancient Athens  Discovery -14Nights,14,IA,0,73,0,0, ,0
Wed Oct 22 2025 23:56:06 GMT+0100 (British Summer Time),CD14270305,Amazing Abu Dhabi to Ancient Athens  Discovery -14Nights,14,SJB,0,25,0,0, ,0
Wed Oct 22 2025 23:56:06 GMT+0100 (British Summer Time),CD14270305,Amazing Abu Dhabi to Ancient Athens  Discovery -14Nights,14,IB,0,77,0,0, ,0
Wed Oct 22 2025 23:56:06 GMT+0100 (British Summer Time),CD14270305,Amazing Abu Dhabi to Ancient Athens  Discovery -14Nights,14,XA,0,28,0,0, ,0
Wed Oct 22 2025 23:56:06 GMT+0100 (British Summer Time),CD14270305,Amazing Abu Dhabi to Ancient Athens  Discovery -14Nights,14,XB,0,80,0,0, ,0
Wed Oct 22 2025 23:56:06 GMT+0100 (British Summer Time),CD14270305,Amazing Abu Dhabi to Ancient Athens  Discovery -14Nights,14,SH,0,2,0,0, ,0
Wed Oct 22 2025 23:56:06 GMT+0100 (British Summer Time),CD14270305,Amazing Abu Dhabi to Ancient Athens  Discovery -14Nights,14,XC,0,100,0,0, ,0
Wed Oct 22 2025 23:56:06 GMT+0100 (British Summer Time),CD14270305,Amazing Abu Dhabi to Ancient Athens  Discovery -14Nights,14,BA,0,60,0,0, ,0
Wed Oct 22 2025 23:56:06 GMT+0100 (British Summer Time),CD14270305,Amazing Abu Dhabi to Ancient Athens  Discovery -14Nights,14,SG,0,2,0,0, ,0
Wed Oct 22 2025 23:56:06 GMT+0100 (British Summer Time),CD14270305,Amazing Abu Dhabi to Ancient Athens  Discovery -14Nights,14,XBO,0,52,0,0, ,0
Wed Oct 22 2025 23:56:06 GMT+0100 (British Summer Time),CD14270305,Amazing Abu Dhabi to Ancient Athens  Discovery -14Nights,14,SJA,0,5,0,0, ,0
Wed Oct 22 2025 23:56:06 GMT+0100 (British Summer Time),CD14270305,Amazing Abu Dhabi to Ancient Athens  Discovery -14Nights,14,IC,0,78,0,0, ,0
Wed Oct 22 2025 23:56:06 GMT+0100 (British Summer Time),CD14270305,Amazing Abu Dhabi to Ancient Athens  Discovery -14Nights,14,XD,0,98,0,0, ,0
Wed Oct 22 2025 23:56:06 GMT+0100 (British Summer Time),CD14271122,"Lavrio - Abu Dhabi, 14Night Cruise",14,SG,0,2,0,0, ,0
Wed Oct 22 2025 23:56:06 GMT+0100 (British Summer Time),CD14271122,"Lavrio - Abu Dhabi, 14Night Cruise",14,XD,0,98,0,0, ,0
Wed Oct 22 2025 23:56:06 GMT+0100 (British Summer Time),CD14271122,"Lavrio - Abu Dhabi, 14Night Cruise",14,IB,0,77,0,0, ,0
Wed Oct 22 2025 23:56:06 GMT+0100 (British Summer Time),CD14271122,"Lavrio - Abu Dhabi, 14Night Cruise",14,XBO,0,52,0,0, ,0
Wed Oct 22 2025 23:56:06 GMT+0100 (British Summer Time),CD14271122,"Lavrio - Abu Dhabi, 14Night Cruise",14,SJA,0,5,0,0, ,0
Wed Oct 22 2025 23:56:06 GMT+0100 (British Summer Time),CD14271122,"Lavrio - Abu Dhabi, 14Night Cruise",14,IA,0,73,0,0, ,0
Wed Oct 22 2025 23:56:06 GMT+0100 (British Summer Time),CD14271122,"Lavrio - Abu Dhabi, 14Night Cruise",14,SJB,0,25,0,0, ,0
Wed Oct 22 2025 23:56:06 GMT+0100 (British Summer Time),CD14271122,"Lavrio - Abu Dhabi, 14Night Cruise",14,XA,0,28,0,0, ,0
Wed Oct 22 2025 23:56:06 GMT+0100 (British Summer Time),CD14271122,"Lavrio - Abu Dhabi, 14Night Cruise",14,XB,0,80,0,0, ,0
Wed Oct 22 2025 23:56:06 GMT+0100 (British Summer Time),CD14271122,"Lavrio - Abu Dhabi, 14Night Cruise",14,SH,0,2,0,0, ,0
Wed Oct 22 2025 23:56:06 GMT+0100 (British Summer Time),CD14271122,"Lavrio - Abu Dhabi, 14Night Cruise",14,XC,0,100,0,0, ,0
Wed Oct 22 2025 23:56:06 GMT+0100 (British Summer Time),CD14271122,"Lavrio - Abu Dhabi, 14Night Cruise",14,BA,0,60,0,0, ,0
Wed Oct 22 2025 23:56:06 GMT+0100 (British Summer Time),CD14271122,"Lavrio - Abu Dhabi, 14Night Cruise",14,IC,0,78,0,0, ,0
Wed Oct 22 2025 23:56:06 GMT+0100 (British Summer Time),CJ04251122,"Piraeus - Sharm El Sheikh, 4Nights",4,IB,0,46,0,0, ,0
Wed Oct 22 2025 23:56:06 GMT+0100 (British Summer Time),CJ04251122,"Piraeus - Sharm El Sheikh, 4Nights",4,XB,0,104,0,0, ,0
Wed Oct 22 2025 23:56:06 GMT+0100 (British Summer Time),CJ04251122,"Piraeus - Sharm El Sheikh, 4Nights",4,XA,0,20,0,0, ,0
Wed Oct 22 2025 23:56:06 GMT+0100 (British Summer Time),CJ04251122,"Piraeus - Sharm El Sheikh, 4Nights",4,SJC,0,20,0,0, ,0
Wed Oct 22 2025 23:56:06 GMT+0100 (British Summer Time),CJ04251122,"Piraeus - Sharm El Sheikh, 4Nights",4,XBO,0,34,0,0, ,0
Wed Oct 22 2025 23:56:06 GMT+0100 (British Summer Time),CJ04251122,"Piraeus - Sharm El Sheikh, 4Nights",4,XC,0,98,0,0, ,0
Wed Oct 22 2025 23:56:06 GMT+0100 (British Summer Time),CJ04251122,"Piraeus - Sharm El Sheikh, 4Nights",4,SJB,0,76,0,0, ,0
Wed Oct 22 2025 23:56:06 GMT+0100 (British Summer Time),CJ04251122,"Piraeus - Sharm El Sheikh, 4Nights",4,SG,0,28,0,0, ,0
Wed Oct 22 2025 23:56:06 GMT+0100 (British Summer Time),CJ04251122,"Piraeus - Sharm El Sheikh, 4Nights",4,SP,0,1,0,0, ,0
Wed Oct 22 2025 23:56:06 GMT+0100 (British Summer Time),CJ04251122,"Piraeus - Sharm El Sheikh, 4Nights",4,SJA,0,24,0,0, ,0
Wed Oct 22 2025 23:56:06 GMT+0100 (British Summer Time),CJ04251122,"Piraeus - Sharm El Sheikh, 4Nights",4,IA,0,24,0,0, ,0
Wed Oct 22 2025 23:56:06 GMT+0100 (British Summer Time),CJ04251122,"Piraeus - Sharm El Sheikh, 4Nights",4,IC,0,59,0,0, ,0
Wed Oct 22 2025 23:56:06 GMT+0100 (British Summer Time),CJ04251122,"Piraeus - Sharm El Sheikh, 4Nights",4,XD,0,96,0,0, ,0
Wed Oct 22 2025 23:56:06 GMT+0100 (British Summer Time),CJ04251123,"Marmaris -Safaga, 4Nights",4,XB,65,104,65,65,OK,0
Wed Oct 22 2025 23:56:06 GMT+0100 (British Summer Time),CJ04251123,"Marmaris -Safaga, 4Nights",4,IB,28,46,28,28,OK,0
Wed Oct 22 2025 23:56:06 GMT+0100 (British Summer Time),CJ04251123,"Marmaris -Safaga, 4Nights",4,IC,37,59,37,37,OK,0
Wed Oct 22 2025 23:56:06 GMT+0100 (British Summer Time),CJ04251123,"Marmaris -Safaga, 4Nights",4,SJB,57,76,57,57,OK,0
Wed Oct 22 2025 23:56:06 GMT+0100 (British Summer Time),CJ04251123,"Marmaris -Safaga, 4Nights",4,XC,87,98,87,87,OK,0
Wed Oct 22 2025 23:56:06 GMT+0100 (British Summer Time),CJ04251123,"Marmaris -Safaga, 4Nights",4,XBO,24,34,24,24,OK,0
Wed Oct 22 2025 23:56:06 GMT+0100 (British Summer Time),CJ04251123,"Marmaris -Safaga, 4Nights",4,XD,77,96,77,77,OK,0
Wed Oct 22 2025 23:56:06 GMT+0100 (British Summer Time),CJ04251123,"Marmaris -Safaga, 4Nights",4,IA,8,24,8,8,OK,0
Wed Oct 22 2025 23:56:06 GMT+0100 (British Summer Time),CJ04251123,"Marmaris -Safaga, 4Nights",4,SJA,13,24,13,13,OK,0
Wed Oct 22 2025 23:56:06 GMT+0100 (British Summer Time),CJ04251123,"Marmaris -Safaga, 4Nights",4,SP,0,1,0,0, ,0
Wed Oct 22 2025 23:56:06 GMT+0100 (British Summer Time),CJ04251123,"Marmaris -Safaga, 4Nights",4,SG,24,28,24,24,OK,0
Wed Oct 22 2025 23:56:06 GMT+0100 (British Summer Time),CJ04251123,"Marmaris -Safaga, 4Nights",4,SJC,18,20,18,18,OK,0
Wed Oct 22 2025 23:56:06 GMT+0100 (British Summer Time),CJ04251123,"Marmaris -Safaga, 4Nights",4,XA,7,20,7,7,OK,0
Wed Oct 22 2025 23:56:06 GMT+0100 (British Summer Time),CJ05251122,"Piraeus - Safaga, 5Nights",5,SJC,18,20,18,18,OK,0
Wed Oct 22 2025 23:56:06 GMT+0100 (British Summer Time),CJ05251122,"Piraeus - Safaga, 5Nights",5,XD,77,96,77,77,OK,0
Wed Oct 22 2025 23:56:06 GMT+0100 (British Summer Time),CJ05251122,"Piraeus - Safaga, 5Nights",5,XBO,24,34,24,24,OK,0
Wed Oct 22 2025 23:56:06 GMT+0100 (British Summer Time),CJ05251122,"Piraeus - Safaga, 5Nights",5,XC,87,98,87,87,OK,0
Wed Oct 22 2025 23:56:06 GMT+0100 (British Summer Time),CJ05251122,"Piraeus - Safaga, 5Nights",5,SJB,57,76,57,57,OK,0
Wed Oct 22 2025 23:56:06 GMT+0100 (British Summer Time),CJ05251122,"Piraeus - Safaga, 5Nights",5,SG,24,28,24,24,OK,0
Wed Oct 22 2025 23:56:06 GMT+0100 (British Summer Time),CJ05251122,"Piraeus - Safaga, 5Nights",5,SP,0,1,0,0, ,0
Wed Oct 22 2025 23:56:06 GMT+0100 (British Summer Time),CJ05251122,"Piraeus - Safaga, 5Nights",5,SJA,13,24,13,13,OK,0
Wed Oct 22 2025 23:56:06 GMT+0100 (British Summer Time),CJ05251122,"Piraeus - Safaga, 5Nights",5,IA,8,24,8,8,OK,0
Wed Oct 22 2025 23:56:06 GMT+0100 (British Summer Time),CJ05251122,"Piraeus - Safaga, 5Nights",5,IC,37,59,37,37,OK,0
Wed Oct 22 2025 23:56:06 GMT+0100 (British Summer Time),CJ05251122,"Piraeus - Safaga, 5Nights",5,IB,28,46,28,28,OK,0
Wed Oct 22 2025 23:56:06 GMT+0100 (British Summer Time),CJ05251122,"Piraeus - Safaga, 5Nights",5,XB,65,104,65,65,OK,0
Wed Oct 22 2025 23:56:06 GMT+0100 (British Summer Time),CJ05251122,"Piraeus - Safaga, 5Nights",5,XA,7,20,7,7,OK,0
Wed Oct 22 2025 23:56:06 GMT+0100 (British Summer Time),CJ05251206,"Desert Days, 5Night Cruise",5,SJC,20,20,20,20,OK,0
Wed Oct 22 2025 23:56:06 GMT+0100 (British Summer Time),CJ05251206,"Desert Days, 5Night Cruise",5,SG,14,28,14,14,OK,0
Wed Oct 22 2025 23:56:06 GMT+0100 (British Summer Time),CJ05251206,"Desert Days, 5Night Cruise",5,SP,0,1,0,0, ,0
Wed Oct 22 2025 23:56:06 GMT+0100 (British Summer Time),CJ05251206,"Desert Days, 5Night Cruise",5,SJA,15,24,15,15,OK,0
Wed Oct 22 2025 23:56:06 GMT+0100 (British Summer Time),CJ05251206,"Desert Days, 5Night Cruise",5,IA,0,24,0,0, ,0
Wed Oct 22 2025 23:56:06 GMT+0100 (British Summer Time),CJ05251206,"Desert Days, 5Night Cruise",5,IC,2,59,2,2,OK,5
Wed Oct 22 2025 23:56:06 GMT+0100 (British Summer Time),CJ05251206,"Desert Days, 5Night Cruise",5,XD,76,96,76,76,OK,0
Wed Oct 22 2025 23:56:06 GMT+0100 (British Summer Time),CJ05251206,"Desert Days, 5Night Cruise",5,IB,0,46,0,0,GTY,5
Wed Oct 22 2025 23:56:06 GMT+0100 (British Summer Time),CJ05251206,"Desert Days, 5Night Cruise",5,XBO,13,34,13,13,OK,0
Wed Oct 22 2025 23:56:06 GMT+0100 (British Summer Time),CJ05251206,"Desert Days, 5Night Cruise",5,XC,69,98,69,69,OK,0
Wed Oct 22 2025 23:56:06 GMT+0100 (British Summer Time),CJ05251206,"Desert Days, 5Night Cruise",5,SJB,44,76,44,44,OK,0
Wed Oct 22 2025 23:56:06 GMT+0100 (British Summer Time),CJ05251206,"Desert Days, 5Night Cruise",5,XB,62,104,62,62,OK,0
Wed Oct 22 2025 23:56:06 GMT+0100 (British Summer Time),CJ05251206,"Desert Days, 5Night Cruise",5,XA,0,20,0,0,GTY,20
Wed Oct 22 2025 23:56:06 GMT+0100 (British Summer Time),CJ05260330,Journey from Sharm El Sheik to Athens - 5Nights,5,IB,0,46,0,0, ,0
Wed Oct 22 2025 23:56:06 GMT+0100 (British Summer Time),CJ05260330,Journey from Sharm El Sheik to Athens - 5Nights,5,XD,0,96,0,0, ,0
Wed Oct 22 2025 23:56:06 GMT+0100 (British Summer Time),CJ05260330,Journey from Sharm El Sheik to Athens - 5Nights,5,XB,0,104,0,0, ,0
Wed Oct 22 2025 23:56:06 GMT+0100 (British Summer Time),CJ05260330,Journey from Sharm El Sheik to Athens - 5Nights,5,XA,0,20,0,0, ,0
Wed Oct 22 2025 23:56:06 GMT+0100 (British Summer Time),CJ05260330,Journey from Sharm El Sheik to Athens - 5Nights,5,SJC,0,20,0,0, ,0
Wed Oct 22 2025 23:56:06 GMT+0100 (British Summer Time),CJ05260330,Journey from Sharm El Sheik to Athens - 5Nights,5,XBO,0,34,0,0, ,0
Wed Oct 22 2025 23:56:06 GMT+0100 (British Summer Time),CJ05260330,Journey from Sharm El Sheik to Athens - 5Nights,5,XC,0,98,0,0, ,0
Wed Oct 22 2025 23:56:06 GMT+0100 (British Summer Time),CJ05260330,Journey from Sharm El Sheik to Athens - 5Nights,5,SJB,0,76,0,0, ,0
Wed Oct 22 2025 23:56:06 GMT+0100 (British Summer Time),CJ05260330,Journey from Sharm El Sheik to Athens - 5Nights,5,SG,0,28,0,0, ,0
Wed Oct 22 2025 23:56:06 GMT+0100 (British Summer Time),CJ05260330,Journey from Sharm El Sheik to Athens - 5Nights,5,SP,0,1,0,0, ,0
Wed Oct 22 2025 23:56:06 GMT+0100 (British Summer Time),CJ05260330,Journey from Sharm El Sheik to Athens - 5Nights,5,SJA,0,24,0,0, ,0
Wed Oct 22 2025 23:56:06 GMT+0100 (British Summer Time),CJ05260330,Journey from Sharm El Sheik to Athens - 5Nights,5,IA,0,24,0,0, ,0
Wed Oct 22 2025 23:56:06 GMT+0100 (British Summer Time),CJ05260330,Journey from Sharm El Sheik to Athens - 5Nights,5,IC,0,59,0,0, ,0
Wed Oct 22 2025 23:56:06 GMT+0100 (British Summer Time),CJ05300326,Journey from Sharm El Sheik to Athens - 5Nights,5,XD,0,96,0,0, ,0
Wed Oct 22 2025 23:56:06 GMT+0100 (British Summer Time),CJ05300326,Journey from Sharm El Sheik to Athens - 5Nights,5,XB,0,104,0,0, ,0
Wed Oct 22 2025 23:56:06 GMT+0100 (British Summer Time),CJ05300326,Journey from Sharm El Sheik to Athens - 5Nights,5,XA,0,20,0,0, ,0
Wed Oct 22 2025 23:56:06 GMT+0100 (British Summer Time),CJ05300326,Journey from Sharm El Sheik to Athens - 5Nights,5,SJC,0,20,0,0, ,0
Wed Oct 22 2025 23:56:06 GMT+0100 (British Summer Time),CJ05300326,Journey from Sharm El Sheik to Athens - 5Nights,5,XBO,0,34,0,0, ,0
Wed Oct 22 2025 23:56:06 GMT+0100 (British Summer Time),CJ05300326,Journey from Sharm El Sheik to Athens - 5Nights,5,XC,0,98,0,0, ,0
Wed Oct 22 2025 23:56:06 GMT+0100 (British Summer Time),CJ05300326,Journey from Sharm El Sheik to Athens - 5Nights,5,SJB,0,76,0,0, ,0
Wed Oct 22 2025 23:56:06 GMT+0100 (British Summer Time),CJ05300326,Journey from Sharm El Sheik to Athens - 5Nights,5,SG,0,28,0,0, ,0
Wed Oct 22 2025 23:56:06 GMT+0100 (British Summer Time),CJ05300326,Journey from Sharm El Sheik to Athens - 5Nights,5,SP,0,1,0,0, ,0
Wed Oct 22 2025 23:56:06 GMT+0100 (British Summer Time),CJ05300326,Journey from Sharm El Sheik to Athens - 5Nights,5,SJA,0,24,0,0, ,0
Wed Oct 22 2025 23:56:06 GMT+0100 (British Summer Time),CJ05300326,Journey from Sharm El Sheik to Athens - 5Nights,5,IA,0,24,0,0, ,0
Wed Oct 22 2025 23:56:06 GMT+0100 (British Summer Time),CJ05300326,Journey from Sharm El Sheik to Athens - 5Nights,5,IB,0,46,0,0, ,0
Wed Oct 22 2025 23:56:06 GMT+0100 (British Summer Time),CJ05300326,Journey from Sharm El Sheik to Athens - 5Nights,5,IC,0,59,0,0, ,0
Wed Oct 22 2025 23:56:06 GMT+0100 (British Summer Time),CJ06251123,"Marmaris - Jeddah, 6Nights",6,IB,28,46,28,28,OK,0
Wed Oct 22 2025 23:56:06 GMT+0100 (British Summer Time),CJ06251123,"Marmaris - Jeddah, 6Nights",6,XB,65,104,65,65,OK,0
Wed Oct 22 2025 23:56:06 GMT+0100 (British Summer Time),CJ06251123,"Marmaris - Jeddah, 6Nights",6,XA,7,20,7,7,OK,0
Wed Oct 22 2025 23:56:06 GMT+0100 (British Summer Time),CJ06251123,"Marmaris - Jeddah, 6Nights",6,SJC,18,20,18,18,OK,0
Wed Oct 22 2025 23:56:06 GMT+0100 (British Summer Time),CJ06251123,"Marmaris - Jeddah, 6Nights",6,XBO,24,34,24,24,OK,0
Wed Oct 22 2025 23:56:06 GMT+0100 (British Summer Time),CJ06251123,"Marmaris - Jeddah, 6Nights",6,XC,87,98,87,87,OK,0
Wed Oct 22 2025 23:56:06 GMT+0100 (British Summer Time),CJ06251123,"Marmaris - Jeddah, 6Nights",6,SJB,57,76,57,57,OK,0
Wed Oct 22 2025 23:56:06 GMT+0100 (British Summer Time),CJ06251123,"Marmaris - Jeddah, 6Nights",6,SG,24,28,24,24,OK,0
Wed Oct 22 2025 23:56:06 GMT+0100 (British Summer Time),CJ06251123,"Marmaris - Jeddah, 6Nights",6,SP,0,1,0,0, ,0
Wed Oct 22 2025 23:56:06 GMT+0100 (British Summer Time),CJ06251123,"Marmaris - Jeddah, 6Nights",6,SJA,13,24,13,13,OK,0
Wed Oct 22 2025 23:56:06 GMT+0100 (British Summer Time),CJ06251123,"Marmaris - Jeddah, 6Nights",6,IA,8,24,8,8,OK,0
Wed Oct 22 2025 23:56:06 GMT+0100 (British Summer Time),CJ06251123,"Marmaris - Jeddah, 6Nights",6,IC,37,59,37,37,OK,0
Wed Oct 22 2025 23:56:06 GMT+0100 (British Summer Time),CJ06251123,"Marmaris - Jeddah, 6Nights",6,XD,77,96,77,77,OK,0
Wed Oct 22 2025 23:56:06 GMT+0100 (British Summer Time),CJ07250412,"Heavenly Greece,Italy and Croatia - 7Nights",7,IB,2,46,2,2,OK,0
Wed Oct 22 2025 23:56:06 GMT+0100 (British Summer Time),CJ07250412,"Heavenly Greece,Italy and Croatia - 7Nights",7,XB,7,104,7,7,OK,0
Wed Oct 22 2025 23:56:06 GMT+0100 (British Summer Time),CJ07250412,"Heavenly Greece,Italy and Croatia - 7Nights",7,XA,0,20,0,0, ,0
Wed Oct 22 2025 23:56:06 GMT+0100 (British Summer Time),CJ07250412,"Heavenly Greece,Italy and Croatia - 7Nights",7,SJC,19,20,19,19,OK,0
Wed Oct 22 2025 23:56:06 GMT+0100 (British Summer Time),CJ07250412,"Heavenly Greece,Italy and Croatia - 7Nights",7,XBO,2,34,2,2,OK,0
Wed Oct 22 2025 23:56:06 GMT+0100 (British Summer Time),CJ07250412,"Heavenly Greece,Italy and Croatia - 7Nights",7,XC,1,98,1,1,OK,0
Wed Oct 22 2025 23:56:06 GMT+0100 (British Summer Time),CJ07250412,"Heavenly Greece,Italy and Croatia - 7Nights",7,SJB,32,76,32,32,OK,0
Wed Oct 22 2025 23:56:06 GMT+0100 (British Summer Time),CJ07250412,"Heavenly Greece,Italy and Croatia - 7Nights",7,SG,11,28,11,11,OK,0
Wed Oct 22 2025 23:56:06 GMT+0100 (British Summer Time),CJ07250412,"Heavenly Greece,Italy and Croatia - 7Nights",7,SP,0,1,0,0, ,0
Wed Oct 22 2025 23:56:06 GMT+0100 (British Summer Time),CJ07250412,"Heavenly Greece,Italy and Croatia - 7Nights",7,SJA,1,24,1,1,OK,0
Wed Oct 22 2025 23:56:06 GMT+0100 (British Summer Time),CJ07250412,"Heavenly Greece,Italy and Croatia - 7Nights",7,IA,0,24,0,0, ,0
Wed Oct 22 2025 23:56:06 GMT+0100 (British Summer Time),CJ07250412,"Heavenly Greece,Italy and Croatia - 7Nights",7,IC,1,59,1,1,OK,0
Wed Oct 22 2025 23:56:06 GMT+0100 (British Summer Time),CJ07250412,"Heavenly Greece,Italy and Croatia - 7Nights",7,XD,5,96,5,5,OK,0
Wed Oct 22 2025 23:56:06 GMT+0100 (British Summer Time),CJ07250503,"Heavenly Greece,Italy and Croatia - 7Nights",7,IC,0,59,0,0, ,0
Wed Oct 22 2025 23:56:06 GMT+0100 (British Summer Time),CJ07250503,"Heavenly Greece,Italy and Croatia - 7Nights",7,IA,0,24,0,0, ,0
Wed Oct 22 2025 23:56:06 GMT+0100 (British Summer Time),CJ07250503,"Heavenly Greece,Italy and Croatia - 7Nights",7,SJA,0,24,0,0, ,0
Wed Oct 22 2025 23:56:06 GMT+0100 (British Summer Time),CJ07250503,"Heavenly Greece,Italy and Croatia - 7Nights",7,SP,0,1,0,0, ,0
Wed Oct 22 2025 23:56:06 GMT+0100 (British Summer Time),CJ07250503,"Heavenly Greece,Italy and Croatia - 7Nights",7,SG,0,28,0,0, ,0
Wed Oct 22 2025 23:56:06 GMT+0100 (British Summer Time),CJ07250503,"Heavenly Greece,Italy and Croatia - 7Nights",7,SJB,0,76,0,0, ,0
Wed Oct 22 2025 23:56:06 GMT+0100 (British Summer Time),CJ07250503,"Heavenly Greece,Italy and Croatia - 7Nights",7,XC,0,98,0,0, ,0
Wed Oct 22 2025 23:56:06 GMT+0100 (British Summer Time),CJ07250503,"Heavenly Greece,Italy and Croatia - 7Nights",7,XBO,0,34,0,0, ,0
Wed Oct 22 2025 23:56:06 GMT+0100 (British Summer Time),CJ07250503,"Heavenly Greece,Italy and Croatia - 7Nights",7,SJC,0,20,0,0, ,0
Wed Oct 22 2025 23:56:06 GMT+0100 (British Summer Time),CJ07250503,"Heavenly Greece,Italy and Croatia - 7Nights",7,XA,0,20,0,0, ,0
Wed Oct 22 2025 23:56:06 GMT+0100 (British Summer Time),CJ07250503,"Heavenly Greece,Italy and Croatia - 7Nights",7,XB,0,104,0,0, ,0
Wed Oct 22 2025 23:56:06 GMT+0100 (British Summer Time),CJ07250503,"Heavenly Greece,Italy and Croatia - 7Nights",7,IB,0,46,0,0, ,0
Wed Oct 22 2025 23:56:06 GMT+0100 (British Summer Time),CJ07250503,"Heavenly Greece,Italy and Croatia - 7Nights",7,XD,0,96,0,0, ,0
Wed Oct 22 2025 23:56:06 GMT+0100 (British Summer Time),CJ07250510,"Heavenly Greece,Italy and Croatia - 7Nights",7,XD,0,96,0,0, ,0
Wed Oct 22 2025 23:56:06 GMT+0100 (British Summer Time),CJ07250510,"Heavenly Greece,Italy and Croatia - 7Nights",7,XB,0,104,0,0, ,0
Wed Oct 22 2025 23:56:06 GMT+0100 (British Summer Time),CJ07250510,"Heavenly Greece,Italy and Croatia - 7Nights",7,XA,0,20,0,0, ,0
Wed Oct 22 2025 23:56:06 GMT+0100 (British Summer Time),CJ07250510,"Heavenly Greece,Italy and Croatia - 7Nights",7,SJC,0,20,0,0, ,0
Wed Oct 22 2025 23:56:06 GMT+0100 (British Summer Time),CJ07250510,"Heavenly Greece,Italy and Croatia - 7Nights",7,XBO,0,34,0,0, ,0
Wed Oct 22 2025 23:56:06 GMT+0100 (British Summer Time),CJ07250510,"Heavenly Greece,Italy and Croatia - 7Nights",7,XC,0,98,0,0, ,0
Wed Oct 22 2025 23:56:06 GMT+0100 (British Summer Time),CJ07250510,"Heavenly Greece,Italy and Croatia - 7Nights",7,SJB,0,76,0,0, ,0
Wed Oct 22 2025 23:56:06 GMT+0100 (British Summer Time),CJ07250510,"Heavenly Greece,Italy and Croatia - 7Nights",7,SG,0,28,0,0, ,0
Wed Oct 22 2025 23:56:06 GMT+0100 (British Summer Time),CJ07250510,"Heavenly Greece,Italy and Croatia - 7Nights",7,SP,0,1,0,0, ,0
Wed Oct 22 2025 23:56:06 GMT+0100 (British Summer Time),CJ07250510,"Heavenly Greece,Italy and Croatia - 7Nights",7,SJA,0,24,0,0, ,0
Wed Oct 22 2025 23:56:06 GMT+0100 (British Summer Time),CJ07250510,"Heavenly Greece,Italy and Croatia - 7Nights",7,IA,0,24,0,0, ,0
Wed Oct 22 2025 23:56:06 GMT+0100 (British Summer Time),CJ07250510,"Heavenly Greece,Italy and Croatia - 7Nights",7,IB,0,46,0,0, ,0
Wed Oct 22 2025 23:56:06 GMT+0100 (British Summer Time),CJ07250510,"Heavenly Greece,Italy and Croatia - 7Nights",7,IC,0,59,0,0, ,0
Wed Oct 22 2025 23:56:06 GMT+0100 (British Summer Time),CJ07250517,Idyllic Greece 2025 -7Nights,7,XD,0,96,0,0, ,0
Wed Oct 22 2025 23:56:06 GMT+0100 (British Summer Time),CJ07250517,Idyllic Greece 2025 -7Nights,7,IB,0,46,0,0, ,0
Wed Oct 22 2025 23:56:06 GMT+0100 (British Summer Time),CJ07250517,Idyllic Greece 2025 -7Nights,7,XB,0,104,0,0, ,0
Wed Oct 22 2025 23:56:06 GMT+0100 (British Summer Time),CJ07250517,Idyllic Greece 2025 -7Nights,7,XA,0,20,0,0, ,0
Wed Oct 22 2025 23:56:06 GMT+0100 (British Summer Time),CJ07250517,Idyllic Greece 2025 -7Nights,7,SJC,0,20,0,0, ,0
Wed Oct 22 2025 23:56:06 GMT+0100 (British Summer Time),CJ07250517,Idyllic Greece 2025 -7Nights,7,IC,0,59,0,0, ,0
Wed Oct 22 2025 23:56:06 GMT+0100 (British Summer Time),CJ07250517,Idyllic Greece 2025 -7Nights,7,IA,0,24,0,0, ,0
Wed Oct 22 2025 23:56:06 GMT+0100 (British Summer Time),CJ07250517,Idyllic Greece 2025 -7Nights,7,SJA,0,24,0,0, ,0
Wed Oct 22 2025 23:56:06 GMT+0100 (British Summer Time),CJ07250517,Idyllic Greece 2025 -7Nights,7,SP,0,1,0,0, ,0
Wed Oct 22 2025 23:56:06 GMT+0100 (British Summer Time),CJ07250517,Idyllic Greece 2025 -7Nights,7,SG,0,28,0,0, ,0
Wed Oct 22 2025 23:56:06 GMT+0100 (British Summer Time),CJ07250517,Idyllic Greece 2025 -7Nights,7,SJB,0,76,0,0, ,0
Wed Oct 22 2025 23:56:06 GMT+0100 (British Summer Time),CJ07250517,Idyllic Greece 2025 -7Nights,7,XC,0,98,0,0, ,0
Wed Oct 22 2025 23:56:06 GMT+0100 (British Summer Time),CJ07250517,Idyllic Greece 2025 -7Nights,7,XBO,0,34,0,0, ,0
Wed Oct 22 2025 23:56:06 GMT+0100 (British Summer Time),CJ07250518,Idyllic Greece 2025 -7Nights,7,IC,0,59,0,0, ,0
Wed Oct 22 2025 23:56:06 GMT+0100 (British Summer Time),CJ07250518,Idyllic Greece 2025 -7Nights,7,IA,0,24,0,0, ,0
Wed Oct 22 2025 23:56:06 GMT+0100 (British Summer Time),CJ07250518,Idyllic Greece 2025 -7Nights,7,SJA,0,24,0,0, ,0
Wed Oct 22 2025 23:56:06 GMT+0100 (British Summer Time),CJ07250518,Idyllic Greece 2025 -7Nights,7,SP,0,1,0,0, ,0
Wed Oct 22 2025 23:56:06 GMT+0100 (British Summer Time),CJ07250518,Idyllic Greece 2025 -7Nights,7,SG,0,28,0,0, ,0
Wed Oct 22 2025 23:56:06 GMT+0100 (British Summer Time),CJ07250518,Idyllic Greece 2025 -7Nights,7,SJB,0,76,0,0, ,0
Wed Oct 22 2025 23:56:06 GMT+0100 (British Summer Time),CJ07250518,Idyllic Greece 2025 -7Nights,7,XC,0,98,0,0, ,0
Wed Oct 22 2025 23:56:06 GMT+0100 (British Summer Time),CJ07250518,Idyllic Greece 2025 -7Nights,7,XBO,0,34,0,0, ,0
Wed Oct 22 2025 23:56:06 GMT+0100 (British Summer Time),CJ07250518,Idyllic Greece 2025 -7Nights,7,SJC,0,20,0,0, ,0
Wed Oct 22 2025 23:56:06 GMT+0100 (British Summer Time),CJ07250518,Idyllic Greece 2025 -7Nights,7,XA,0,20,0,0, ,0
Wed Oct 22 2025 23:56:06 GMT+0100 (British Summer Time),CJ07250518,Idyllic Greece 2025 -7Nights,7,XB,0,104,0,0, ,0
Wed Oct 22 2025 23:56:06 GMT+0100 (British Summer Time),CJ07250518,Idyllic Greece 2025 -7Nights,7,IB,0,46,0,0, ,0
Wed Oct 22 2025 23:56:06 GMT+0100 (British Summer Time),CJ07250518,Idyllic Greece 2025 -7Nights,7,XD,0,96,0,0, ,0
Wed Oct 22 2025 23:56:06 GMT+0100 (British Summer Time),CJ07250524,Idyllic Greece 2025 -7Nights,7,XD,0,96,0,0, ,0
Wed Oct 22 2025 23:56:06 GMT+0100 (British Summer Time),CJ07250524,Idyllic Greece 2025 -7Nights,7,IC,0,59,0,0, ,0
Wed Oct 22 2025 23:56:06 GMT+0100 (British Summer Time),CJ07250524,Idyllic Greece 2025 -7Nights,7,IA,0,24,0,0, ,0
Wed Oct 22 2025 23:56:06 GMT+0100 (British Summer Time),CJ07250524,Idyllic Greece 2025 -7Nights,7,SJA,0,24,0,0, ,0
Wed Oct 22 2025 23:56:06 GMT+0100 (British Summer Time),CJ07250524,Idyllic Greece 2025 -7Nights,7,SP,0,1,0,0, ,0
Wed Oct 22 2025 23:56:06 GMT+0100 (British Summer Time),CJ07250524,Idyllic Greece 2025 -7Nights,7,SG,0,28,0,0, ,0
Wed Oct 22 2025 23:56:06 GMT+0100 (British Summer Time),CJ07250524,Idyllic Greece 2025 -7Nights,7,SJB,0,76,0,0, ,0
Wed Oct 22 2025 23:56:06 GMT+0100 (British Summer Time),CJ07250524,Idyllic Greece 2025 -7Nights,7,XC,0,98,0,0, ,0
Wed Oct 22 2025 23:56:06 GMT+0100 (British Summer Time),CJ07250524,Idyllic Greece 2025 -7Nights,7,XBO,0,34,0,0, ,0
Wed Oct 22 2025 23:56:06 GMT+0100 (British Summer Time),CJ07250524,Idyllic Greece 2025 -7Nights,7,SJC,0,20,0,0, ,0
Wed Oct 22 2025 23:56:06 GMT+0100 (British Summer Time),CJ07250524,Idyllic Greece 2025 -7Nights,7,XA,0,20,0,0, ,0
Wed Oct 22 2025 23:56:06 GMT+0100 (British Summer Time),CJ07250524,Idyllic Greece 2025 -7Nights,7,XB,0,104,0,0, ,0
Wed Oct 22 2025 23:56:06 GMT+0100 (British Summer Time),CJ07250524,Idyllic Greece 2025 -7Nights,7,IB,0,46,0,0, ,0
Wed Oct 22 2025 23:56:06 GMT+0100 (British Summer Time),CJ07250525,Idyllic Greece 2025 -7Nights,7,IB,0,46,0,0, ,0
Wed Oct 22 2025 23:56:06 GMT+0100 (British Summer Time),CJ07250525,Idyllic Greece 2025 -7Nights,7,XB,0,104,0,0, ,0
Wed Oct 22 2025 23:56:06 GMT+0100 (British Summer Time),CJ07250525,Idyllic Greece 2025 -7Nights,7,XA,0,20,0,0, ,0
Wed Oct 22 2025 23:56:06 GMT+0100 (British Summer Time),CJ07250525,Idyllic Greece 2025 -7Nights,7,SJC,0,20,0,0, ,0
Wed Oct 22 2025 23:56:06 GMT+0100 (British Summer Time),CJ07250525,Idyllic Greece 2025 -7Nights,7,XBO,0,34,0,0, ,0
Wed Oct 22 2025 23:56:06 GMT+0100 (British Summer Time),CJ07250525,Idyllic Greece 2025 -7Nights,7,XC,0,98,0,0, ,0
Wed Oct 22 2025 23:56:06 GMT+0100 (British Summer Time),CJ07250525,Idyllic Greece 2025 -7Nights,7,XD,0,96,0,0, ,0
Wed Oct 22 2025 23:56:06 GMT+0100 (British Summer Time),CJ07250525,Idyllic Greece 2025 -7Nights,7,SJB,0,76,0,0, ,0
Wed Oct 22 2025 23:56:06 GMT+0100 (British Summer Time),CJ07250525,Idyllic Greece 2025 -7Nights,7,SG,0,28,0,0, ,0
Wed Oct 22 2025 23:56:06 GMT+0100 (British Summer Time),CJ07250525,Idyllic Greece 2025 -7Nights,7,SP,0,1,0,0, ,0
Wed Oct 22 2025 23:56:06 GMT+0100 (British Summer Time),CJ07250525,Idyllic Greece 2025 -7Nights,7,SJA,0,24,0,0, ,0
Wed Oct 22 2025 23:56:06 GMT+0100 (British Summer Time),CJ07250525,Idyllic Greece 2025 -7Nights,7,IA,0,24,0,0, ,0
Wed Oct 22 2025 23:56:06 GMT+0100 (British Summer Time),CJ07250525,Idyllic Greece 2025 -7Nights,7,IC,0,59,0,0, ,0
Wed Oct 22 2025 23:56:06 GMT+0100 (British Summer Time),CJ07250526,Idyllic Greece 2025 -7Nights,7,IB,0,46,0,0, ,0
Wed Oct 22 2025 23:56:06 GMT+0100 (British Summer Time),CJ07250526,Idyllic Greece 2025 -7Nights,7,XB,0,104,0,0, ,0
Wed Oct 22 2025 23:56:06 GMT+0100 (British Summer Time),CJ07250526,Idyllic Greece 2025 -7Nights,7,XA,0,20,0,0, ,0
Wed Oct 22 2025 23:56:06 GMT+0100 (British Summer Time),CJ07250526,Idyllic Greece 2025 -7Nights,7,SJC,0,20,0,0, ,0
Wed Oct 22 2025 23:56:06 GMT+0100 (British Summer Time),CJ07250526,Idyllic Greece 2025 -7Nights,7,XBO,0,34,0,0, ,0
Wed Oct 22 2025 23:56:06 GMT+0100 (British Summer Time),CJ07250526,Idyllic Greece 2025 -7Nights,7,XC,0,98,0,0, ,0
Wed Oct 22 2025 23:56:06 GMT+0100 (British Summer Time),CJ07250526,Idyllic Greece 2025 -7Nights,7,SJB,0,76,0,0, ,0
Wed Oct 22 2025 23:56:06 GMT+0100 (British Summer Time),CJ07250526,Idyllic Greece 2025 -7Nights,7,SG,0,28,0,0, ,0
Wed Oct 22 2025 23:56:06 GMT+0100 (British Summer Time),CJ07250526,Idyllic Greece 2025 -7Nights,7,SP,0,1,0,0, ,0
Wed Oct 22 2025 23:56:06 GMT+0100 (British Summer Time),CJ07250526,Idyllic Greece 2025 -7Nights,7,SJA,0,24,0,0, ,0
Wed Oct 22 2025 23:56:06 GMT+0100 (British Summer Time),CJ07250526,Idyllic Greece 2025 -7Nights,7,IA,0,24,0,0, ,0
Wed Oct 22 2025 23:56:06 GMT+0100 (British Summer Time),CJ07250526,Idyllic Greece 2025 -7Nights,7,IC,0,59,0,0, ,0
Wed Oct 22 2025 23:56:06 GMT+0100 (British Summer Time),CJ07250526,Idyllic Greece 2025 -7Nights,7,XD,0,96,0,0, ,0
Wed Oct 22 2025 23:56:06 GMT+0100 (British Summer Time),CJ07250531,Idyllic Greece 2025 -7Nights,7,IB,0,46,0,0, ,0
Wed Oct 22 2025 23:56:06 GMT+0100 (British Summer Time),CJ07250531,Idyllic Greece 2025 -7Nights,7,XB,0,104,0,0, ,0
Wed Oct 22 2025 23:56:06 GMT+0100 (British Summer Time),CJ07250531,Idyllic Greece 2025 -7Nights,7,XA,0,20,0,0, ,0
Wed Oct 22 2025 23:56:06 GMT+0100 (British Summer Time),CJ07250531,Idyllic Greece 2025 -7Nights,7,SJC,0,20,0,0, ,0
Wed Oct 22 2025 23:56:06 GMT+0100 (British Summer Time),CJ07250531,Idyllic Greece 2025 -7Nights,7,XBO,0,34,0,0, ,0
Wed Oct 22 2025 23:56:06 GMT+0100 (British Summer Time),CJ07250531,Idyllic Greece 2025 -7Nights,7,XC,0,98,0,0, ,0
Wed Oct 22 2025 23:56:06 GMT+0100 (British Summer Time),CJ07250531,Idyllic Greece 2025 -7Nights,7,SJB,0,76,0,0, ,0
Wed Oct 22 2025 23:56:06 GMT+0100 (British Summer Time),CJ07250531,Idyllic Greece 2025 -7Nights,7,SG,0,28,0,0, ,0
Wed Oct 22 2025 23:56:06 GMT+0100 (British Summer Time),CJ07250531,Idyllic Greece 2025 -7Nights,7,SP,0,1,0,0, ,0
Wed Oct 22 2025 23:56:06 GMT+0100 (British Summer Time),CJ07250531,Idyllic Greece 2025 -7Nights,7,SJA,0,24,0,0, ,0
Wed Oct 22 2025 23:56:06 GMT+0100 (British Summer Time),CJ07250531,Idyllic Greece 2025 -7Nights,7,IA,0,24,0,0, ,0
Wed Oct 22 2025 23:56:06 GMT+0100 (British Summer Time),CJ07250531,Idyllic Greece 2025 -7Nights,7,IC,0,59,0,0, ,0
Wed Oct 22 2025 23:56:06 GMT+0100 (British Summer Time),CJ07250531,Idyllic Greece 2025 -7Nights,7,XD,0,96,0,0, ,0
Wed Oct 22 2025 23:56:06 GMT+0100 (British Summer Time),CJ07250601,Idyllic Greece 2025 -7Nights,7,XB,0,104,0,0, ,0
Wed Oct 22 2025 23:56:06 GMT+0100 (British Summer Time),CJ07250601,Idyllic Greece 2025 -7Nights,7,IB,0,46,0,0, ,0
Wed Oct 22 2025 23:56:06 GMT+0100 (British Summer Time),CJ07250601,Idyllic Greece 2025 -7Nights,7,XD,0,96,0,0, ,0
Wed Oct 22 2025 23:56:06 GMT+0100 (British Summer Time),CJ07250601,Idyllic Greece 2025 -7Nights,7,IC,0,59,0,0, ,0
Wed Oct 22 2025 23:56:06 GMT+0100 (British Summer Time),CJ07250601,Idyllic Greece 2025 -7Nights,7,SJB,0,76,0,0, ,0
Wed Oct 22 2025 23:56:06 GMT+0100 (British Summer Time),CJ07250601,Idyllic Greece 2025 -7Nights,7,XC,0,98,0,0, ,0
Wed Oct 22 2025 23:56:06 GMT+0100 (British Summer Time),CJ07250601,Idyllic Greece 2025 -7Nights,7,XBO,0,34,0,0, ,0
Wed Oct 22 2025 23:56:06 GMT+0100 (British Summer Time),CJ07250601,Idyllic Greece 2025 -7Nights,7,IA,0,24,0,0, ,0
Wed Oct 22 2025 23:56:06 GMT+0100 (British Summer Time),CJ07250601,Idyllic Greece 2025 -7Nights,7,SJA,0,24,0,0, ,0
Wed Oct 22 2025 23:56:06 GMT+0100 (British Summer Time),CJ07250601,Idyllic Greece 2025 -7Nights,7,SP,0,1,0,0, ,0
Wed Oct 22 2025 23:56:06 GMT+0100 (British Summer Time),CJ07250601,Idyllic Greece 2025 -7Nights,7,SG,0,28,0,0, ,0
Wed Oct 22 2025 23:56:06 GMT+0100 (British Summer Time),CJ07250601,Idyllic Greece 2025 -7Nights,7,SJC,0,20,0,0, ,0
Wed Oct 22 2025 23:56:06 GMT+0100 (British Summer Time),CJ07250601,Idyllic Greece 2025 -7Nights,7,XA,0,20,0,0, ,0
Wed Oct 22 2025 23:56:06 GMT+0100 (British Summer Time),CJ07250602,Idyllic Greece 2025 -7Nights,7,XD,0,96,0,0, ,0
Wed Oct 22 2025 23:56:06 GMT+0100 (British Summer Time),CJ07250602,Idyllic Greece 2025 -7Nights,7,IB,0,46,0,0, ,0
Wed Oct 22 2025 23:56:06 GMT+0100 (British Summer Time),CJ07250602,Idyllic Greece 2025 -7Nights,7,XB,0,104,0,0, ,0
Wed Oct 22 2025 23:56:06 GMT+0100 (British Summer Time),CJ07250602,Idyllic Greece 2025 -7Nights,7,XA,0,20,0,0, ,0
Wed Oct 22 2025 23:56:06 GMT+0100 (British Summer Time),CJ07250602,Idyllic Greece 2025 -7Nights,7,SJC,0,20,0,0, ,0
Wed Oct 22 2025 23:56:06 GMT+0100 (British Summer Time),CJ07250602,Idyllic Greece 2025 -7Nights,7,XBO,0,34,0,0, ,0
Wed Oct 22 2025 23:56:06 GMT+0100 (British Summer Time),CJ07250602,Idyllic Greece 2025 -7Nights,7,XC,0,98,0,0, ,0
Wed Oct 22 2025 23:56:06 GMT+0100 (British Summer Time),CJ07250602,Idyllic Greece 2025 -7Nights,7,SJB,0,76,0,0, ,0
Wed Oct 22 2025 23:56:06 GMT+0100 (British Summer Time),CJ07250602,Idyllic Greece 2025 -7Nights,7,SG,0,28,0,0, ,0
Wed Oct 22 2025 23:56:06 GMT+0100 (British Summer Time),CJ07250602,Idyllic Greece 2025 -7Nights,7,SP,0,1,0,0, ,0
Wed Oct 22 2025 23:56:06 GMT+0100 (British Summer Time),CJ07250602,Idyllic Greece 2025 -7Nights,7,SJA,0,24,0,0, ,0
Wed Oct 22 2025 23:56:06 GMT+0100 (British Summer Time),CJ07250602,Idyllic Greece 2025 -7Nights,7,IA,0,24,0,0, ,0
Wed Oct 22 2025 23:56:06 GMT+0100 (British Summer Time),CJ07250602,Idyllic Greece 2025 -7Nights,7,IC,0,59,0,0, ,0
Wed Oct 22 2025 23:56:06 GMT+0100 (British Summer Time),CJ07250603,Idyllic Greece 2025 -7Nights,7,XD,0,96,0,0, ,0
Wed Oct 22 2025 23:56:06 GMT+0100 (British Summer Time),CJ07250603,Idyllic Greece 2025 -7Nights,7,IC,0,59,0,0, ,0
Wed Oct 22 2025 23:56:06 GMT+0100 (British Summer Time),CJ07250603,Idyllic Greece 2025 -7Nights,7,IA,0,24,0,0, ,0
Wed Oct 22 2025 23:56:06 GMT+0100 (British Summer Time),CJ07250603,Idyllic Greece 2025 -7Nights,7,SJA,0,24,0,0, ,0
Wed Oct 22 2025 23:56:06 GMT+0100 (British Summer Time),CJ07250603,Idyllic Greece 2025 -7Nights,7,SP,0,1,0,0, ,0
Wed Oct 22 2025 23:56:06 GMT+0100 (British Summer Time),CJ07250603,Idyllic Greece 2025 -7Nights,7,SG,0,28,0,0, ,0
Wed Oct 22 2025 23:56:06 GMT+0100 (British Summer Time),CJ07250603,Idyllic Greece 2025 -7Nights,7,SJB,0,76,0,0, ,0
Wed Oct 22 2025 23:56:06 GMT+0100 (British Summer Time),CJ07250603,Idyllic Greece 2025 -7Nights,7,XC,0,98,0,0, ,0
Wed Oct 22 2025 23:56:06 GMT+0100 (British Summer Time),CJ07250603,Idyllic Greece 2025 -7Nights,7,IB,0,46,0,0, ,0
Wed Oct 22 2025 23:56:06 GMT+0100 (British Summer Time),CJ07250603,Idyllic Greece 2025 -7Nights,7,XB,0,104,0,0, ,0
Wed Oct 22 2025 23:56:06 GMT+0100 (British Summer Time),CJ07250603,Idyllic Greece 2025 -7Nights,7,XA,0,20,0,0, ,0
Wed Oct 22 2025 23:56:06 GMT+0100 (British Summer Time),CJ07250603,Idyllic Greece 2025 -7Nights,7,SJC,0,20,0,0, ,0
Wed Oct 22 2025 23:56:06 GMT+0100 (British Summer Time),CJ07250603,Idyllic Greece 2025 -7Nights,7,XBO,0,34,0,0, ,0
Wed Oct 22 2025 23:56:06 GMT+0100 (British Summer Time),CJ07250607,Idyllic Greece 2025 -7Nights,7,SJC,0,20,0,0, ,0
Wed Oct 22 2025 23:56:06 GMT+0100 (British Summer Time),CJ07250607,Idyllic Greece 2025 -7Nights,7,SG,0,28,0,0, ,0
Wed Oct 22 2025 23:56:06 GMT+0100 (British Summer Time),CJ07250607,Idyllic Greece 2025 -7Nights,7,SP,0,1,0,0, ,0
Wed Oct 22 2025 23:56:06 GMT+0100 (British Summer Time),CJ07250607,Idyllic Greece 2025 -7Nights,7,SJA,0,24,0,0, ,0
Wed Oct 22 2025 23:56:06 GMT+0100 (British Summer Time),CJ07250607,Idyllic Greece 2025 -7Nights,7,IA,0,24,0,0, ,0
Wed Oct 22 2025 23:56:06 GMT+0100 (British Summer Time),CJ07250607,Idyllic Greece 2025 -7Nights,7,IC,0,59,0,0, ,0
Wed Oct 22 2025 23:56:06 GMT+0100 (British Summer Time),CJ07250607,Idyllic Greece 2025 -7Nights,7,XB,0,104,0,0, ,0
Wed Oct 22 2025 23:56:06 GMT+0100 (British Summer Time),CJ07250607,Idyllic Greece 2025 -7Nights,7,SJB,0,76,0,0, ,0
Wed Oct 22 2025 23:56:06 GMT+0100 (British Summer Time),CJ07250607,Idyllic Greece 2025 -7Nights,7,XC,0,98,0,0, ,0
Wed Oct 22 2025 23:56:06 GMT+0100 (British Summer Time),CJ07250607,Idyllic Greece 2025 -7Nights,7,XBO,0,34,0,0, ,0
Wed Oct 22 2025 23:56:06 GMT+0100 (British Summer Time),CJ07250607,Idyllic Greece 2025 -7Nights,7,IB,0,46,0,0, ,0
Wed Oct 22 2025 23:56:06 GMT+0100 (British Summer Time),CJ07250607,Idyllic Greece 2025 -7Nights,7,XD,0,96,0,0, ,0
Wed Oct 22 2025 23:56:06 GMT+0100 (British Summer Time),CJ07250607,Idyllic Greece 2025 -7Nights,7,XA,0,20,0,0, ,0
Wed Oct 22 2025 23:56:06 GMT+0100 (British Summer Time),CJ07250608,Idyllic Greece 2025 -7Nights,7,XD,0,96,0,0, ,0
Wed Oct 22 2025 23:56:06 GMT+0100 (British Summer Time),CJ07250608,Idyllic Greece 2025 -7Nights,7,IB,0,46,0,0, ,0
Wed Oct 22 2025 23:56:06 GMT+0100 (British Summer Time),CJ07250608,Idyllic Greece 2025 -7Nights,7,XB,0,104,0,0, ,0
Wed Oct 22 2025 23:56:06 GMT+0100 (British Summer Time),CJ07250608,Idyllic Greece 2025 -7Nights,7,XA,0,20,0,0, ,0
Wed Oct 22 2025 23:56:06 GMT+0100 (British Summer Time),CJ07250608,Idyllic Greece 2025 -7Nights,7,SJC,0,20,0,0, ,0
Wed Oct 22 2025 23:56:06 GMT+0100 (British Summer Time),CJ07250608,Idyllic Greece 2025 -7Nights,7,XBO,0,34,0,0, ,0
Wed Oct 22 2025 23:56:06 GMT+0100 (British Summer Time),CJ07250608,Idyllic Greece 2025 -7Nights,7,XC,0,98,0,0, ,0
Wed Oct 22 2025 23:56:06 GMT+0100 (British Summer Time),CJ07250608,Idyllic Greece 2025 -7Nights,7,SJB,0,76,0,0, ,0
Wed Oct 22 2025 23:56:06 GMT+0100 (British Summer Time),CJ07250608,Idyllic Greece 2025 -7Nights,7,SG,0,28,0,0, ,0
Wed Oct 22 2025 23:56:06 GMT+0100 (British Summer Time),CJ07250608,Idyllic Greece 2025 -7Nights,7,SP,0,1,0,0, ,0
Wed Oct 22 2025 23:56:06 GMT+0100 (British Summer Time),CJ07250608,Idyllic Greece 2025 -7Nights,7,SJA,0,24,0,0, ,0
Wed Oct 22 2025 23:56:06 GMT+0100 (British Summer Time),CJ07250608,Idyllic Greece 2025 -7Nights,7,IA,0,24,0,0, ,0
Wed Oct 22 2025 23:56:06 GMT+0100 (British Summer Time),CJ07250608,Idyllic Greece 2025 -7Nights,7,IC,0,59,0,0, ,0
Wed Oct 22 2025 23:56:06 GMT+0100 (British Summer Time),CJ07250609,Idyllic Greece 2025 -7Nights,7,SJB,0,76,0,0, ,0
Wed Oct 22 2025 23:56:06 GMT+0100 (British Summer Time),CJ07250609,Idyllic Greece 2025 -7Nights,7,SG,0,28,0,0, ,0
Wed Oct 22 2025 23:56:06 GMT+0100 (British Summer Time),CJ07250609,Idyllic Greece 2025 -7Nights,7,SP,0,1,0,0, ,0
Wed Oct 22 2025 23:56:06 GMT+0100 (British Summer Time),CJ07250609,Idyllic Greece 2025 -7Nights,7,SJA,0,24,0,0, ,0
Wed Oct 22 2025 23:56:06 GMT+0100 (British Summer Time),CJ07250609,Idyllic Greece 2025 -7Nights,7,IA,0,24,0,0, ,0
Wed Oct 22 2025 23:56:06 GMT+0100 (British Summer Time),CJ07250609,Idyllic Greece 2025 -7Nights,7,IC,0,59,0,0, ,0
Wed Oct 22 2025 23:56:06 GMT+0100 (British Summer Time),CJ07250609,Idyllic Greece 2025 -7Nights,7,XD,0,96,0,0, ,0
Wed Oct 22 2025 23:56:06 GMT+0100 (British Summer Time),CJ07250609,Idyllic Greece 2025 -7Nights,7,IB,0,46,0,0, ,0
Wed Oct 22 2025 23:56:06 GMT+0100 (British Summer Time),CJ07250609,Idyllic Greece 2025 -7Nights,7,XB,0,104,0,0, ,0
Wed Oct 22 2025 23:56:06 GMT+0100 (British Summer Time),CJ07250609,Idyllic Greece 2025 -7Nights,7,XA,0,20,0,0, ,0
Wed Oct 22 2025 23:56:06 GMT+0100 (British Summer Time),CJ07250609,Idyllic Greece 2025 -7Nights,7,SJC,0,20,0,0, ,0
Wed Oct 22 2025 23:56:06 GMT+0100 (British Summer Time),CJ07250609,Idyllic Greece 2025 -7Nights,7,XBO,0,34,0,0, ,0
Wed Oct 22 2025 23:56:06 GMT+0100 (British Summer Time),CJ07250609,Idyllic Greece 2025 -7Nights,7,XC,0,98,0,0, ,0
Wed Oct 22 2025 23:56:06 GMT+0100 (British Summer Time),CJ07250610,Idyllic Greece 2025 -7Nights,7,IC,0,59,0,0, ,0
Wed Oct 22 2025 23:56:06 GMT+0100 (British Summer Time),CJ07250610,Idyllic Greece 2025 -7Nights,7,IA,0,24,0,0, ,0
Wed Oct 22 2025 23:56:06 GMT+0100 (British Summer Time),CJ07250610,Idyllic Greece 2025 -7Nights,7,SJA,0,24,0,0, ,0
Wed Oct 22 2025 23:56:06 GMT+0100 (British Summer Time),CJ07250610,Idyllic Greece 2025 -7Nights,7,SP,0,1,0,0, ,0
Wed Oct 22 2025 23:56:06 GMT+0100 (British Summer Time),CJ07250610,Idyllic Greece 2025 -7Nights,7,SG,0,28,0,0, ,0
Wed Oct 22 2025 23:56:06 GMT+0100 (British Summer Time),CJ07250610,Idyllic Greece 2025 -7Nights,7,SJB,0,76,0,0, ,0
Wed Oct 22 2025 23:56:06 GMT+0100 (British Summer Time),CJ07250610,Idyllic Greece 2025 -7Nights,7,XC,0,98,0,0, ,0
Wed Oct 22 2025 23:56:06 GMT+0100 (British Summer Time),CJ07250610,Idyllic Greece 2025 -7Nights,7,XBO,0,34,0,0, ,0
Wed Oct 22 2025 23:56:06 GMT+0100 (British Summer Time),CJ07250610,Idyllic Greece 2025 -7Nights,7,SJC,0,20,0,0, ,0
Wed Oct 22 2025 23:56:06 GMT+0100 (British Summer Time),CJ07250610,Idyllic Greece 2025 -7Nights,7,XA,0,20,0,0, ,0
Wed Oct 22 2025 23:56:06 GMT+0100 (British Summer Time),CJ07250610,Idyllic Greece 2025 -7Nights,7,XB,0,104,0,0, ,0
Wed Oct 22 2025 23:56:06 GMT+0100 (British Summer Time),CJ07250610,Idyllic Greece 2025 -7Nights,7,IB,0,46,0,0, ,0
Wed Oct 22 2025 23:56:06 GMT+0100 (British Summer Time),CJ07250610,Idyllic Greece 2025 -7Nights,7,XD,0,96,0,0, ,0
Wed Oct 22 2025 23:56:06 GMT+0100 (British Summer Time),CJ07250614,Idyllic Greece 2025 -7Nights,7,XD,0,96,0,0, ,0
Wed Oct 22 2025 23:56:06 GMT+0100 (British Summer Time),CJ07250614,Idyllic Greece 2025 -7Nights,7,IB,0,46,0,0, ,0
Wed Oct 22 2025 23:56:06 GMT+0100 (British Summer Time),CJ07250614,Idyllic Greece 2025 -7Nights,7,XB,0,104,0,0, ,0
Wed Oct 22 2025 23:56:06 GMT+0100 (British Summer Time),CJ07250614,Idyllic Greece 2025 -7Nights,7,XA,0,20,0,0, ,0
Wed Oct 22 2025 23:56:06 GMT+0100 (British Summer Time),CJ07250614,Idyllic Greece 2025 -7Nights,7,SJC,0,20,0,0, ,0
Wed Oct 22 2025 23:56:06 GMT+0100 (British Summer Time),CJ07250614,Idyllic Greece 2025 -7Nights,7,XBO,0,34,0,0, ,0
Wed Oct 22 2025 23:56:06 GMT+0100 (British Summer Time),CJ07250614,Idyllic Greece 2025 -7Nights,7,XC,0,98,0,0, ,0
Wed Oct 22 2025 23:56:06 GMT+0100 (British Summer Time),CJ07250614,Idyllic Greece 2025 -7Nights,7,SJB,0,76,0,0, ,0
Wed Oct 22 2025 23:56:06 GMT+0100 (British Summer Time),CJ07250614,Idyllic Greece 2025 -7Nights,7,SG,0,28,0,0, ,0
Wed Oct 22 2025 23:56:06 GMT+0100 (British Summer Time),CJ07250614,Idyllic Greece 2025 -7Nights,7,SP,0,1,0,0, ,0
Wed Oct 22 2025 23:56:06 GMT+0100 (British Summer Time),CJ07250614,Idyllic Greece 2025 -7Nights,7,SJA,0,24,0,0, ,0
Wed Oct 22 2025 23:56:06 GMT+0100 (British Summer Time),CJ07250614,Idyllic Greece 2025 -7Nights,7,IA,0,24,0,0, ,0
Wed Oct 22 2025 23:56:06 GMT+0100 (British Summer Time),CJ07250614,Idyllic Greece 2025 -7Nights,7,IC,0,59,0,0, ,0
Wed Oct 22 2025 23:56:06 GMT+0100 (British Summer Time),CJ07250615,Idyllic Greece 2025 -7Nights,7,IB,0,46,0,0, ,0
Wed Oct 22 2025 23:56:06 GMT+0100 (British Summer Time),CJ07250615,Idyllic Greece 2025 -7Nights,7,XB,0,104,0,0, ,0
Wed Oct 22 2025 23:56:06 GMT+0100 (British Summer Time),CJ07250615,Idyllic Greece 2025 -7Nights,7,XA,0,20,0,0, ,0
Wed Oct 22 2025 23:56:06 GMT+0100 (British Summer Time),CJ07250615,Idyllic Greece 2025 -7Nights,7,SJC,0,20,0,0, ,0
Wed Oct 22 2025 23:56:06 GMT+0100 (British Summer Time),CJ07250615,Idyllic Greece 2025 -7Nights,7,XBO,0,34,0,0, ,0
Wed Oct 22 2025 23:56:06 GMT+0100 (British Summer Time),CJ07250615,Idyllic Greece 2025 -7Nights,7,XC,0,98,0,0, ,0
Wed Oct 22 2025 23:56:06 GMT+0100 (British Summer Time),CJ07250615,Idyllic Greece 2025 -7Nights,7,SJB,0,76,0,0, ,0
Wed Oct 22 2025 23:56:06 GMT+0100 (British Summer Time),CJ07250615,Idyllic Greece 2025 -7Nights,7,IC,0,59,0,0, ,0
Wed Oct 22 2025 23:56:06 GMT+0100 (British Summer Time),CJ07250615,Idyllic Greece 2025 -7Nights,7,IA,0,24,0,0, ,0
Wed Oct 22 2025 23:56:06 GMT+0100 (British Summer Time),CJ07250615,Idyllic Greece 2025 -7Nights,7,SJA,0,24,0,0, ,0
Wed Oct 22 2025 23:56:06 GMT+0100 (British Summer Time),CJ07250615,Idyllic Greece 2025 -7Nights,7,SP,0,1,0,0, ,0
Wed Oct 22 2025 23:56:06 GMT+0100 (British Summer Time),CJ07250615,Idyllic Greece 2025 -7Nights,7,SG,0,28,0,0, ,0
Wed Oct 22 2025 23:56:06 GMT+0100 (British Summer Time),CJ07250615,Idyllic Greece 2025 -7Nights,7,XD,0,96,0,0, ,0
Wed Oct 22 2025 23:56:06 GMT+0100 (British Summer Time),CJ07250616,Idyllic Greece 2025 -7Nights,7,XD,0,96,0,0, ,0
Wed Oct 22 2025 23:56:06 GMT+0100 (British Summer Time),CJ07250616,Idyllic Greece 2025 -7Nights,7,IC,0,59,0,0, ,0
Wed Oct 22 2025 23:56:06 GMT+0100 (British Summer Time),CJ07250616,Idyllic Greece 2025 -7Nights,7,IA,0,24,0,0, ,0
Wed Oct 22 2025 23:56:06 GMT+0100 (British Summer Time),CJ07250616,Idyllic Greece 2025 -7Nights,7,SJA,0,24,0,0, ,0
Wed Oct 22 2025 23:56:06 GMT+0100 (British Summer Time),CJ07250616,Idyllic Greece 2025 -7Nights,7,SP,0,1,0,0, ,0
Wed Oct 22 2025 23:56:06 GMT+0100 (British Summer Time),CJ07250616,Idyllic Greece 2025 -7Nights,7,SG,0,28,0,0, ,0
Wed Oct 22 2025 23:56:06 GMT+0100 (British Summer Time),CJ07250616,Idyllic Greece 2025 -7Nights,7,SJB,0,76,0,0, ,0
Wed Oct 22 2025 23:56:06 GMT+0100 (British Summer Time),CJ07250616,Idyllic Greece 2025 -7Nights,7,XC,0,98,0,0, ,0
Wed Oct 22 2025 23:56:06 GMT+0100 (British Summer Time),CJ07250616,Idyllic Greece 2025 -7Nights,7,XBO,0,34,0,0, ,0
Wed Oct 22 2025 23:56:06 GMT+0100 (British Summer Time),CJ07250616,Idyllic Greece 2025 -7Nights,7,SJC,0,20,0,0, ,0
Wed Oct 22 2025 23:56:06 GMT+0100 (British Summer Time),CJ07250616,Idyllic Greece 2025 -7Nights,7,XA,0,20,0,0, ,0
Wed Oct 22 2025 23:56:06 GMT+0100 (British Summer Time),CJ07250616,Idyllic Greece 2025 -7Nights,7,XB,0,104,0,0, ,0
Wed Oct 22 2025 23:56:06 GMT+0100 (British Summer Time),CJ07250616,Idyllic Greece 2025 -7Nights,7,IB,0,46,0,0, ,0
Wed Oct 22 2025 23:56:06 GMT+0100 (British Summer Time),CJ07250621,Idyllic Greece 2025 -7Nights,7,IB,0,46,0,0, ,0
Wed Oct 22 2025 23:56:06 GMT+0100 (British Summer Time),CJ07250621,Idyllic Greece 2025 -7Nights,7,XB,0,104,0,0, ,0
Wed Oct 22 2025 23:56:06 GMT+0100 (British Summer Time),CJ07250621,Idyllic Greece 2025 -7Nights,7,XA,0,20,0,0, ,0
Wed Oct 22 2025 23:56:06 GMT+0100 (British Summer Time),CJ07250621,Idyllic Greece 2025 -7Nights,7,SJC,0,20,0,0, ,0
Wed Oct 22 2025 23:56:06 GMT+0100 (British Summer Time),CJ07250621,Idyllic Greece 2025 -7Nights,7,XBO,0,34,0,0, ,0
Wed Oct 22 2025 23:56:06 GMT+0100 (British Summer Time),CJ07250621,Idyllic Greece 2025 -7Nights,7,XC,0,98,0,0, ,0
Wed Oct 22 2025 23:56:06 GMT+0100 (British Summer Time),CJ07250621,Idyllic Greece 2025 -7Nights,7,SJB,0,76,0,0, ,0
Wed Oct 22 2025 23:56:06 GMT+0100 (British Summer Time),CJ07250621,Idyllic Greece 2025 -7Nights,7,SG,0,28,0,0, ,0
Wed Oct 22 2025 23:56:06 GMT+0100 (British Summer Time),CJ07250621,Idyllic Greece 2025 -7Nights,7,SP,0,1,0,0, ,0
Wed Oct 22 2025 23:56:06 GMT+0100 (British Summer Time),CJ07250621,Idyllic Greece 2025 -7Nights,7,SJA,0,24,0,0, ,0
Wed Oct 22 2025 23:56:06 GMT+0100 (British Summer Time),CJ07250621,Idyllic Greece 2025 -7Nights,7,IA,0,24,0,0, ,0
Wed Oct 22 2025 23:56:06 GMT+0100 (British Summer Time),CJ07250621,Idyllic Greece 2025 -7Nights,7,IC,0,59,0,0, ,0
Wed Oct 22 2025 23:56:06 GMT+0100 (British Summer Time),CJ07250621,Idyllic Greece 2025 -7Nights,7,XD,0,96,0,0, ,0
Wed Oct 22 2025 23:56:06 GMT+0100 (British Summer Time),CJ07250622,Idyllic Greece 2025 -7Nights,7,SJA,0,24,0,0, ,0
Wed Oct 22 2025 23:56:06 GMT+0100 (British Summer Time),CJ07250622,Idyllic Greece 2025 -7Nights,7,IC,0,59,0,0, ,0
Wed Oct 22 2025 23:56:06 GMT+0100 (British Summer Time),CJ07250622,Idyllic Greece 2025 -7Nights,7,XD,0,96,0,0, ,0
Wed Oct 22 2025 23:56:06 GMT+0100 (British Summer Time),CJ07250622,Idyllic Greece 2025 -7Nights,7,IB,0,46,0,0, ,0
Wed Oct 22 2025 23:56:06 GMT+0100 (British Summer Time),CJ07250622,Idyllic Greece 2025 -7Nights,7,XB,0,104,0,0, ,0
Wed Oct 22 2025 23:56:06 GMT+0100 (British Summer Time),CJ07250622,Idyllic Greece 2025 -7Nights,7,XA,0,20,0,0, ,0
Wed Oct 22 2025 23:56:06 GMT+0100 (British Summer Time),CJ07250622,Idyllic Greece 2025 -7Nights,7,SJC,0,20,0,0, ,0
Wed Oct 22 2025 23:56:06 GMT+0100 (British Summer Time),CJ07250622,Idyllic Greece 2025 -7Nights,7,XBO,0,34,0,0, ,0
Wed Oct 22 2025 23:56:06 GMT+0100 (British Summer Time),CJ07250622,Idyllic Greece 2025 -7Nights,7,XC,0,98,0,0, ,0
Wed Oct 22 2025 23:56:06 GMT+0100 (British Summer Time),CJ07250622,Idyllic Greece 2025 -7Nights,7,SJB,0,76,0,0, ,0
Wed Oct 22 2025 23:56:06 GMT+0100 (British Summer Time),CJ07250622,Idyllic Greece 2025 -7Nights,7,IA,0,24,0,0, ,0
Wed Oct 22 2025 23:56:06 GMT+0100 (British Summer Time),CJ07250622,Idyllic Greece 2025 -7Nights,7,SG,0,28,0,0, ,0
Wed Oct 22 2025 23:56:06 GMT+0100 (British Summer Time),CJ07250622,Idyllic Greece 2025 -7Nights,7,SP,0,1,0,0, ,0
Wed Oct 22 2025 23:56:06 GMT+0100 (British Summer Time),CJ07250623,Idyllic Greece 2025 -7Nights,7,SJA,0,24,0,0, ,0
Wed Oct 22 2025 23:56:06 GMT+0100 (British Summer Time),CJ07250623,Idyllic Greece 2025 -7Nights,7,IA,0,24,0,0, ,0
Wed Oct 22 2025 23:56:06 GMT+0100 (British Summer Time),CJ07250623,Idyllic Greece 2025 -7Nights,7,IC,0,59,0,0, ,0
Wed Oct 22 2025 23:56:06 GMT+0100 (British Summer Time),CJ07250623,Idyllic Greece 2025 -7Nights,7,SJB,0,76,0,0, ,0
Wed Oct 22 2025 23:56:06 GMT+0100 (British Summer Time),CJ07250623,Idyllic Greece 2025 -7Nights,7,XC,0,98,0,0, ,0
Wed Oct 22 2025 23:56:06 GMT+0100 (British Summer Time),CJ07250623,Idyllic Greece 2025 -7Nights,7,XBO,0,34,0,0, ,0
Wed Oct 22 2025 23:56:06 GMT+0100 (British Summer Time),CJ07250623,Idyllic Greece 2025 -7Nights,7,SJC,0,20,0,0, ,0
Wed Oct 22 2025 23:56:06 GMT+0100 (British Summer Time),CJ07250623,Idyllic Greece 2025 -7Nights,7,XA,0,20,0,0, ,0
Wed Oct 22 2025 23:56:06 GMT+0100 (British Summer Time),CJ07250623,Idyllic Greece 2025 -7Nights,7,XD,0,96,0,0, ,0
Wed Oct 22 2025 23:56:06 GMT+0100 (British Summer Time),CJ07250623,Idyllic Greece 2025 -7Nights,7,SP,0,1,0,0, ,0
Wed Oct 22 2025 23:56:06 GMT+0100 (British Summer Time),CJ07250623,Idyllic Greece 2025 -7Nights,7,SG,0,28,0,0, ,0
Wed Oct 22 2025 23:56:06 GMT+0100 (British Summer Time),CJ07250623,Idyllic Greece 2025 -7Nights,7,IB,0,46,0,0, ,0
Wed Oct 22 2025 23:56:06 GMT+0100 (British Summer Time),CJ07250623,Idyllic Greece 2025 -7Nights,7,XB,0,104,0,0, ,0
Wed Oct 22 2025 23:56:06 GMT+0100 (British Summer Time),CJ07250624,Idyllic Greece 2025 -7Nights,7,XD,0,96,0,0, ,0
Wed Oct 22 2025 23:56:06 GMT+0100 (British Summer Time),CJ07250624,Idyllic Greece 2025 -7Nights,7,IB,0,46,0,0, ,0
Wed Oct 22 2025 23:56:06 GMT+0100 (British Summer Time),CJ07250624,Idyllic Greece 2025 -7Nights,7,XB,0,104,0,0, ,0
Wed Oct 22 2025 23:56:06 GMT+0100 (British Summer Time),CJ07250624,Idyllic Greece 2025 -7Nights,7,XA,0,20,0,0, ,0
Wed Oct 22 2025 23:56:06 GMT+0100 (British Summer Time),CJ07250624,Idyllic Greece 2025 -7Nights,7,SJC,0,20,0,0, ,0
Wed Oct 22 2025 23:56:06 GMT+0100 (British Summer Time),CJ07250624,Idyllic Greece 2025 -7Nights,7,XBO,0,34,0,0, ,0
Wed Oct 22 2025 23:56:06 GMT+0100 (British Summer Time),CJ07250624,Idyllic Greece 2025 -7Nights,7,XC,0,98,0,0, ,0
Wed Oct 22 2025 23:56:06 GMT+0100 (British Summer Time),CJ07250624,Idyllic Greece 2025 -7Nights,7,SJB,0,76,0,0, ,0
Wed Oct 22 2025 23:56:06 GMT+0100 (British Summer Time),CJ07250624,Idyllic Greece 2025 -7Nights,7,SG,0,28,0,0, ,0
Wed Oct 22 2025 23:56:06 GMT+0100 (British Summer Time),CJ07250624,Idyllic Greece 2025 -7Nights,7,SP,0,1,0,0, ,0
Wed Oct 22 2025 23:56:06 GMT+0100 (British Summer Time),CJ07250624,Idyllic Greece 2025 -7Nights,7,SJA,0,24,0,0, ,0
Wed Oct 22 2025 23:56:06 GMT+0100 (British Summer Time),CJ07250624,Idyllic Greece 2025 -7Nights,7,IA,0,24,0,0, ,0
Wed Oct 22 2025 23:56:06 GMT+0100 (British Summer Time),CJ07250624,Idyllic Greece 2025 -7Nights,7,IC,0,59,0,0, ,0
Wed Oct 22 2025 23:56:06 GMT+0100 (British Summer Time),CJ07250628,Idyllic Greece 2025 -7Nights,7,XA,0,20,0,0, ,0
Wed Oct 22 2025 23:56:06 GMT+0100 (British Summer Time),CJ07250628,Idyllic Greece 2025 -7Nights,7,XB,0,104,0,0, ,0
Wed Oct 22 2025 23:56:06 GMT+0100 (British Summer Time),CJ07250628,Idyllic Greece 2025 -7Nights,7,IB,0,46,0,0, ,0
Wed Oct 22 2025 23:56:06 GMT+0100 (British Summer Time),CJ07250628,Idyllic Greece 2025 -7Nights,7,XD,0,96,0,0, ,0
Wed Oct 22 2025 23:56:06 GMT+0100 (British Summer Time),CJ07250628,Idyllic Greece 2025 -7Nights,7,IC,0,59,0,0, ,0
Wed Oct 22 2025 23:56:06 GMT+0100 (British Summer Time),CJ07250628,Idyllic Greece 2025 -7Nights,7,IA,0,24,0,0, ,0
Wed Oct 22 2025 23:56:06 GMT+0100 (British Summer Time),CJ07250628,Idyllic Greece 2025 -7Nights,7,SJB,0,76,0,0, ,0
Wed Oct 22 2025 23:56:06 GMT+0100 (British Summer Time),CJ07250628,Idyllic Greece 2025 -7Nights,7,XC,0,98,0,0, ,0
Wed Oct 22 2025 23:56:06 GMT+0100 (British Summer Time),CJ07250628,Idyllic Greece 2025 -7Nights,7,XBO,0,34,0,0, ,0
Wed Oct 22 2025 23:56:06 GMT+0100 (British Summer Time),CJ07250628,Idyllic Greece 2025 -7Nights,7,SJC,0,20,0,0, ,0
Wed Oct 22 2025 23:56:06 GMT+0100 (British Summer Time),CJ07250628,Idyllic Greece 2025 -7Nights,7,SJA,0,24,0,0, ,0
Wed Oct 22 2025 23:56:06 GMT+0100 (British Summer Time),CJ07250628,Idyllic Greece 2025 -7Nights,7,SP,0,1,0,0, ,0
Wed Oct 22 2025 23:56:06 GMT+0100 (British Summer Time),CJ07250628,Idyllic Greece 2025 -7Nights,7,SG,0,28,0,0, ,0
Wed Oct 22 2025 23:56:06 GMT+0100 (British Summer Time),CJ07250629,Idyllic Greece 2025 -7Nights,7,IB,0,46,0,0, ,0
Wed Oct 22 2025 23:56:06 GMT+0100 (British Summer Time),CJ07250629,Idyllic Greece 2025 -7Nights,7,XB,0,104,0,0, ,0
Wed Oct 22 2025 23:56:06 GMT+0100 (British Summer Time),CJ07250629,Idyllic Greece 2025 -7Nights,7,XA,0,20,0,0, ,0
Wed Oct 22 2025 23:56:06 GMT+0100 (British Summer Time),CJ07250629,Idyllic Greece 2025 -7Nights,7,SJC,0,20,0,0, ,0
Wed Oct 22 2025 23:56:06 GMT+0100 (British Summer Time),CJ07250629,Idyllic Greece 2025 -7Nights,7,XBO,0,34,0,0, ,0
Wed Oct 22 2025 23:56:06 GMT+0100 (British Summer Time),CJ07250629,Idyllic Greece 2025 -7Nights,7,XC,0,98,0,0, ,0
Wed Oct 22 2025 23:56:06 GMT+0100 (British Summer Time),CJ07250629,Idyllic Greece 2025 -7Nights,7,SJB,0,76,0,0, ,0
Wed Oct 22 2025 23:56:06 GMT+0100 (British Summer Time),CJ07250629,Idyllic Greece 2025 -7Nights,7,SG,0,28,0,0, ,0
Wed Oct 22 2025 23:56:06 GMT+0100 (British Summer Time),CJ07250629,Idyllic Greece 2025 -7Nights,7,SP,0,1,0,0, ,0
Wed Oct 22 2025 23:56:06 GMT+0100 (British Summer Time),CJ07250629,Idyllic Greece 2025 -7Nights,7,SJA,0,24,0,0, ,0
Wed Oct 22 2025 23:56:06 GMT+0100 (British Summer Time),CJ07250629,Idyllic Greece 2025 -7Nights,7,IA,0,24,0,0, ,0
Wed Oct 22 2025 23:56:06 GMT+0100 (British Summer Time),CJ07250629,Idyllic Greece 2025 -7Nights,7,IC,0,59,0,0, ,0
Wed Oct 22 2025 23:56:06 GMT+0100 (British Summer Time),CJ07250629,Idyllic Greece 2025 -7Nights,7,XD,0,96,0,0, ,0
Wed Oct 22 2025 23:56:06 GMT+0100 (British Summer Time),CJ07250630,Idyllic Greece 2025 -7Nights,7,XD,0,96,0,0, ,0
Wed Oct 22 2025 23:56:06 GMT+0100 (British Summer Time),CJ07250630,Idyllic Greece 2025 -7Nights,7,IC,0,59,0,0, ,0
Wed Oct 22 2025 23:56:06 GMT+0100 (British Summer Time),CJ07250630,Idyllic Greece 2025 -7Nights,7,IA,0,24,0,0, ,0
Wed Oct 22 2025 23:56:06 GMT+0100 (British Summer Time),CJ07250630,Idyllic Greece 2025 -7Nights,7,SP,0,1,0,0, ,0
Wed Oct 22 2025 23:56:06 GMT+0100 (British Summer Time),CJ07250630,Idyllic Greece 2025 -7Nights,7,SG,0,28,0,0, ,0
Wed Oct 22 2025 23:56:06 GMT+0100 (British Summer Time),CJ07250630,Idyllic Greece 2025 -7Nights,7,SJB,0,76,0,0, ,0
Wed Oct 22 2025 23:56:06 GMT+0100 (British Summer Time),CJ07250630,Idyllic Greece 2025 -7Nights,7,XC,0,98,0,0, ,0
Wed Oct 22 2025 23:56:06 GMT+0100 (British Summer Time),CJ07250630,Idyllic Greece 2025 -7Nights,7,XBO,0,34,0,0, ,0
Wed Oct 22 2025 23:56:06 GMT+0100 (British Summer Time),CJ07250630,Idyllic Greece 2025 -7Nights,7,SJC,0,20,0,0, ,0
Wed Oct 22 2025 23:56:06 GMT+0100 (British Summer Time),CJ07250630,Idyllic Greece 2025 -7Nights,7,XA,0,20,0,0, ,0
Wed Oct 22 2025 23:56:06 GMT+0100 (British Summer Time),CJ07250630,Idyllic Greece 2025 -7Nights,7,XB,0,104,0,0, ,0
Wed Oct 22 2025 23:56:06 GMT+0100 (British Summer Time),CJ07250630,Idyllic Greece 2025 -7Nights,7,SJA,0,24,0,0, ,0
Wed Oct 22 2025 23:56:06 GMT+0100 (British Summer Time),CJ07250630,Idyllic Greece 2025 -7Nights,7,IB,0,46,0,0, ,0
Wed Oct 22 2025 23:56:06 GMT+0100 (British Summer Time),CJ07250701,Idyllic Greece 2025 -7Nights,7,IB,0,46,0,0, ,0
Wed Oct 22 2025 23:56:06 GMT+0100 (British Summer Time),CJ07250701,Idyllic Greece 2025 -7Nights,7,IA,0,24,0,0, ,0
Wed Oct 22 2025 23:56:06 GMT+0100 (British Summer Time),CJ07250701,Idyllic Greece 2025 -7Nights,7,XB,0,104,0,0, ,0
Wed Oct 22 2025 23:56:06 GMT+0100 (British Summer Time),CJ07250701,Idyllic Greece 2025 -7Nights,7,XA,0,20,0,0, ,0
Wed Oct 22 2025 23:56:06 GMT+0100 (British Summer Time),CJ07250701,Idyllic Greece 2025 -7Nights,7,SJC,0,20,0,0, ,0
Wed Oct 22 2025 23:56:06 GMT+0100 (British Summer Time),CJ07250701,Idyllic Greece 2025 -7Nights,7,XBO,0,34,0,0, ,0
Wed Oct 22 2025 23:56:06 GMT+0100 (British Summer Time),CJ07250701,Idyllic Greece 2025 -7Nights,7,XC,0,98,0,0, ,0
Wed Oct 22 2025 23:56:06 GMT+0100 (British Summer Time),CJ07250701,Idyllic Greece 2025 -7Nights,7,SJB,0,76,0,0, ,0
Wed Oct 22 2025 23:56:06 GMT+0100 (British Summer Time),CJ07250701,Idyllic Greece 2025 -7Nights,7,SG,0,28,0,0, ,0
Wed Oct 22 2025 23:56:06 GMT+0100 (British Summer Time),CJ07250701,Idyllic Greece 2025 -7Nights,7,SP,0,1,0,0, ,0
Wed Oct 22 2025 23:56:06 GMT+0100 (British Summer Time),CJ07250701,Idyllic Greece 2025 -7Nights,7,SJA,0,24,0,0, ,0
Wed Oct 22 2025 23:56:06 GMT+0100 (British Summer Time),CJ07250701,Idyllic Greece 2025 -7Nights,7,IC,0,59,0,0, ,0
Wed Oct 22 2025 23:56:06 GMT+0100 (British Summer Time),CJ07250701,Idyllic Greece 2025 -7Nights,7,XD,0,96,0,0, ,0
Wed Oct 22 2025 23:56:06 GMT+0100 (British Summer Time),CJ07250705,Idyllic Greece 2025 -7Nights,7,SJC,0,20,0,0, ,0
Wed Oct 22 2025 23:56:06 GMT+0100 (British Summer Time),CJ07250705,Idyllic Greece 2025 -7Nights,7,XA,0,20,0,0, ,0
Wed Oct 22 2025 23:56:06 GMT+0100 (British Summer Time),CJ07250705,Idyllic Greece 2025 -7Nights,7,XB,0,104,0,0, ,0
Wed Oct 22 2025 23:56:06 GMT+0100 (British Summer Time),CJ07250705,Idyllic Greece 2025 -7Nights,7,IB,0,46,0,0, ,0
Wed Oct 22 2025 23:56:06 GMT+0100 (British Summer Time),CJ07250705,Idyllic Greece 2025 -7Nights,7,XBO,0,34,0,0, ,0
Wed Oct 22 2025 23:56:06 GMT+0100 (British Summer Time),CJ07250705,Idyllic Greece 2025 -7Nights,7,XC,0,98,0,0, ,0
Wed Oct 22 2025 23:56:06 GMT+0100 (British Summer Time),CJ07250705,Idyllic Greece 2025 -7Nights,7,SJB,0,76,0,0, ,0
Wed Oct 22 2025 23:56:06 GMT+0100 (British Summer Time),CJ07250705,Idyllic Greece 2025 -7Nights,7,XD,0,96,0,0, ,0
Wed Oct 22 2025 23:56:06 GMT+0100 (British Summer Time),CJ07250705,Idyllic Greece 2025 -7Nights,7,SG,0,28,0,0, ,0
Wed Oct 22 2025 23:56:06 GMT+0100 (British Summer Time),CJ07250705,Idyllic Greece 2025 -7Nights,7,SP,0,1,0,0, ,0
Wed Oct 22 2025 23:56:06 GMT+0100 (British Summer Time),CJ07250705,Idyllic Greece 2025 -7Nights,7,SJA,0,24,0,0, ,0
Wed Oct 22 2025 23:56:06 GMT+0100 (British Summer Time),CJ07250705,Idyllic Greece 2025 -7Nights,7,IA,0,24,0,0, ,0
Wed Oct 22 2025 23:56:06 GMT+0100 (British Summer Time),CJ07250705,Idyllic Greece 2025 -7Nights,7,IC,0,59,0,0, ,0
Wed Oct 22 2025 23:56:06 GMT+0100 (British Summer Time),CJ07250706,Idyllic Greece 2025 -7Nights,7,XB,0,104,0,0, ,0
Wed Oct 22 2025 23:56:06 GMT+0100 (British Summer Time),CJ07250706,Idyllic Greece 2025 -7Nights,7,IB,0,46,0,0, ,0
Wed Oct 22 2025 23:56:06 GMT+0100 (British Summer Time),CJ07250706,Idyllic Greece 2025 -7Nights,7,IC,0,59,0,0, ,0
Wed Oct 22 2025 23:56:06 GMT+0100 (British Summer Time),CJ07250706,Idyllic Greece 2025 -7Nights,7,SP,0,1,0,0, ,0
Wed Oct 22 2025 23:56:06 GMT+0100 (British Summer Time),CJ07250706,Idyllic Greece 2025 -7Nights,7,SG,0,28,0,0, ,0
Wed Oct 22 2025 23:56:06 GMT+0100 (British Summer Time),CJ07250706,Idyllic Greece 2025 -7Nights,7,XD,0,96,0,0, ,0
Wed Oct 22 2025 23:56:06 GMT+0100 (British Summer Time),CJ07250706,Idyllic Greece 2025 -7Nights,7,IA,0,24,0,0, ,0
Wed Oct 22 2025 23:56:06 GMT+0100 (British Summer Time),CJ07250706,Idyllic Greece 2025 -7Nights,7,SJA,0,24,0,0, ,0
Wed Oct 22 2025 23:56:06 GMT+0100 (British Summer Time),CJ07250706,Idyllic Greece 2025 -7Nights,7,SJB,0,76,0,0, ,0
Wed Oct 22 2025 23:56:06 GMT+0100 (British Summer Time),CJ07250706,Idyllic Greece 2025 -7Nights,7,XC,0,98,0,0, ,0
Wed Oct 22 2025 23:56:06 GMT+0100 (British Summer Time),CJ07250706,Idyllic Greece 2025 -7Nights,7,XBO,0,34,0,0, ,0
Wed Oct 22 2025 23:56:06 GMT+0100 (British Summer Time),CJ07250706,Idyllic Greece 2025 -7Nights,7,SJC,0,20,0,0, ,0
Wed Oct 22 2025 23:56:06 GMT+0100 (British Summer Time),CJ07250706,Idyllic Greece 2025 -7Nights,7,XA,0,20,0,0, ,0
Wed Oct 22 2025 23:56:06 GMT+0100 (British Summer Time),CJ07250707,Idyllic Greece 2025 -7Nights,7,IC,0,59,0,0, ,0
Wed Oct 22 2025 23:56:06 GMT+0100 (British Summer Time),CJ07250707,Idyllic Greece 2025 -7Nights,7,IA,0,24,0,0, ,0
Wed Oct 22 2025 23:56:06 GMT+0100 (British Summer Time),CJ07250707,Idyllic Greece 2025 -7Nights,7,SJA,0,24,0,0, ,0
Wed Oct 22 2025 23:56:06 GMT+0100 (British Summer Time),CJ07250707,Idyllic Greece 2025 -7Nights,7,SP,0,1,0,0, ,0
Wed Oct 22 2025 23:56:06 GMT+0100 (British Summer Time),CJ07250707,Idyllic Greece 2025 -7Nights,7,SG,0,28,0,0, ,0
Wed Oct 22 2025 23:56:06 GMT+0100 (British Summer Time),CJ07250707,Idyllic Greece 2025 -7Nights,7,SJB,0,76,0,0, ,0
Wed Oct 22 2025 23:56:06 GMT+0100 (British Summer Time),CJ07250707,Idyllic Greece 2025 -7Nights,7,XC,0,98,0,0, ,0
Wed Oct 22 2025 23:56:06 GMT+0100 (British Summer Time),CJ07250707,Idyllic Greece 2025 -7Nights,7,XBO,0,34,0,0, ,0
Wed Oct 22 2025 23:56:06 GMT+0100 (British Summer Time),CJ07250707,Idyllic Greece 2025 -7Nights,7,SJC,0,20,0,0, ,0
Wed Oct 22 2025 23:56:06 GMT+0100 (British Summer Time),CJ07250707,Idyllic Greece 2025 -7Nights,7,XA,0,20,0,0, ,0
Wed Oct 22 2025 23:56:06 GMT+0100 (British Summer Time),CJ07250707,Idyllic Greece 2025 -7Nights,7,XB,0,104,0,0, ,0
Wed Oct 22 2025 23:56:06 GMT+0100 (British Summer Time),CJ07250707,Idyllic Greece 2025 -7Nights,7,IB,0,46,0,0, ,0
Wed Oct 22 2025 23:56:06 GMT+0100 (British Summer Time),CJ07250707,Idyllic Greece 2025 -7Nights,7,XD,0,96,0,0, ,0
Wed Oct 22 2025 23:56:06 GMT+0100 (British Summer Time),CJ07250708,Idyllic Greece 2025 -7Nights,7,XB,0,104,0,0, ,0
Wed Oct 22 2025 23:56:06 GMT+0100 (British Summer Time),CJ07250708,Idyllic Greece 2025 -7Nights,7,XA,0,20,0,0, ,0
Wed Oct 22 2025 23:56:06 GMT+0100 (British Summer Time),CJ07250708,Idyllic Greece 2025 -7Nights,7,SJC,0,20,0,0, ,0
Wed Oct 22 2025 23:56:06 GMT+0100 (British Summer Time),CJ07250708,Idyllic Greece 2025 -7Nights,7,XBO,0,34,0,0, ,0
Wed Oct 22 2025 23:56:06 GMT+0100 (British Summer Time),CJ07250708,Idyllic Greece 2025 -7Nights,7,XC,0,98,0,0, ,0
Wed Oct 22 2025 23:56:06 GMT+0100 (British Summer Time),CJ07250708,Idyllic Greece 2025 -7Nights,7,SJB,0,76,0,0, ,0
Wed Oct 22 2025 23:56:06 GMT+0100 (British Summer Time),CJ07250708,Idyllic Greece 2025 -7Nights,7,SG,0,28,0,0, ,0
Wed Oct 22 2025 23:56:06 GMT+0100 (British Summer Time),CJ07250708,Idyllic Greece 2025 -7Nights,7,SP,0,1,0,0, ,0
Wed Oct 22 2025 23:56:06 GMT+0100 (British Summer Time),CJ07250708,Idyllic Greece 2025 -7Nights,7,SJA,0,24,0,0, ,0
Wed Oct 22 2025 23:56:06 GMT+0100 (British Summer Time),CJ07250708,Idyllic Greece 2025 -7Nights,7,IA,0,24,0,0, ,0
Wed Oct 22 2025 23:56:06 GMT+0100 (British Summer Time),CJ07250708,Idyllic Greece 2025 -7Nights,7,IC,0,59,0,0, ,0
Wed Oct 22 2025 23:56:06 GMT+0100 (British Summer Time),CJ07250708,Idyllic Greece 2025 -7Nights,7,IB,0,46,0,0, ,0
Wed Oct 22 2025 23:56:06 GMT+0100 (British Summer Time),CJ07250708,Idyllic Greece 2025 -7Nights,7,XD,0,96,0,0, ,0
Wed Oct 22 2025 23:56:06 GMT+0100 (British Summer Time),CJ07250712,Idyllic Greece 2025 -7Nights,7,XA,0,20,0,0, ,0
Wed Oct 22 2025 23:56:06 GMT+0100 (British Summer Time),CJ07250712,Idyllic Greece 2025 -7Nights,7,SJC,0,20,0,0, ,0
Wed Oct 22 2025 23:56:06 GMT+0100 (British Summer Time),CJ07250712,Idyllic Greece 2025 -7Nights,7,XBO,0,34,0,0, ,0
Wed Oct 22 2025 23:56:06 GMT+0100 (British Summer Time),CJ07250712,Idyllic Greece 2025 -7Nights,7,XC,0,98,0,0, ,0
Wed Oct 22 2025 23:56:06 GMT+0100 (British Summer Time),CJ07250712,Idyllic Greece 2025 -7Nights,7,SJB,0,76,0,0, ,0
Wed Oct 22 2025 23:56:06 GMT+0100 (British Summer Time),CJ07250712,Idyllic Greece 2025 -7Nights,7,SG,0,28,0,0, ,0
Wed Oct 22 2025 23:56:06 GMT+0100 (British Summer Time),CJ07250712,Idyllic Greece 2025 -7Nights,7,SP,0,1,0,0, ,0
Wed Oct 22 2025 23:56:06 GMT+0100 (British Summer Time),CJ07250712,Idyllic Greece 2025 -7Nights,7,SJA,0,24,0,0, ,0
Wed Oct 22 2025 23:56:06 GMT+0100 (British Summer Time),CJ07250712,Idyllic Greece 2025 -7Nights,7,IA,0,24,0,0, ,0
Wed Oct 22 2025 23:56:06 GMT+0100 (British Summer Time),CJ07250712,Idyllic Greece 2025 -7Nights,7,IC,0,59,0,0, ,0
Wed Oct 22 2025 23:56:06 GMT+0100 (British Summer Time),CJ07250712,Idyllic Greece 2025 -7Nights,7,XD,0,96,0,0, ,0
Wed Oct 22 2025 23:56:06 GMT+0100 (British Summer Time),CJ07250712,Idyllic Greece 2025 -7Nights,7,IB,0,46,0,0, ,0
Wed Oct 22 2025 23:56:06 GMT+0100 (British Summer Time),CJ07250712,Idyllic Greece 2025 -7Nights,7,XB,0,104,0,0, ,0
Wed Oct 22 2025 23:56:06 GMT+0100 (British Summer Time),CJ07250713,Idyllic Greece 2025 -7Nights,7,IC,0,59,0,0, ,0
Wed Oct 22 2025 23:56:06 GMT+0100 (British Summer Time),CJ07250713,Idyllic Greece 2025 -7Nights,7,IA,0,24,0,0, ,0
Wed Oct 22 2025 23:56:06 GMT+0100 (British Summer Time),CJ07250713,Idyllic Greece 2025 -7Nights,7,SJA,0,24,0,0, ,0
Wed Oct 22 2025 23:56:06 GMT+0100 (British Summer Time),CJ07250713,Idyllic Greece 2025 -7Nights,7,SP,0,1,0,0, ,0
Wed Oct 22 2025 23:56:06 GMT+0100 (British Summer Time),CJ07250713,Idyllic Greece 2025 -7Nights,7,SG,0,28,0,0, ,0
Wed Oct 22 2025 23:56:06 GMT+0100 (British Summer Time),CJ07250713,Idyllic Greece 2025 -7Nights,7,SJB,0,76,0,0, ,0
Wed Oct 22 2025 23:56:06 GMT+0100 (British Summer Time),CJ07250713,Idyllic Greece 2025 -7Nights,7,XC,0,98,0,0, ,0
Wed Oct 22 2025 23:56:06 GMT+0100 (British Summer Time),CJ07250713,Idyllic Greece 2025 -7Nights,7,XBO,0,34,0,0, ,0
Wed Oct 22 2025 23:56:06 GMT+0100 (British Summer Time),CJ07250713,Idyllic Greece 2025 -7Nights,7,SJC,0,20,0,0, ,0
Wed Oct 22 2025 23:56:06 GMT+0100 (British Summer Time),CJ07250713,Idyllic Greece 2025 -7Nights,7,XA,0,20,0,0, ,0
Wed Oct 22 2025 23:56:06 GMT+0100 (British Summer Time),CJ07250713,Idyllic Greece 2025 -7Nights,7,XB,0,104,0,0, ,0
Wed Oct 22 2025 23:56:06 GMT+0100 (British Summer Time),CJ07250713,Idyllic Greece 2025 -7Nights,7,IB,0,46,0,0, ,0
Wed Oct 22 2025 23:56:06 GMT+0100 (British Summer Time),CJ07250713,Idyllic Greece 2025 -7Nights,7,XD,0,96,0,0, ,0
Wed Oct 22 2025 23:56:06 GMT+0100 (British Summer Time),CJ07250714,Idyllic Greece 2025 -7Nights,7,IB,0,46,0,0, ,0
Wed Oct 22 2025 23:56:06 GMT+0100 (British Summer Time),CJ07250714,Idyllic Greece 2025 -7Nights,7,IC,0,59,0,0, ,0
Wed Oct 22 2025 23:56:06 GMT+0100 (British Summer Time),CJ07250714,Idyllic Greece 2025 -7Nights,7,IA,0,24,0,0, ,0
Wed Oct 22 2025 23:56:06 GMT+0100 (British Summer Time),CJ07250714,Idyllic Greece 2025 -7Nights,7,SP,0,1,0,0, ,0
Wed Oct 22 2025 23:56:06 GMT+0100 (British Summer Time),CJ07250714,Idyllic Greece 2025 -7Nights,7,SG,0,28,0,0, ,0
Wed Oct 22 2025 23:56:06 GMT+0100 (British Summer Time),CJ07250714,Idyllic Greece 2025 -7Nights,7,SJB,0,76,0,0, ,0
Wed Oct 22 2025 23:56:06 GMT+0100 (British Summer Time),CJ07250714,Idyllic Greece 2025 -7Nights,7,XC,0,98,0,0, ,0
Wed Oct 22 2025 23:56:06 GMT+0100 (British Summer Time),CJ07250714,Idyllic Greece 2025 -7Nights,7,XBO,0,34,0,0, ,0
Wed Oct 22 2025 23:56:06 GMT+0100 (British Summer Time),CJ07250714,Idyllic Greece 2025 -7Nights,7,SJC,0,20,0,0, ,0
Wed Oct 22 2025 23:56:06 GMT+0100 (British Summer Time),CJ07250714,Idyllic Greece 2025 -7Nights,7,XA,0,20,0,0, ,0
Wed Oct 22 2025 23:56:06 GMT+0100 (British Summer Time),CJ07250714,Idyllic Greece 2025 -7Nights,7,XB,0,104,0,0, ,0
Wed Oct 22 2025 23:56:06 GMT+0100 (British Summer Time),CJ07250714,Idyllic Greece 2025 -7Nights,7,XD,0,96,0,0, ,0
Wed Oct 22 2025 23:56:06 GMT+0100 (British Summer Time),CJ07250714,Idyllic Greece 2025 -7Nights,7,SJA,0,24,0,0, ,0
Wed Oct 22 2025 23:56:06 GMT+0100 (British Summer Time),CJ07250715,Idyllic Greece 2025 -7Nights,7,IC,0,59,0,0, ,0
Wed Oct 22 2025 23:56:06 GMT+0100 (British Summer Time),CJ07250715,Idyllic Greece 2025 -7Nights,7,IA,0,24,0,0, ,0
Wed Oct 22 2025 23:56:06 GMT+0100 (British Summer Time),CJ07250715,Idyllic Greece 2025 -7Nights,7,SJA,0,24,0,0, ,0
Wed Oct 22 2025 23:56:06 GMT+0100 (British Summer Time),CJ07250715,Idyllic Greece 2025 -7Nights,7,SP,0,1,0,0, ,0
Wed Oct 22 2025 23:56:06 GMT+0100 (British Summer Time),CJ07250715,Idyllic Greece 2025 -7Nights,7,SG,0,28,0,0, ,0
Wed Oct 22 2025 23:56:06 GMT+0100 (British Summer Time),CJ07250715,Idyllic Greece 2025 -7Nights,7,SJB,0,76,0,0, ,0
Wed Oct 22 2025 23:56:06 GMT+0100 (British Summer Time),CJ07250715,Idyllic Greece 2025 -7Nights,7,XC,0,98,0,0, ,0
Wed Oct 22 2025 23:56:06 GMT+0100 (British Summer Time),CJ07250715,Idyllic Greece 2025 -7Nights,7,XBO,0,34,0,0, ,0
Wed Oct 22 2025 23:56:06 GMT+0100 (British Summer Time),CJ07250715,Idyllic Greece 2025 -7Nights,7,SJC,0,20,0,0, ,0
Wed Oct 22 2025 23:56:06 GMT+0100 (British Summer Time),CJ07250715,Idyllic Greece 2025 -7Nights,7,XA,0,20,0,0, ,0
Wed Oct 22 2025 23:56:06 GMT+0100 (British Summer Time),CJ07250715,Idyllic Greece 2025 -7Nights,7,XB,0,104,0,0, ,0
Wed Oct 22 2025 23:56:06 GMT+0100 (British Summer Time),CJ07250715,Idyllic Greece 2025 -7Nights,7,IB,0,46,0,0, ,0
Wed Oct 22 2025 23:56:06 GMT+0100 (British Summer Time),CJ07250715,Idyllic Greece 2025 -7Nights,7,XD,0,96,0,0, ,0
Wed Oct 22 2025 23:56:06 GMT+0100 (British Summer Time),CJ07250719,Idyllic Greece 2025 -7Nights,7,IC,0,59,0,0, ,0
Wed Oct 22 2025 23:56:06 GMT+0100 (British Summer Time),CJ07250719,Idyllic Greece 2025 -7Nights,7,IA,0,24,0,0, ,0
Wed Oct 22 2025 23:56:06 GMT+0100 (British Summer Time),CJ07250719,Idyllic Greece 2025 -7Nights,7,SJA,0,24,0,0, ,0
Wed Oct 22 2025 23:56:06 GMT+0100 (British Summer Time),CJ07250719,Idyllic Greece 2025 -7Nights,7,SP,0,1,0,0, ,0
Wed Oct 22 2025 23:56:06 GMT+0100 (British Summer Time),CJ07250719,Idyllic Greece 2025 -7Nights,7,SG,0,28,0,0, ,0
Wed Oct 22 2025 23:56:06 GMT+0100 (British Summer Time),CJ07250719,Idyllic Greece 2025 -7Nights,7,SJB,0,76,0,0, ,0
Wed Oct 22 2025 23:56:06 GMT+0100 (British Summer Time),CJ07250719,Idyllic Greece 2025 -7Nights,7,XC,0,98,0,0, ,0
Wed Oct 22 2025 23:56:06 GMT+0100 (British Summer Time),CJ07250719,Idyllic Greece 2025 -7Nights,7,XD,0,96,0,0, ,0
Wed Oct 22 2025 23:56:06 GMT+0100 (British Summer Time),CJ07250719,Idyllic Greece 2025 -7Nights,7,XBO,0,34,0,0, ,0
Wed Oct 22 2025 23:56:06 GMT+0100 (British Summer Time),CJ07250719,Idyllic Greece 2025 -7Nights,7,SJC,0,20,0,0, ,0
Wed Oct 22 2025 23:56:06 GMT+0100 (British Summer Time),CJ07250719,Idyllic Greece 2025 -7Nights,7,XA,0,20,0,0, ,0
Wed Oct 22 2025 23:56:06 GMT+0100 (British Summer Time),CJ07250719,Idyllic Greece 2025 -7Nights,7,XB,0,104,0,0, ,0
Wed Oct 22 2025 23:56:06 GMT+0100 (British Summer Time),CJ07250719,Idyllic Greece 2025 -7Nights,7,IB,0,46,0,0, ,0
Wed Oct 22 2025 23:56:06 GMT+0100 (British Summer Time),CJ07250726,"Heavenly Venice,Greece and Croatia - 7Nights",7,SP,0,1,0,0, ,0
Wed Oct 22 2025 23:56:06 GMT+0100 (British Summer Time),CJ07250726,"Heavenly Venice,Greece and Croatia - 7Nights",7,SJA,0,24,0,0, ,0
Wed Oct 22 2025 23:56:06 GMT+0100 (British Summer Time),CJ07250726,"Heavenly Venice,Greece and Croatia - 7Nights",7,IC,0,59,0,0, ,0
Wed Oct 22 2025 23:56:06 GMT+0100 (British Summer Time),CJ07250726,"Heavenly Venice,Greece and Croatia - 7Nights",7,XD,0,96,0,0, ,0
Wed Oct 22 2025 23:56:06 GMT+0100 (British Summer Time),CJ07250726,"Heavenly Venice,Greece and Croatia - 7Nights",7,IB,0,46,0,0, ,0
Wed Oct 22 2025 23:56:06 GMT+0100 (British Summer Time),CJ07250726,"Heavenly Venice,Greece and Croatia - 7Nights",7,XB,0,104,0,0, ,0
Wed Oct 22 2025 23:56:06 GMT+0100 (British Summer Time),CJ07250726,"Heavenly Venice,Greece and Croatia - 7Nights",7,XA,0,20,0,0, ,0
Wed Oct 22 2025 23:56:06 GMT+0100 (British Summer Time),CJ07250726,"Heavenly Venice,Greece and Croatia - 7Nights",7,SJC,0,20,0,0, ,0
Wed Oct 22 2025 23:56:06 GMT+0100 (British Summer Time),CJ07250726,"Heavenly Venice,Greece and Croatia - 7Nights",7,XBO,0,34,0,0, ,0
Wed Oct 22 2025 23:56:06 GMT+0100 (British Summer Time),CJ07250726,"Heavenly Venice,Greece and Croatia - 7Nights",7,XC,0,98,0,0, ,0
Wed Oct 22 2025 23:56:06 GMT+0100 (British Summer Time),CJ07250726,"Heavenly Venice,Greece and Croatia - 7Nights",7,SJB,0,76,0,0, ,0
Wed Oct 22 2025 23:56:06 GMT+0100 (British Summer Time),CJ07250726,"Heavenly Venice,Greece and Croatia - 7Nights",7,IA,0,24,0,0, ,0
Wed Oct 22 2025 23:56:06 GMT+0100 (British Summer Time),CJ07250726,"Heavenly Venice,Greece and Croatia - 7Nights",7,SG,0,28,0,0, ,0
Wed Oct 22 2025 23:56:06 GMT+0100 (British Summer Time),CJ07250802,Idyllic Greece 2025 -7Nights,7,IB,0,46,0,0, ,0
Wed Oct 22 2025 23:56:06 GMT+0100 (British Summer Time),CJ07250802,Idyllic Greece 2025 -7Nights,7,XB,0,104,0,0, ,0
Wed Oct 22 2025 23:56:06 GMT+0100 (British Summer Time),CJ07250802,Idyllic Greece 2025 -7Nights,7,XA,0,20,0,0, ,0
Wed Oct 22 2025 23:56:06 GMT+0100 (British Summer Time),CJ07250802,Idyllic Greece 2025 -7Nights,7,SJC,0,20,0,0, ,0
Wed Oct 22 2025 23:56:06 GMT+0100 (British Summer Time),CJ07250802,Idyllic Greece 2025 -7Nights,7,XBO,0,34,0,0, ,0
Wed Oct 22 2025 23:56:06 GMT+0100 (British Summer Time),CJ07250802,Idyllic Greece 2025 -7Nights,7,XC,0,98,0,0, ,0
Wed Oct 22 2025 23:56:06 GMT+0100 (British Summer Time),CJ07250802,Idyllic Greece 2025 -7Nights,7,SJB,0,76,0,0, ,0
Wed Oct 22 2025 23:56:06 GMT+0100 (British Summer Time),CJ07250802,Idyllic Greece 2025 -7Nights,7,SG,0,28,0,0, ,0
Wed Oct 22 2025 23:56:06 GMT+0100 (British Summer Time),CJ07250802,Idyllic Greece 2025 -7Nights,7,SP,0,1,0,0, ,0
Wed Oct 22 2025 23:56:06 GMT+0100 (British Summer Time),CJ07250802,Idyllic Greece 2025 -7Nights,7,SJA,0,24,0,0, ,0
Wed Oct 22 2025 23:56:06 GMT+0100 (British Summer Time),CJ07250802,Idyllic Greece 2025 -7Nights,7,IA,0,24,0,0, ,0
Wed Oct 22 2025 23:56:06 GMT+0100 (British Summer Time),CJ07250802,Idyllic Greece 2025 -7Nights,7,IC,0,59,0,0, ,0
Wed Oct 22 2025 23:56:06 GMT+0100 (British Summer Time),CJ07250802,Idyllic Greece 2025 -7Nights,7,XD,0,96,0,0, ,0
Wed Oct 22 2025 23:56:06 GMT+0100 (British Summer Time),CJ07250809,"Heavenly Venice,Greece and Croatia - 7Nights",7,IB,0,46,0,0, ,0
Wed Oct 22 2025 23:56:06 GMT+0100 (British Summer Time),CJ07250809,"Heavenly Venice,Greece and Croatia - 7Nights",7,IA,0,24,0,0, ,0
Wed Oct 22 2025 23:56:06 GMT+0100 (British Summer Time),CJ07250809,"Heavenly Venice,Greece and Croatia - 7Nights",7,XB,0,104,0,0, ,0
Wed Oct 22 2025 23:56:06 GMT+0100 (British Summer Time),CJ07250809,"Heavenly Venice,Greece and Croatia - 7Nights",7,XA,0,20,0,0, ,0
Wed Oct 22 2025 23:56:06 GMT+0100 (British Summer Time),CJ07250809,"Heavenly Venice,Greece and Croatia - 7Nights",7,SJC,0,20,0,0, ,0
Wed Oct 22 2025 23:56:06 GMT+0100 (British Summer Time),CJ07250809,"Heavenly Venice,Greece and Croatia - 7Nights",7,XBO,0,34,0,0, ,0
Wed Oct 22 2025 23:56:06 GMT+0100 (British Summer Time),CJ07250809,"Heavenly Venice,Greece and Croatia - 7Nights",7,XC,0,98,0,0, ,0
Wed Oct 22 2025 23:56:06 GMT+0100 (British Summer Time),CJ07250809,"Heavenly Venice,Greece and Croatia - 7Nights",7,SJB,0,76,0,0, ,0
Wed Oct 22 2025 23:56:06 GMT+0100 (British Summer Time),CJ07250809,"Heavenly Venice,Greece and Croatia - 7Nights",7,SG,0,28,0,0, ,0
Wed Oct 22 2025 23:56:06 GMT+0100 (British Summer Time),CJ07250809,"Heavenly Venice,Greece and Croatia - 7Nights",7,SP,0,1,0,0, ,0
Wed Oct 22 2025 23:56:06 GMT+0100 (British Summer Time),CJ07250809,"Heavenly Venice,Greece and Croatia - 7Nights",7,SJA,0,24,0,0, ,0
Wed Oct 22 2025 23:56:06 GMT+0100 (British Summer Time),CJ07250809,"Heavenly Venice,Greece and Croatia - 7Nights",7,IC,0,59,0,0, ,0
Wed Oct 22 2025 23:56:06 GMT+0100 (British Summer Time),CJ07250809,"Heavenly Venice,Greece and Croatia - 7Nights",7,XD,0,96,0,0, ,0
Wed Oct 22 2025 23:56:06 GMT+0100 (British Summer Time),CJ07250816,Idyllic Greece 2025 -7Nights,7,XA,0,20,0,0, ,0
Wed Oct 22 2025 23:56:06 GMT+0100 (British Summer Time),CJ07250816,Idyllic Greece 2025 -7Nights,7,SG,0,28,0,0, ,0
Wed Oct 22 2025 23:56:06 GMT+0100 (British Summer Time),CJ07250816,Idyllic Greece 2025 -7Nights,7,SP,0,1,0,0, ,0
Wed Oct 22 2025 23:56:06 GMT+0100 (British Summer Time),CJ07250816,Idyllic Greece 2025 -7Nights,7,SJA,0,24,0,0, ,0
Wed Oct 22 2025 23:56:06 GMT+0100 (British Summer Time),CJ07250816,Idyllic Greece 2025 -7Nights,7,IC,0,59,0,0, ,0
Wed Oct 22 2025 23:56:06 GMT+0100 (British Summer Time),CJ07250816,Idyllic Greece 2025 -7Nights,7,XD,0,96,0,0, ,0
Wed Oct 22 2025 23:56:06 GMT+0100 (British Summer Time),CJ07250816,Idyllic Greece 2025 -7Nights,7,SJC,0,20,0,0, ,0
Wed Oct 22 2025 23:56:06 GMT+0100 (British Summer Time),CJ07250816,Idyllic Greece 2025 -7Nights,7,XBO,0,34,0,0, ,0
Wed Oct 22 2025 23:56:06 GMT+0100 (British Summer Time),CJ07250816,Idyllic Greece 2025 -7Nights,7,XC,0,98,0,0, ,0
Wed Oct 22 2025 23:56:06 GMT+0100 (British Summer Time),CJ07250816,Idyllic Greece 2025 -7Nights,7,SJB,0,76,0,0, ,0
Wed Oct 22 2025 23:56:06 GMT+0100 (British Summer Time),CJ07250816,Idyllic Greece 2025 -7Nights,7,IA,0,24,0,0, ,0
Wed Oct 22 2025 23:56:06 GMT+0100 (British Summer Time),CJ07250816,Idyllic Greece 2025 -7Nights,7,IB,0,46,0,0, ,0
Wed Oct 22 2025 23:56:06 GMT+0100 (British Summer Time),CJ07250816,Idyllic Greece 2025 -7Nights,7,XB,0,104,0,0, ,0
Wed Oct 22 2025 23:56:06 GMT+0100 (British Summer Time),CJ07250823,"Heavenly Venice,Greece and Croatia - 7Nights",7,IB,0,46,0,0, ,0
Wed Oct 22 2025 23:56:06 GMT+0100 (British Summer Time),CJ07250823,"Heavenly Venice,Greece and Croatia - 7Nights",7,XD,0,96,0,0, ,0
Wed Oct 22 2025 23:56:06 GMT+0100 (British Summer Time),CJ07250823,"Heavenly Venice,Greece and Croatia - 7Nights",7,IC,0,59,0,0, ,0
Wed Oct 22 2025 23:56:06 GMT+0100 (British Summer Time),CJ07250823,"Heavenly Venice,Greece and Croatia - 7Nights",7,IA,0,24,0,0, ,0
Wed Oct 22 2025 23:56:06 GMT+0100 (British Summer Time),CJ07250823,"Heavenly Venice,Greece and Croatia - 7Nights",7,SJA,0,24,0,0, ,0
Wed Oct 22 2025 23:56:06 GMT+0100 (British Summer Time),CJ07250823,"Heavenly Venice,Greece and Croatia - 7Nights",7,SP,0,1,0,0, ,0
Wed Oct 22 2025 23:56:06 GMT+0100 (British Summer Time),CJ07250823,"Heavenly Venice,Greece and Croatia - 7Nights",7,SG,0,28,0,0, ,0
Wed Oct 22 2025 23:56:06 GMT+0100 (British Summer Time),CJ07250823,"Heavenly Venice,Greece and Croatia - 7Nights",7,SJB,0,76,0,0, ,0
Wed Oct 22 2025 23:56:06 GMT+0100 (British Summer Time),CJ07250823,"Heavenly Venice,Greece and Croatia - 7Nights",7,XC,0,98,0,0, ,0
Wed Oct 22 2025 23:56:06 GMT+0100 (British Summer Time),CJ07250823,"Heavenly Venice,Greece and Croatia - 7Nights",7,XBO,0,34,0,0, ,0
Wed Oct 22 2025 23:56:06 GMT+0100 (British Summer Time),CJ07250823,"Heavenly Venice,Greece and Croatia - 7Nights",7,SJC,0,20,0,0, ,0
Wed Oct 22 2025 23:56:06 GMT+0100 (British Summer Time),CJ07250823,"Heavenly Venice,Greece and Croatia - 7Nights",7,XA,0,20,0,0, ,0
Wed Oct 22 2025 23:56:06 GMT+0100 (British Summer Time),CJ07250823,"Heavenly Venice,Greece and Croatia - 7Nights",7,XB,0,104,0,0, ,0
Wed Oct 22 2025 23:56:06 GMT+0100 (British Summer Time),CJ07250830,Idyllic Greece 2025 -7Nights,7,XD,0,96,0,0, ,0
Wed Oct 22 2025 23:56:06 GMT+0100 (British Summer Time),CJ07250830,Idyllic Greece 2025 -7Nights,7,IB,0,46,0,0, ,0
Wed Oct 22 2025 23:56:06 GMT+0100 (British Summer Time),CJ07250830,Idyllic Greece 2025 -7Nights,7,XB,0,104,0,0, ,0
Wed Oct 22 2025 23:56:06 GMT+0100 (British Summer Time),CJ07250830,Idyllic Greece 2025 -7Nights,7,XA,0,20,0,0, ,0
Wed Oct 22 2025 23:56:06 GMT+0100 (British Summer Time),CJ07250830,Idyllic Greece 2025 -7Nights,7,SJC,0,20,0,0, ,0
Wed Oct 22 2025 23:56:06 GMT+0100 (British Summer Time),CJ07250830,Idyllic Greece 2025 -7Nights,7,XBO,0,34,0,0, ,0
Wed Oct 22 2025 23:56:06 GMT+0100 (British Summer Time),CJ07250830,Idyllic Greece 2025 -7Nights,7,XC,0,98,0,0, ,0
Wed Oct 22 2025 23:56:06 GMT+0100 (British Summer Time),CJ07250830,Idyllic Greece 2025 -7Nights,7,SJB,0,76,0,0, ,0
Wed Oct 22 2025 23:56:06 GMT+0100 (British Summer Time),CJ07250830,Idyllic Greece 2025 -7Nights,7,SG,0,28,0,0, ,0
Wed Oct 22 2025 23:56:06 GMT+0100 (British Summer Time),CJ07250830,Idyllic Greece 2025 -7Nights,7,SP,0,1,0,0, ,0
Wed Oct 22 2025 23:56:06 GMT+0100 (British Summer Time),CJ07250830,Idyllic Greece 2025 -7Nights,7,SJA,0,24,0,0, ,0
Wed Oct 22 2025 23:56:06 GMT+0100 (British Summer Time),CJ07250830,Idyllic Greece 2025 -7Nights,7,IA,0,24,0,0, ,0
Wed Oct 22 2025 23:56:06 GMT+0100 (British Summer Time),CJ07250830,Idyllic Greece 2025 -7Nights,7,IC,0,59,0,0, ,0
Wed Oct 22 2025 23:56:06 GMT+0100 (British Summer Time),CJ07250831,Idyllic Greece 2025 -7Nights,7,IC,0,59,0,0, ,0
Wed Oct 22 2025 23:56:06 GMT+0100 (British Summer Time),CJ07250831,Idyllic Greece 2025 -7Nights,7,IA,0,24,0,0, ,0
Wed Oct 22 2025 23:56:06 GMT+0100 (British Summer Time),CJ07250831,Idyllic Greece 2025 -7Nights,7,SJA,0,24,0,0, ,0
Wed Oct 22 2025 23:56:06 GMT+0100 (British Summer Time),CJ07250831,Idyllic Greece 2025 -7Nights,7,SP,0,1,0,0, ,0
Wed Oct 22 2025 23:56:06 GMT+0100 (British Summer Time),CJ07250831,Idyllic Greece 2025 -7Nights,7,SG,0,28,0,0, ,0
Wed Oct 22 2025 23:56:06 GMT+0100 (British Summer Time),CJ07250831,Idyllic Greece 2025 -7Nights,7,SJB,0,76,0,0, ,0
Wed Oct 22 2025 23:56:06 GMT+0100 (British Summer Time),CJ07250831,Idyllic Greece 2025 -7Nights,7,XC,0,98,0,0, ,0
Wed Oct 22 2025 23:56:06 GMT+0100 (British Summer Time),CJ07250831,Idyllic Greece 2025 -7Nights,7,XBO,0,34,0,0, ,0
Wed Oct 22 2025 23:56:06 GMT+0100 (British Summer Time),CJ07250831,Idyllic Greece 2025 -7Nights,7,SJC,0,20,0,0, ,0
Wed Oct 22 2025 23:56:06 GMT+0100 (British Summer Time),CJ07250831,Idyllic Greece 2025 -7Nights,7,XA,0,20,0,0, ,0
Wed Oct 22 2025 23:56:06 GMT+0100 (British Summer Time),CJ07250831,Idyllic Greece 2025 -7Nights,7,XB,0,104,0,0, ,0
Wed Oct 22 2025 23:56:06 GMT+0100 (British Summer Time),CJ07250831,Idyllic Greece 2025 -7Nights,7,IB,0,46,0,0, ,0
Wed Oct 22 2025 23:56:06 GMT+0100 (British Summer Time),CJ07250831,Idyllic Greece 2025 -7Nights,7,XD,0,96,0,0, ,0
Wed Oct 22 2025 23:56:06 GMT+0100 (British Summer Time),CJ07250901,Idyllic Greece 2025 -7Nights,7,XB,0,104,0,0, ,0
Wed Oct 22 2025 23:56:06 GMT+0100 (British Summer Time),CJ07250901,Idyllic Greece 2025 -7Nights,7,IB,0,46,0,0, ,0
Wed Oct 22 2025 23:56:06 GMT+0100 (British Summer Time),CJ07250901,Idyllic Greece 2025 -7Nights,7,IC,0,59,0,0, ,0
Wed Oct 22 2025 23:56:06 GMT+0100 (British Summer Time),CJ07250901,Idyllic Greece 2025 -7Nights,7,SJB,0,76,0,0, ,0
Wed Oct 22 2025 23:56:06 GMT+0100 (British Summer Time),CJ07250901,Idyllic Greece 2025 -7Nights,7,XC,0,98,0,0, ,0
Wed Oct 22 2025 23:56:06 GMT+0100 (British Summer Time),CJ07250901,Idyllic Greece 2025 -7Nights,7,XBO,0,34,0,0, ,0
Wed Oct 22 2025 23:56:06 GMT+0100 (British Summer Time),CJ07250901,Idyllic Greece 2025 -7Nights,7,XD,0,96,0,0, ,0
Wed Oct 22 2025 23:56:06 GMT+0100 (British Summer Time),CJ07250901,Idyllic Greece 2025 -7Nights,7,IA,0,24,0,0, ,0
Wed Oct 22 2025 23:56:06 GMT+0100 (British Summer Time),CJ07250901,Idyllic Greece 2025 -7Nights,7,SJA,0,24,0,0, ,0
Wed Oct 22 2025 23:56:06 GMT+0100 (British Summer Time),CJ07250901,Idyllic Greece 2025 -7Nights,7,SP,0,1,0,0, ,0
Wed Oct 22 2025 23:56:06 GMT+0100 (British Summer Time),CJ07250901,Idyllic Greece 2025 -7Nights,7,SG,0,28,0,0, ,0
Wed Oct 22 2025 23:56:06 GMT+0100 (British Summer Time),CJ07250901,Idyllic Greece 2025 -7Nights,7,SJC,0,20,0,0, ,0
Wed Oct 22 2025 23:56:06 GMT+0100 (British Summer Time),CJ07250901,Idyllic Greece 2025 -7Nights,7,XA,0,20,0,0, ,0
Wed Oct 22 2025 23:56:06 GMT+0100 (British Summer Time),CJ07250906,Idyllic Greece 2025 -7Nights,7,IC,0,59,0,0, ,0
Wed Oct 22 2025 23:56:06 GMT+0100 (British Summer Time),CJ07250906,Idyllic Greece 2025 -7Nights,7,IA,0,24,0,0, ,0
Wed Oct 22 2025 23:56:06 GMT+0100 (British Summer Time),CJ07250906,Idyllic Greece 2025 -7Nights,7,SJA,0,24,0,0, ,0
Wed Oct 22 2025 23:56:06 GMT+0100 (British Summer Time),CJ07250906,Idyllic Greece 2025 -7Nights,7,SP,0,1,0,0, ,0
Wed Oct 22 2025 23:56:06 GMT+0100 (British Summer Time),CJ07250906,Idyllic Greece 2025 -7Nights,7,SG,0,28,0,0, ,0
Wed Oct 22 2025 23:56:06 GMT+0100 (British Summer Time),CJ07250906,Idyllic Greece 2025 -7Nights,7,SJB,0,76,0,0, ,0
Wed Oct 22 2025 23:56:06 GMT+0100 (British Summer Time),CJ07250906,Idyllic Greece 2025 -7Nights,7,XC,0,98,0,0, ,0
Wed Oct 22 2025 23:56:06 GMT+0100 (British Summer Time),CJ07250906,Idyllic Greece 2025 -7Nights,7,XBO,0,34,0,0, ,0
Wed Oct 22 2025 23:56:06 GMT+0100 (British Summer Time),CJ07250906,Idyllic Greece 2025 -7Nights,7,SJC,0,20,0,0, ,0
Wed Oct 22 2025 23:56:06 GMT+0100 (British Summer Time),CJ07250906,Idyllic Greece 2025 -7Nights,7,XA,0,20,0,0, ,0
Wed Oct 22 2025 23:56:06 GMT+0100 (British Summer Time),CJ07250906,Idyllic Greece 2025 -7Nights,7,XB,0,104,0,0, ,0
Wed Oct 22 2025 23:56:06 GMT+0100 (British Summer Time),CJ07250906,Idyllic Greece 2025 -7Nights,7,IB,0,46,0,0, ,0
Wed Oct 22 2025 23:56:06 GMT+0100 (British Summer Time),CJ07250906,Idyllic Greece 2025 -7Nights,7,XD,0,96,0,0, ,0
Wed Oct 22 2025 23:56:06 GMT+0100 (British Summer Time),CJ07250907,Idyllic Greece 2025 -7Nights,7,XB,0,104,0,0, ,0
Wed Oct 22 2025 23:56:06 GMT+0100 (British Summer Time),CJ07250907,Idyllic Greece 2025 -7Nights,7,IB,0,46,0,0, ,0
Wed Oct 22 2025 23:56:06 GMT+0100 (British Summer Time),CJ07250907,Idyllic Greece 2025 -7Nights,7,XA,0,20,0,0, ,0
Wed Oct 22 2025 23:56:06 GMT+0100 (British Summer Time),CJ07250907,Idyllic Greece 2025 -7Nights,7,IC,0,59,0,0, ,0
Wed Oct 22 2025 23:56:06 GMT+0100 (British Summer Time),CJ07250907,Idyllic Greece 2025 -7Nights,7,SP,0,1,0,0, ,0
Wed Oct 22 2025 23:56:06 GMT+0100 (British Summer Time),CJ07250907,Idyllic Greece 2025 -7Nights,7,SG,0,28,0,0, ,0
Wed Oct 22 2025 23:56:06 GMT+0100 (British Summer Time),CJ07250907,Idyllic Greece 2025 -7Nights,7,XD,0,96,0,0, ,0
Wed Oct 22 2025 23:56:06 GMT+0100 (British Summer Time),CJ07250907,Idyllic Greece 2025 -7Nights,7,IA,0,24,0,0, ,0
Wed Oct 22 2025 23:56:06 GMT+0100 (British Summer Time),CJ07250907,Idyllic Greece 2025 -7Nights,7,SJA,0,24,0,0, ,0
Wed Oct 22 2025 23:56:06 GMT+0100 (British Summer Time),CJ07250907,Idyllic Greece 2025 -7Nights,7,SJB,0,76,0,0, ,0
Wed Oct 22 2025 23:56:06 GMT+0100 (British Summer Time),CJ07250907,Idyllic Greece 2025 -7Nights,7,XC,0,98,0,0, ,0
Wed Oct 22 2025 23:56:06 GMT+0100 (British Summer Time),CJ07250907,Idyllic Greece 2025 -7Nights,7,XBO,0,34,0,0, ,0
Wed Oct 22 2025 23:56:06 GMT+0100 (British Summer Time),CJ07250907,Idyllic Greece 2025 -7Nights,7,SJC,0,20,0,0, ,0
Wed Oct 22 2025 23:56:06 GMT+0100 (British Summer Time),CJ07250908,Idyllic Greece 2025 -7Nights,7,SJC,0,20,0,0, ,0
Wed Oct 22 2025 23:56:06 GMT+0100 (British Summer Time),CJ07250908,Idyllic Greece 2025 -7Nights,7,XBO,0,34,0,0, ,0
Wed Oct 22 2025 23:56:06 GMT+0100 (British Summer Time),CJ07250908,Idyllic Greece 2025 -7Nights,7,XC,0,98,0,0, ,0
Wed Oct 22 2025 23:56:06 GMT+0100 (British Summer Time),CJ07250908,Idyllic Greece 2025 -7Nights,7,SJB,0,76,0,0, ,0
Wed Oct 22 2025 23:56:06 GMT+0100 (British Summer Time),CJ07250908,Idyllic Greece 2025 -7Nights,7,SJA,0,24,0,0, ,0
Wed Oct 22 2025 23:56:06 GMT+0100 (British Summer Time),CJ07250908,Idyllic Greece 2025 -7Nights,7,IA,0,24,0,0, ,0
Wed Oct 22 2025 23:56:06 GMT+0100 (British Summer Time),CJ07250908,Idyllic Greece 2025 -7Nights,7,XB,0,104,0,0, ,0
Wed Oct 22 2025 23:56:06 GMT+0100 (British Summer Time),CJ07250908,Idyllic Greece 2025 -7Nights,7,IB,0,46,0,0, ,0
Wed Oct 22 2025 23:56:06 GMT+0100 (British Summer Time),CJ07250908,Idyllic Greece 2025 -7Nights,7,IC,0,59,0,0, ,0
Wed Oct 22 2025 23:56:06 GMT+0100 (British Summer Time),CJ07250908,Idyllic Greece 2025 -7Nights,7,SP,0,1,0,0, ,0
Wed Oct 22 2025 23:56:06 GMT+0100 (British Summer Time),CJ07250908,Idyllic Greece 2025 -7Nights,7,SG,0,28,0,0, ,0
Wed Oct 22 2025 23:56:06 GMT+0100 (British Summer Time),CJ07250908,Idyllic Greece 2025 -7Nights,7,XD,0,96,0,0, ,0
Wed Oct 22 2025 23:56:06 GMT+0100 (British Summer Time),CJ07250908,Idyllic Greece 2025 -7Nights,7,XA,0,20,0,0, ,0
Wed Oct 22 2025 23:56:06 GMT+0100 (British Summer Time),CJ07250913,Idyllic Greece 2025 -7Nights,7,SP,0,1,0,0, ,0
Wed Oct 22 2025 23:56:06 GMT+0100 (British Summer Time),CJ07250913,Idyllic Greece 2025 -7Nights,7,SJA,0,24,0,0, ,0
Wed Oct 22 2025 23:56:06 GMT+0100 (British Summer Time),CJ07250913,Idyllic Greece 2025 -7Nights,7,IC,0,59,0,0, ,0
Wed Oct 22 2025 23:56:06 GMT+0100 (British Summer Time),CJ07250913,Idyllic Greece 2025 -7Nights,7,XD,0,96,0,0, ,0
Wed Oct 22 2025 23:56:06 GMT+0100 (British Summer Time),CJ07250913,Idyllic Greece 2025 -7Nights,7,XB,0,104,0,0, ,0
Wed Oct 22 2025 23:56:06 GMT+0100 (British Summer Time),CJ07250913,Idyllic Greece 2025 -7Nights,7,XA,0,20,0,0, ,0
Wed Oct 22 2025 23:56:06 GMT+0100 (British Summer Time),CJ07250913,Idyllic Greece 2025 -7Nights,7,SJC,0,20,0,0, ,0
Wed Oct 22 2025 23:56:06 GMT+0100 (British Summer Time),CJ07250913,Idyllic Greece 2025 -7Nights,7,XBO,0,34,0,0, ,0
Wed Oct 22 2025 23:56:06 GMT+0100 (British Summer Time),CJ07250913,Idyllic Greece 2025 -7Nights,7,XC,0,98,0,0, ,0
Wed Oct 22 2025 23:56:06 GMT+0100 (British Summer Time),CJ07250913,Idyllic Greece 2025 -7Nights,7,SJB,0,76,0,0, ,0
Wed Oct 22 2025 23:56:06 GMT+0100 (British Summer Time),CJ07250913,Idyllic Greece 2025 -7Nights,7,IA,0,24,0,0, ,0
Wed Oct 22 2025 23:56:06 GMT+0100 (British Summer Time),CJ07250913,Idyllic Greece 2025 -7Nights,7,IB,0,46,0,0, ,0
Wed Oct 22 2025 23:56:06 GMT+0100 (British Summer Time),CJ07250913,Idyllic Greece 2025 -7Nights,7,SG,0,28,0,0, ,0
Wed Oct 22 2025 23:56:06 GMT+0100 (British Summer Time),CJ07250914,Idyllic Greece 2025 -7Nights,7,XA,0,20,0,0, ,0
Wed Oct 22 2025 23:56:06 GMT+0100 (British Summer Time),CJ07250914,Idyllic Greece 2025 -7Nights,7,XB,0,104,0,0, ,0
Wed Oct 22 2025 23:56:06 GMT+0100 (British Summer Time),CJ07250914,Idyllic Greece 2025 -7Nights,7,IB,0,46,0,0, ,0
Wed Oct 22 2025 23:56:06 GMT+0100 (British Summer Time),CJ07250914,Idyllic Greece 2025 -7Nights,7,SJC,0,20,0,0, ,0
Wed Oct 22 2025 23:56:06 GMT+0100 (British Summer Time),CJ07250914,Idyllic Greece 2025 -7Nights,7,XBO,0,34,0,0, ,0
Wed Oct 22 2025 23:56:06 GMT+0100 (British Summer Time),CJ07250914,Idyllic Greece 2025 -7Nights,7,XC,0,98,0,0, ,0
Wed Oct 22 2025 23:56:06 GMT+0100 (British Summer Time),CJ07250914,Idyllic Greece 2025 -7Nights,7,SJB,0,76,0,0, ,0
Wed Oct 22 2025 23:56:06 GMT+0100 (British Summer Time),CJ07250914,Idyllic Greece 2025 -7Nights,7,SG,0,28,0,0, ,0
Wed Oct 22 2025 23:56:06 GMT+0100 (British Summer Time),CJ07250914,Idyllic Greece 2025 -7Nights,7,SP,0,1,0,0, ,0
Wed Oct 22 2025 23:56:06 GMT+0100 (British Summer Time),CJ07250914,Idyllic Greece 2025 -7Nights,7,SJA,0,24,0,0, ,0
Wed Oct 22 2025 23:56:06 GMT+0100 (British Summer Time),CJ07250914,Idyllic Greece 2025 -7Nights,7,IA,0,24,0,0, ,0
Wed Oct 22 2025 23:56:06 GMT+0100 (British Summer Time),CJ07250914,Idyllic Greece 2025 -7Nights,7,IC,0,59,0,0, ,0
Wed Oct 22 2025 23:56:06 GMT+0100 (British Summer Time),CJ07250914,Idyllic Greece 2025 -7Nights,7,XD,0,96,0,0, ,0
Wed Oct 22 2025 23:56:06 GMT+0100 (British Summer Time),CJ07250915,Idyllic Greece 2025 -7Nights,7,XBO,0,34,0,0, ,0
Wed Oct 22 2025 23:56:06 GMT+0100 (British Summer Time),CJ07250915,Idyllic Greece 2025 -7Nights,7,XC,0,98,0,0, ,0
Wed Oct 22 2025 23:56:06 GMT+0100 (British Summer Time),CJ07250915,Idyllic Greece 2025 -7Nights,7,SJB,0,76,0,0, ,0
Wed Oct 22 2025 23:56:06 GMT+0100 (British Summer Time),CJ07250915,Idyllic Greece 2025 -7Nights,7,IC,0,59,0,0, ,0
Wed Oct 22 2025 23:56:06 GMT+0100 (British Summer Time),CJ07250915,Idyllic Greece 2025 -7Nights,7,XD,0,96,0,0, ,0
Wed Oct 22 2025 23:56:06 GMT+0100 (British Summer Time),CJ07250915,Idyllic Greece 2025 -7Nights,7,IA,0,24,0,0, ,0
Wed Oct 22 2025 23:56:06 GMT+0100 (British Summer Time),CJ07250915,Idyllic Greece 2025 -7Nights,7,SJA,0,24,0,0, ,0
Wed Oct 22 2025 23:56:06 GMT+0100 (British Summer Time),CJ07250915,Idyllic Greece 2025 -7Nights,7,SP,0,1,0,0, ,0
Wed Oct 22 2025 23:56:06 GMT+0100 (British Summer Time),CJ07250915,Idyllic Greece 2025 -7Nights,7,SG,0,28,0,0, ,0
Wed Oct 22 2025 23:56:06 GMT+0100 (British Summer Time),CJ07250915,Idyllic Greece 2025 -7Nights,7,SJC,0,20,0,0, ,0
Wed Oct 22 2025 23:56:06 GMT+0100 (British Summer Time),CJ07250915,Idyllic Greece 2025 -7Nights,7,IB,0,46,0,0, ,0
Wed Oct 22 2025 23:56:06 GMT+0100 (British Summer Time),CJ07250915,Idyllic Greece 2025 -7Nights,7,XB,0,104,0,0, ,0
Wed Oct 22 2025 23:56:06 GMT+0100 (British Summer Time),CJ07250915,Idyllic Greece 2025 -7Nights,7,XA,0,20,0,0, ,0
Wed Oct 22 2025 23:56:06 GMT+0100 (British Summer Time),CJ07250920,Idyllic Greece 2025 -7Nights,7,SJB,0,76,0,0, ,0
Wed Oct 22 2025 23:56:06 GMT+0100 (British Summer Time),CJ07250920,Idyllic Greece 2025 -7Nights,7,SG,0,28,0,0, ,0
Wed Oct 22 2025 23:56:06 GMT+0100 (British Summer Time),CJ07250920,Idyllic Greece 2025 -7Nights,7,SP,0,1,0,0, ,0
Wed Oct 22 2025 23:56:06 GMT+0100 (British Summer Time),CJ07250920,Idyllic Greece 2025 -7Nights,7,SJA,0,24,0,0, ,0
Wed Oct 22 2025 23:56:06 GMT+0100 (British Summer Time),CJ07250920,Idyllic Greece 2025 -7Nights,7,IA,0,24,0,0, ,0
Wed Oct 22 2025 23:56:06 GMT+0100 (British Summer Time),CJ07250920,Idyllic Greece 2025 -7Nights,7,IC,0,59,0,0, ,0
Wed Oct 22 2025 23:56:06 GMT+0100 (British Summer Time),CJ07250920,Idyllic Greece 2025 -7Nights,7,XC,0,98,0,0, ,0
Wed Oct 22 2025 23:56:06 GMT+0100 (British Summer Time),CJ07250920,Idyllic Greece 2025 -7Nights,7,XBO,0,34,0,0, ,0
Wed Oct 22 2025 23:56:06 GMT+0100 (British Summer Time),CJ07250920,Idyllic Greece 2025 -7Nights,7,SJC,0,20,0,0, ,0
Wed Oct 22 2025 23:56:06 GMT+0100 (British Summer Time),CJ07250920,Idyllic Greece 2025 -7Nights,7,XA,0,20,0,0, ,0
Wed Oct 22 2025 23:56:06 GMT+0100 (British Summer Time),CJ07250920,Idyllic Greece 2025 -7Nights,7,XB,0,104,0,0, ,0
Wed Oct 22 2025 23:56:06 GMT+0100 (British Summer Time),CJ07250920,Idyllic Greece 2025 -7Nights,7,IB,0,46,0,0, ,0
Wed Oct 22 2025 23:56:06 GMT+0100 (British Summer Time),CJ07250920,Idyllic Greece 2025 -7Nights,7,XD,0,96,0,0, ,0
Wed Oct 22 2025 23:56:06 GMT+0100 (British Summer Time),CJ07250921,Idyllic Greece 2025 -7Nights,7,XB,0,104,0,0, ,0
Wed Oct 22 2025 23:56:06 GMT+0100 (British Summer Time),CJ07250921,Idyllic Greece 2025 -7Nights,7,SJB,0,76,0,0, ,0
Wed Oct 22 2025 23:56:06 GMT+0100 (British Summer Time),CJ07250921,Idyllic Greece 2025 -7Nights,7,XC,0,98,0,0, ,0
Wed Oct 22 2025 23:56:06 GMT+0100 (British Summer Time),CJ07250921,Idyllic Greece 2025 -7Nights,7,XBO,0,34,0,0, ,0
Wed Oct 22 2025 23:56:06 GMT+0100 (British Summer Time),CJ07250921,Idyllic Greece 2025 -7Nights,7,IB,0,46,0,0, ,0
Wed Oct 22 2025 23:56:06 GMT+0100 (British Summer Time),CJ07250921,Idyllic Greece 2025 -7Nights,7,XD,0,96,0,0, ,0
Wed Oct 22 2025 23:56:06 GMT+0100 (British Summer Time),CJ07250921,Idyllic Greece 2025 -7Nights,7,IC,0,59,0,0, ,0
Wed Oct 22 2025 23:56:06 GMT+0100 (British Summer Time),CJ07250921,Idyllic Greece 2025 -7Nights,7,IA,0,24,0,0, ,0
Wed Oct 22 2025 23:56:06 GMT+0100 (British Summer Time),CJ07250921,Idyllic Greece 2025 -7Nights,7,SJA,0,24,0,0, ,0
Wed Oct 22 2025 23:56:06 GMT+0100 (British Summer Time),CJ07250921,Idyllic Greece 2025 -7Nights,7,SP,0,1,0,0, ,0
Wed Oct 22 2025 23:56:06 GMT+0100 (British Summer Time),CJ07250921,Idyllic Greece 2025 -7Nights,7,SG,0,28,0,0, ,0
Wed Oct 22 2025 23:56:06 GMT+0100 (British Summer Time),CJ07250921,Idyllic Greece 2025 -7Nights,7,SJC,0,20,0,0, ,0
Wed Oct 22 2025 23:56:06 GMT+0100 (British Summer Time),CJ07250921,Idyllic Greece 2025 -7Nights,7,XA,0,20,0,0, ,0
Wed Oct 22 2025 23:56:06 GMT+0100 (British Summer Time),CJ07250922,Idyllic Greece 2025 -7Nights,7,SP,0,1,0,0, ,0
Wed Oct 22 2025 23:56:06 GMT+0100 (British Summer Time),CJ07250922,Idyllic Greece 2025 -7Nights,7,SJA,0,24,0,0, ,0
Wed Oct 22 2025 23:56:06 GMT+0100 (British Summer Time),CJ07250922,Idyllic Greece 2025 -7Nights,7,IA,0,24,0,0, ,0
Wed Oct 22 2025 23:56:06 GMT+0100 (British Summer Time),CJ07250922,Idyllic Greece 2025 -7Nights,7,XD,0,96,0,0, ,0
Wed Oct 22 2025 23:56:06 GMT+0100 (British Summer Time),CJ07250922,Idyllic Greece 2025 -7Nights,7,SG,0,28,0,0, ,0
Wed Oct 22 2025 23:56:06 GMT+0100 (British Summer Time),CJ07250922,Idyllic Greece 2025 -7Nights,7,SJC,0,20,0,0, ,0
Wed Oct 22 2025 23:56:06 GMT+0100 (British Summer Time),CJ07250922,Idyllic Greece 2025 -7Nights,7,XBO,0,34,0,0, ,0
Wed Oct 22 2025 23:56:06 GMT+0100 (British Summer Time),CJ07250922,Idyllic Greece 2025 -7Nights,7,XC,0,98,0,0, ,0
Wed Oct 22 2025 23:56:06 GMT+0100 (British Summer Time),CJ07250922,Idyllic Greece 2025 -7Nights,7,SJB,0,76,0,0, ,0
Wed Oct 22 2025 23:56:06 GMT+0100 (British Summer Time),CJ07250922,Idyllic Greece 2025 -7Nights,7,IC,0,59,0,0, ,0
Wed Oct 22 2025 23:56:06 GMT+0100 (British Summer Time),CJ07250922,Idyllic Greece 2025 -7Nights,7,XA,0,20,0,0, ,0
Wed Oct 22 2025 23:56:06 GMT+0100 (British Summer Time),CJ07250922,Idyllic Greece 2025 -7Nights,7,IB,0,46,0,0, ,0
Wed Oct 22 2025 23:56:06 GMT+0100 (British Summer Time),CJ07250922,Idyllic Greece 2025 -7Nights,7,XB,0,104,0,0, ,0
Wed Oct 22 2025 23:56:06 GMT+0100 (British Summer Time),CJ07250927,Idyllic Greece 2025 -7Nights,7,XD,0,96,0,0, ,0
Wed Oct 22 2025 23:56:06 GMT+0100 (British Summer Time),CJ07250927,Idyllic Greece 2025 -7Nights,7,IB,0,46,0,0, ,0
Wed Oct 22 2025 23:56:06 GMT+0100 (British Summer Time),CJ07250927,Idyllic Greece 2025 -7Nights,7,IC,0,59,0,0, ,0
Wed Oct 22 2025 23:56:06 GMT+0100 (British Summer Time),CJ07250927,Idyllic Greece 2025 -7Nights,7,IA,0,24,0,0, ,0
Wed Oct 22 2025 23:56:06 GMT+0100 (British Summer Time),CJ07250927,Idyllic Greece 2025 -7Nights,7,SJA,0,24,0,0, ,0
Wed Oct 22 2025 23:56:06 GMT+0100 (British Summer Time),CJ07250927,Idyllic Greece 2025 -7Nights,7,SP,0,1,0,0, ,0
Wed Oct 22 2025 23:56:06 GMT+0100 (British Summer Time),CJ07250927,Idyllic Greece 2025 -7Nights,7,SG,0,28,0,0, ,0
Wed Oct 22 2025 23:56:06 GMT+0100 (British Summer Time),CJ07250927,Idyllic Greece 2025 -7Nights,7,SJB,0,76,0,0, ,0
Wed Oct 22 2025 23:56:06 GMT+0100 (British Summer Time),CJ07250927,Idyllic Greece 2025 -7Nights,7,XC,0,98,0,0, ,0
Wed Oct 22 2025 23:56:06 GMT+0100 (British Summer Time),CJ07250927,Idyllic Greece 2025 -7Nights,7,XBO,0,34,0,0, ,0
Wed Oct 22 2025 23:56:06 GMT+0100 (British Summer Time),CJ07250927,Idyllic Greece 2025 -7Nights,7,SJC,0,20,0,0, ,0
Wed Oct 22 2025 23:56:06 GMT+0100 (British Summer Time),CJ07250927,Idyllic Greece 2025 -7Nights,7,XA,0,20,0,0, ,0
Wed Oct 22 2025 23:56:06 GMT+0100 (British Summer Time),CJ07250927,Idyllic Greece 2025 -7Nights,7,XB,0,104,0,0, ,0
Wed Oct 22 2025 23:56:06 GMT+0100 (British Summer Time),CJ07250928,Idyllic Greece 2025 -7Nights,7,XD,0,96,0,0, ,0
Wed Oct 22 2025 23:56:06 GMT+0100 (British Summer Time),CJ07250928,Idyllic Greece 2025 -7Nights,7,IB,0,46,0,0, ,0
Wed Oct 22 2025 23:56:06 GMT+0100 (British Summer Time),CJ07250928,Idyllic Greece 2025 -7Nights,7,XB,0,104,0,0, ,0
Wed Oct 22 2025 23:56:06 GMT+0100 (British Summer Time),CJ07250928,Idyllic Greece 2025 -7Nights,7,XA,0,20,0,0, ,0
Wed Oct 22 2025 23:56:06 GMT+0100 (British Summer Time),CJ07250928,Idyllic Greece 2025 -7Nights,7,SJC,0,20,0,0, ,0
Wed Oct 22 2025 23:56:06 GMT+0100 (British Summer Time),CJ07250928,Idyllic Greece 2025 -7Nights,7,XBO,0,34,0,0, ,0
Wed Oct 22 2025 23:56:06 GMT+0100 (British Summer Time),CJ07250928,Idyllic Greece 2025 -7Nights,7,XC,0,98,0,0, ,0
Wed Oct 22 2025 23:56:06 GMT+0100 (British Summer Time),CJ07250928,Idyllic Greece 2025 -7Nights,7,SJB,0,76,0,0, ,0
Wed Oct 22 2025 23:56:06 GMT+0100 (British Summer Time),CJ07250928,Idyllic Greece 2025 -7Nights,7,SG,0,28,0,0, ,0
Wed Oct 22 2025 23:56:06 GMT+0100 (British Summer Time),CJ07250928,Idyllic Greece 2025 -7Nights,7,SP,0,1,0,0, ,0
Wed Oct 22 2025 23:56:06 GMT+0100 (British Summer Time),CJ07250928,Idyllic Greece 2025 -7Nights,7,SJA,0,24,0,0, ,0
Wed Oct 22 2025 23:56:06 GMT+0100 (British Summer Time),CJ07250928,Idyllic Greece 2025 -7Nights,7,IA,0,24,0,0, ,0
Wed Oct 22 2025 23:56:06 GMT+0100 (British Summer Time),CJ07250928,Idyllic Greece 2025 -7Nights,7,IC,0,59,0,0, ,0
Wed Oct 22 2025 23:56:06 GMT+0100 (British Summer Time),CJ07250929,Idyllic Greece 2025 -7Nights,7,IB,0,46,0,0, ,0
Wed Oct 22 2025 23:56:06 GMT+0100 (British Summer Time),CJ07250929,Idyllic Greece 2025 -7Nights,7,XB,0,104,0,0, ,0
Wed Oct 22 2025 23:56:06 GMT+0100 (British Summer Time),CJ07250929,Idyllic Greece 2025 -7Nights,7,XA,0,20,0,0, ,0
Wed Oct 22 2025 23:56:06 GMT+0100 (British Summer Time),CJ07250929,Idyllic Greece 2025 -7Nights,7,SJC,0,20,0,0, ,0
Wed Oct 22 2025 23:56:06 GMT+0100 (British Summer Time),CJ07250929,Idyllic Greece 2025 -7Nights,7,XBO,0,34,0,0, ,0
Wed Oct 22 2025 23:56:06 GMT+0100 (British Summer Time),CJ07250929,Idyllic Greece 2025 -7Nights,7,XC,0,98,0,0, ,0
Wed Oct 22 2025 23:56:06 GMT+0100 (British Summer Time),CJ07250929,Idyllic Greece 2025 -7Nights,7,SJB,0,76,0,0, ,0
Wed Oct 22 2025 23:56:06 GMT+0100 (British Summer Time),CJ07250929,Idyllic Greece 2025 -7Nights,7,SG,0,28,0,0, ,0
Wed Oct 22 2025 23:56:06 GMT+0100 (British Summer Time),CJ07250929,Idyllic Greece 2025 -7Nights,7,SP,0,1,0,0, ,0
Wed Oct 22 2025 23:56:06 GMT+0100 (British Summer Time),CJ07250929,Idyllic Greece 2025 -7Nights,7,SJA,0,24,0,0, ,0
Wed Oct 22 2025 23:56:06 GMT+0100 (British Summer Time),CJ07250929,Idyllic Greece 2025 -7Nights,7,IA,0,24,0,0, ,0
Wed Oct 22 2025 23:56:06 GMT+0100 (British Summer Time),CJ07250929,Idyllic Greece 2025 -7Nights,7,IC,0,59,0,0, ,0
Wed Oct 22 2025 23:56:06 GMT+0100 (British Summer Time),CJ07250929,Idyllic Greece 2025 -7Nights,7,XD,0,96,0,0, ,0
Wed Oct 22 2025 23:56:06 GMT+0100 (British Summer Time),CJ07251004,Idyllic Greece 2025 -7Nights,7,XD,61,96,61,61,OK,0
Wed Oct 22 2025 23:56:06 GMT+0100 (British Summer Time),CJ07251004,Idyllic Greece 2025 -7Nights,7,IB,4,46,4,4,OK,0
Wed Oct 22 2025 23:56:06 GMT+0100 (British Summer Time),CJ07251004,Idyllic Greece 2025 -7Nights,7,XB,0,104,0,0, ,0
Wed Oct 22 2025 23:56:06 GMT+0100 (British Summer Time),CJ07251004,Idyllic Greece 2025 -7Nights,7,XA,6,20,6,6,OK,6
Wed Oct 22 2025 23:56:06 GMT+0100 (British Summer Time),CJ07251004,Idyllic Greece 2025 -7Nights,7,SJC,0,20,0,0, ,0
Wed Oct 22 2025 23:56:06 GMT+0100 (British Summer Time),CJ07251004,Idyllic Greece 2025 -7Nights,7,XBO,8,34,8,8,OK,0
Wed Oct 22 2025 23:56:06 GMT+0100 (British Summer Time),CJ07251004,Idyllic Greece 2025 -7Nights,7,XC,44,98,44,44,OK,0
Wed Oct 22 2025 23:56:06 GMT+0100 (British Summer Time),CJ07251004,Idyllic Greece 2025 -7Nights,7,SJB,3,76,3,3,OK,0
Wed Oct 22 2025 23:56:06 GMT+0100 (British Summer Time),CJ07251004,Idyllic Greece 2025 -7Nights,7,SG,1,28,1,1,OK,0
Wed Oct 22 2025 23:56:06 GMT+0100 (British Summer Time),CJ07251004,Idyllic Greece 2025 -7Nights,7,SP,0,1,0,0, ,0
Wed Oct 22 2025 23:56:06 GMT+0100 (British Summer Time),CJ07251004,Idyllic Greece 2025 -7Nights,7,SJA,0,24,0,0, ,0
Wed Oct 22 2025 23:56:06 GMT+0100 (British Summer Time),CJ07251004,Idyllic Greece 2025 -7Nights,7,IA,0,24,0,0, ,0
Wed Oct 22 2025 23:56:06 GMT+0100 (British Summer Time),CJ07251004,Idyllic Greece 2025 -7Nights,7,IC,4,59,4,4,OK,0
Wed Oct 22 2025 23:56:06 GMT+0100 (British Summer Time),CJ07251005,Idyllic Greece 2025 -7Nights,7,IB,0,46,0,0, ,0
Wed Oct 22 2025 23:56:06 GMT+0100 (British Summer Time),CJ07251005,Idyllic Greece 2025 -7Nights,7,SG,1,28,1,1,OK,0
Wed Oct 22 2025 23:56:06 GMT+0100 (British Summer Time),CJ07251005,Idyllic Greece 2025 -7Nights,7,SP,0,1,0,0, ,0
Wed Oct 22 2025 23:56:06 GMT+0100 (British Summer Time),CJ07251005,Idyllic Greece 2025 -7Nights,7,SJA,0,24,0,0, ,0
Wed Oct 22 2025 23:56:06 GMT+0100 (British Summer Time),CJ07251005,Idyllic Greece 2025 -7Nights,7,IC,4,59,4,4,OK,0
Wed Oct 22 2025 23:56:06 GMT+0100 (British Summer Time),CJ07251005,Idyllic Greece 2025 -7Nights,7,XD,15,96,15,15,OK,0
Wed Oct 22 2025 23:56:06 GMT+0100 (British Summer Time),CJ07251005,Idyllic Greece 2025 -7Nights,7,XB,3,104,3,3,OK,0
Wed Oct 22 2025 23:56:06 GMT+0100 (British Summer Time),CJ07251005,Idyllic Greece 2025 -7Nights,7,XA,2,20,2,2,OK,0
Wed Oct 22 2025 23:56:06 GMT+0100 (British Summer Time),CJ07251005,Idyllic Greece 2025 -7Nights,7,SJC,0,20,0,0, ,0
Wed Oct 22 2025 23:56:06 GMT+0100 (British Summer Time),CJ07251005,Idyllic Greece 2025 -7Nights,7,XBO,0,34,0,0, ,0
Wed Oct 22 2025 23:56:06 GMT+0100 (British Summer Time),CJ07251005,Idyllic Greece 2025 -7Nights,7,XC,18,98,18,18,OK,0
Wed Oct 22 2025 23:56:06 GMT+0100 (British Summer Time),CJ07251005,Idyllic Greece 2025 -7Nights,7,SJB,4,76,4,4,OK,0
Wed Oct 22 2025 23:56:06 GMT+0100 (British Summer Time),CJ07251005,Idyllic Greece 2025 -7Nights,7,IA,0,24,0,0, ,0
Wed Oct 22 2025 23:56:06 GMT+0100 (British Summer Time),CJ07251006,Idyllic Greece 2025 -7Nights,7,XA,1,20,1,1,OK,0
Wed Oct 22 2025 23:56:06 GMT+0100 (British Summer Time),CJ07251006,Idyllic Greece 2025 -7Nights,7,SJC,0,20,0,0, ,0
Wed Oct 22 2025 23:56:06 GMT+0100 (British Summer Time),CJ07251006,Idyllic Greece 2025 -7Nights,7,SG,0,28,0,0, ,0
Wed Oct 22 2025 23:56:06 GMT+0100 (British Summer Time),CJ07251006,Idyllic Greece 2025 -7Nights,7,SP,0,1,0,0, ,0
Wed Oct 22 2025 23:56:06 GMT+0100 (British Summer Time),CJ07251006,Idyllic Greece 2025 -7Nights,7,SJA,0,24,0,0, ,0
Wed Oct 22 2025 23:56:06 GMT+0100 (British Summer Time),CJ07251006,Idyllic Greece 2025 -7Nights,7,IA,0,24,0,0, ,0
Wed Oct 22 2025 23:56:06 GMT+0100 (British Summer Time),CJ07251006,Idyllic Greece 2025 -7Nights,7,XBO,0,34,0,0, ,0
Wed Oct 22 2025 23:56:06 GMT+0100 (British Summer Time),CJ07251006,Idyllic Greece 2025 -7Nights,7,XC,10,98,10,10,OK,0
Wed Oct 22 2025 23:56:06 GMT+0100 (British Summer Time),CJ07251006,Idyllic Greece 2025 -7Nights,7,SJB,4,76,4,4,OK,0
Wed Oct 22 2025 23:56:06 GMT+0100 (British Summer Time),CJ07251006,Idyllic Greece 2025 -7Nights,7,IC,4,59,4,4,OK,0
Wed Oct 22 2025 23:56:06 GMT+0100 (British Summer Time),CJ07251006,Idyllic Greece 2025 -7Nights,7,XD,7,96,7,7,OK,0
Wed Oct 22 2025 23:56:06 GMT+0100 (British Summer Time),CJ07251006,Idyllic Greece 2025 -7Nights,7,IB,0,46,0,0, ,0
Wed Oct 22 2025 23:56:06 GMT+0100 (British Summer Time),CJ07251006,Idyllic Greece 2025 -7Nights,7,XB,3,104,3,3,OK,0
Wed Oct 22 2025 23:56:06 GMT+0100 (British Summer Time),CJ07251007,Idyllic Greece 2025 -7Nights,7,IB,0,46,0,0, ,0
Wed Oct 22 2025 23:56:06 GMT+0100 (British Summer Time),CJ07251007,Idyllic Greece 2025 -7Nights,7,XB,1,104,1,1,OK,0
Wed Oct 22 2025 23:56:06 GMT+0100 (British Summer Time),CJ07251007,Idyllic Greece 2025 -7Nights,7,XA,0,20,0,0, ,0
Wed Oct 22 2025 23:56:06 GMT+0100 (British Summer Time),CJ07251007,Idyllic Greece 2025 -7Nights,7,SJC,0,20,0,0, ,0
Wed Oct 22 2025 23:56:06 GMT+0100 (British Summer Time),CJ07251007,Idyllic Greece 2025 -7Nights,7,XBO,0,34,0,0, ,0
Wed Oct 22 2025 23:56:06 GMT+0100 (British Summer Time),CJ07251007,Idyllic Greece 2025 -7Nights,7,XC,3,98,3,3,OK,0
Wed Oct 22 2025 23:56:06 GMT+0100 (British Summer Time),CJ07251007,Idyllic Greece 2025 -7Nights,7,SJB,4,76,4,4,OK,0
Wed Oct 22 2025 23:56:06 GMT+0100 (British Summer Time),CJ07251007,Idyllic Greece 2025 -7Nights,7,SG,0,28,0,0, ,0
Wed Oct 22 2025 23:56:06 GMT+0100 (British Summer Time),CJ07251007,Idyllic Greece 2025 -7Nights,7,SP,0,1,0,0, ,0
Wed Oct 22 2025 23:56:06 GMT+0100 (British Summer Time),CJ07251007,Idyllic Greece 2025 -7Nights,7,SJA,0,24,0,0, ,0
Wed Oct 22 2025 23:56:06 GMT+0100 (British Summer Time),CJ07251007,Idyllic Greece 2025 -7Nights,7,IA,0,24,0,0, ,0
Wed Oct 22 2025 23:56:06 GMT+0100 (British Summer Time),CJ07251007,Idyllic Greece 2025 -7Nights,7,IC,4,59,4,4,OK,0
Wed Oct 22 2025 23:56:06 GMT+0100 (British Summer Time),CJ07251007,Idyllic Greece 2025 -7Nights,7,XD,2,96,2,2,OK,0
Wed Oct 22 2025 23:56:06 GMT+0100 (British Summer Time),CJ07251011,Idyllic Greece 2025 -7Nights,7,SJA,2,24,2,2,OK,2
Wed Oct 22 2025 23:56:06 GMT+0100 (British Summer Time),CJ07251011,Idyllic Greece 2025 -7Nights,7,IA,2,24,2,2,OK,0
Wed Oct 22 2025 23:56:06 GMT+0100 (British Summer Time),CJ07251011,Idyllic Greece 2025 -7Nights,7,IC,6,59,6,6,OK,0
Wed Oct 22 2025 23:56:06 GMT+0100 (British Summer Time),CJ07251011,Idyllic Greece 2025 -7Nights,7,XD,2,96,2,2,OK,0
Wed Oct 22 2025 23:56:06 GMT+0100 (British Summer Time),CJ07251011,Idyllic Greece 2025 -7Nights,7,IB,1,46,1,1,OK,0
Wed Oct 22 2025 23:56:06 GMT+0100 (British Summer Time),CJ07251011,Idyllic Greece 2025 -7Nights,7,XB,1,104,1,1,OK,1
Wed Oct 22 2025 23:56:06 GMT+0100 (British Summer Time),CJ07251011,Idyllic Greece 2025 -7Nights,7,SP,0,1,0,0, ,0
Wed Oct 22 2025 23:56:06 GMT+0100 (British Summer Time),CJ07251011,Idyllic Greece 2025 -7Nights,7,SG,0,28,0,0, ,0
Wed Oct 22 2025 23:56:06 GMT+0100 (British Summer Time),CJ07251011,Idyllic Greece 2025 -7Nights,7,SJB,9,76,9,9,OK,0
Wed Oct 22 2025 23:56:06 GMT+0100 (British Summer Time),CJ07251011,Idyllic Greece 2025 -7Nights,7,XC,3,98,3,3,OK,0