SNAPSHOT_DATE,SAIL_CODE,SHIP_CODE,PACKAGE_NAME,REGION,RATE_TYPE,SAIL_DAYS,DEPARTURE_DATE,CABIN_CATEGORY,PROMO_NAME,PROMO_TYPE,CURRENCY_CODE,FARE_PER_PERSON,PORT_TAXES_SERVICES,EXTRA_ADULT,EXTRA_CHILD,DISCOUNT
Wed Oct 22 2025 01:00:00 GMT+0100 (British Summer Time),CD03251017,CD,Iconic Greek Islands - 3Nights,3DICONIC,BAR,3,Fri Oct 17 2025 01:00:00 GMT+0100 (British Summer Time),IC,"PUBLISHED Autumn Campaign, CELESTYAL ONE","PROMO, TARIFF",AUD,1379,209,919,379,127
Wed Oct 22 2025 01:00:00 GMT+0100 (British Summer Time),CD03251017,CD,Iconic Greek Islands - 3Nights,3DICONIC,BAR,3,Fri Oct 17 2025 01:00:00 GMT+0100 (British Summer Time),BA,"PUBLISHED Autumn Campaign, CELESTYAL ONE","PROMO, TARIFF",USD,1399,149,0,0,143
Wed Oct 22 2025 01:00:00 GMT+0100 (British Summer Time),CD03251017,CD,Iconic Greek Islands - 3Nights,3DICONIC,CUG,3,Fri Oct 17 2025 01:00:00 GMT+0100 (British Summer Time),XC,"PUBLISHED Autumn Campaign, CELESTYAL ONE","PROMO, TARIFF",USD,1169,149,659,269,117
Wed Oct 22 2025 01:00:00 GMT+0100 (British Summer Time),CD03251017,CD,Iconic Greek Islands - 3Nights,3DICONIC,BAR,3,Fri Oct 17 2025 01:00:00 GMT+0100 (British Summer Time),IC,"PUBLISHED Autumn Campaign, CELESTYAL ONE","PROMO, TARIFF",USD,989,149,659,269,89
Wed Oct 22 2025 01:00:00 GMT+0100 (British Summer Time),CD03251017,CD,Iconic Greek Islands - 3Nights,3DICONIC,CUG,3,Fri Oct 17 2025 01:00:00 GMT+0100 (British Summer Time),XD,"PUBLISHED Autumn Campaign, CELESTYAL ONE","PROMO, TARIFF",AUD,1759,209,919,379,168
Wed Oct 22 2025 01:00:00 GMT+0100 (British Summer Time),CD03251017,CD,Iconic Greek Islands - 3Nights,3DICONIC,CUG,3,Fri Oct 17 2025 01:00:00 GMT+0100 (British Summer Time),IB,"PUBLISHED Autumn Campaign, CELESTYAL ONE","PROMO, TARIFF",AUD,1249,209,0,0,111
Wed Oct 22 2025 01:00:00 GMT+0100 (British Summer Time),CD03251017,CD,Iconic Greek Islands - 3Nights,3DICONIC,BAR,3,Fri Oct 17 2025 01:00:00 GMT+0100 (British Summer Time),XD,"PUBLISHED Autumn Campaign, CELESTYAL ONE","PROMO, TARIFF",GBP,959,109,499,199,94
Wed Oct 22 2025 01:00:00 GMT+0100 (British Summer Time),CD03251017,CD,Iconic Greek Islands - 3Nights,3DICONIC,CUG,3,Fri Oct 17 2025 01:00:00 GMT+0100 (British Summer Time),IC,"PUBLISHED Autumn Campaign, CELESTYAL ONE","PROMO, TARIFF",GBP,749,109,499,199,72
Wed Oct 22 2025 01:00:00 GMT+0100 (British Summer Time),CD03251017,CD,Iconic Greek Islands - 3Nights,3DICONIC,CUG,3,Fri Oct 17 2025 01:00:00 GMT+0100 (British Summer Time),IC,"PUBLISHED Autumn Campaign, CELESTYAL ONE","PROMO, TARIFF",USD,989,149,659,269,89
Wed Oct 22 2025 01:00:00 GMT+0100 (British Summer Time),CD03251017,CD,Iconic Greek Islands - 3Nights,3DICONIC,CUG,3,Fri Oct 17 2025 01:00:00 GMT+0100 (British Summer Time),IB,"PUBLISHED Autumn Campaign, CELESTYAL ONE","PROMO, TARIFF",EUR,769,129,0,0,71
Wed Oct 22 2025 01:00:00 GMT+0100 (British Summer Time),CD03251017,CD,Iconic Greek Islands - 3Nights,3DICONIC,CUG,3,Fri Oct 17 2025 01:00:00 GMT+0100 (British Summer Time),IB,"PUBLISHED Autumn Campaign, CELESTYAL ONE","PROMO, TARIFF",USD,889,149,0,0,84
Wed Oct 22 2025 01:00:00 GMT+0100 (British Summer Time),CD03251017,CD,Iconic Greek Islands - 3Nights,3DICONIC,BAR,3,Fri Oct 17 2025 01:00:00 GMT+0100 (British Summer Time),XD,"PUBLISHED Autumn Campaign, CELESTYAL ONE","PROMO, TARIFF",AUD,1759,209,919,379,168
Wed Oct 22 2025 01:00:00 GMT+0100 (British Summer Time),CD03251017,CD,Iconic Greek Islands - 3Nights,3DICONIC,BAR,3,Fri Oct 17 2025 01:00:00 GMT+0100 (British Summer Time),BA,"PUBLISHED Autumn Campaign, CELESTYAL ONE","PROMO, TARIFF",EUR,1209,129,0,0,121
Wed Oct 22 2025 01:00:00 GMT+0100 (British Summer Time),CD03251017,CD,Iconic Greek Islands - 3Nights,3DICONIC,BAR,3,Fri Oct 17 2025 01:00:00 GMT+0100 (British Summer Time),BA,"PUBLISHED Autumn Campaign, CELESTYAL ONE","PROMO, TARIFF",AUD,1959,209,0,0,195
Wed Oct 22 2025 01:00:00 GMT+0100 (British Summer Time),CD03251017,CD,Iconic Greek Islands - 3Nights,3DICONIC,BAR,3,Fri Oct 17 2025 01:00:00 GMT+0100 (British Summer Time),IB,"PUBLISHED Autumn Campaign, CELESTYAL ONE","PROMO, TARIFF",USD,889,149,0,0,84
Wed Oct 22 2025 01:00:00 GMT+0100 (British Summer Time),CD03251017,CD,Iconic Greek Islands - 3Nights,3DICONIC,BAR,3,Fri Oct 17 2025 01:00:00 GMT+0100 (British Summer Time),IB,"PUBLISHED Autumn Campaign, CELESTYAL ONE","PROMO, TARIFF",EUR,769,129,0,0,71
Wed Oct 22 2025 01:00:00 GMT+0100 (British Summer Time),CD03251017,CD,Iconic Greek Islands - 3Nights,3DICONIC,BAR,3,Fri Oct 17 2025 01:00:00 GMT+0100 (British Summer Time),IB,"PUBLISHED Autumn Campaign, CELESTYAL ONE","PROMO, TARIFF",GBP,679,109,0,0,62
Wed Oct 22 2025 01:00:00 GMT+0100 (British Summer Time),CD03251017,CD,Iconic Greek Islands - 3Nights,3DICONIC,CUG,3,Fri Oct 17 2025 01:00:00 GMT+0100 (British Summer Time),IB,"PUBLISHED Autumn Campaign, CELESTYAL ONE","PROMO, TARIFF",GBP,679,109,0,0,62
Wed Oct 22 2025 01:00:00 GMT+0100 (British Summer Time),CD03251017,CD,Iconic Greek Islands - 3Nights,3DICONIC,CUG,3,Fri Oct 17 2025 01:00:00 GMT+0100 (British Summer Time),BA,"PUBLISHED Autumn Campaign, CELESTYAL ONE","PROMO, TARIFF",USD,1399,149,0,0,143
Wed Oct 22 2025 01:00:00 GMT+0100 (British Summer Time),CD03251017,CD,Iconic Greek Islands - 3Nights,3DICONIC,BAR,3,Fri Oct 17 2025 01:00:00 GMT+0100 (British Summer Time),IB,"PUBLISHED Autumn Campaign, CELESTYAL ONE","PROMO, TARIFF",AUD,1249,209,0,0,111
Wed Oct 22 2025 01:00:00 GMT+0100 (British Summer Time),CD03251017,CD,Iconic Greek Islands - 3Nights,3DICONIC,CUG,3,Fri Oct 17 2025 01:00:00 GMT+0100 (British Summer Time),XD,"PUBLISHED Autumn Campaign, CELESTYAL ONE","PROMO, TARIFF",USD,1259,149,659,269,120
Wed Oct 22 2025 01:00:00 GMT+0100 (British Summer Time),CD03251017,CD,Iconic Greek Islands - 3Nights,3DICONIC,BAR,3,Fri Oct 17 2025 01:00:00 GMT+0100 (British Summer Time),XC,"PUBLISHED Autumn Campaign, CELESTYAL ONE","PROMO, TARIFF",USD,1169,149,659,269,117
Wed Oct 22 2025 01:00:00 GMT+0100 (British Summer Time),CD03251017,CD,Iconic Greek Islands - 3Nights,3DICONIC,CUG,3,Fri Oct 17 2025 01:00:00 GMT+0100 (British Summer Time),BA,"PUBLISHED Autumn Campaign, CELESTYAL ONE","PROMO, TARIFF",AUD,1959,209,0,0,195
Wed Oct 22 2025 01:00:00 GMT+0100 (British Summer Time),CD03251017,CD,Iconic Greek Islands - 3Nights,3DICONIC,CUG,3,Fri Oct 17 2025 01:00:00 GMT+0100 (British Summer Time),BA,"PUBLISHED Autumn Campaign, CELESTYAL ONE","PROMO, TARIFF",GBP,1069,109,0,0,108
Wed Oct 22 2025 01:00:00 GMT+0100 (British Summer Time),CD03251017,CD,Iconic Greek Islands - 3Nights,3DICONIC,CUG,3,Fri Oct 17 2025 01:00:00 GMT+0100 (British Summer Time),IC,"PUBLISHED Autumn Campaign, CELESTYAL ONE","PROMO, TARIFF",AUD,1379,209,919,379,127
Wed Oct 22 2025 01:00:00 GMT+0100 (British Summer Time),CD03251017,CD,Iconic Greek Islands - 3Nights,3DICONIC,CUG,3,Fri Oct 17 2025 01:00:00 GMT+0100 (British Summer Time),XD,"PUBLISHED Autumn Campaign, CELESTYAL ONE","PROMO, TARIFF",GBP,959,109,499,199,94
Wed Oct 22 2025 01:00:00 GMT+0100 (British Summer Time),CD03251017,CD,Iconic Greek Islands - 3Nights,3DICONIC,BAR,3,Fri Oct 17 2025 01:00:00 GMT+0100 (British Summer Time),XC,"PUBLISHED Autumn Campaign, CELESTYAL ONE","PROMO, TARIFF",AUD,1639,209,919,379,159
Wed Oct 22 2025 01:00:00 GMT+0100 (British Summer Time),CD03251017,CD,Iconic Greek Islands - 3Nights,3DICONIC,CUG,3,Fri Oct 17 2025 01:00:00 GMT+0100 (British Summer Time),IC,"PUBLISHED Autumn Campaign, CELESTYAL ONE","PROMO, TARIFF",EUR,849,129,569,239,81
Wed Oct 22 2025 01:00:00 GMT+0100 (British Summer Time),CD03251017,CD,Iconic Greek Islands - 3Nights,3DICONIC,BAR,3,Fri Oct 17 2025 01:00:00 GMT+0100 (British Summer Time),IC,"PUBLISHED Autumn Campaign, CELESTYAL ONE","PROMO, TARIFF",EUR,849,129,569,239,81
Wed Oct 22 2025 01:00:00 GMT+0100 (British Summer Time),CD03251017,CD,Iconic Greek Islands - 3Nights,3DICONIC,CUG,3,Fri Oct 17 2025 01:00:00 GMT+0100 (British Summer Time),XC,"PUBLISHED Autumn Campaign, CELESTYAL ONE","PROMO, TARIFF",AUD,1639,209,919,379,159
Wed Oct 22 2025 01:00:00 GMT+0100 (British Summer Time),CD03251017,CD,Iconic Greek Islands - 3Nights,3DICONIC,BAR,3,Fri Oct 17 2025 01:00:00 GMT+0100 (British Summer Time),XC,"PUBLISHED Autumn Campaign, CELESTYAL ONE","PROMO, TARIFF",GBP,899,109,499,199,83
Wed Oct 22 2025 01:00:00 GMT+0100 (British Summer Time),CD03251017,CD,Iconic Greek Islands - 3Nights,3DICONIC,CUG,3,Fri Oct 17 2025 01:00:00 GMT+0100 (British Summer Time),BA,"PUBLISHED Autumn Campaign, CELESTYAL ONE","PROMO, TARIFF",EUR,1209,129,0,0,121
Wed Oct 22 2025 01:00:00 GMT+0100 (British Summer Time),CD03251017,CD,Iconic Greek Islands - 3Nights,3DICONIC,BAR,3,Fri Oct 17 2025 01:00:00 GMT+0100 (British Summer Time),XD,"PUBLISHED Autumn Campaign, CELESTYAL ONE","PROMO, TARIFF",EUR,1079,129,569,239,111
Wed Oct 22 2025 01:00:00 GMT+0100 (British Summer Time),CD03251017,CD,Iconic Greek Islands - 3Nights,3DICONIC,CUG,3,Fri Oct 17 2025 01:00:00 GMT+0100 (British Summer Time),XC,"PUBLISHED Autumn Campaign, CELESTYAL ONE","PROMO, TARIFF",EUR,1009,129,569,239,101
Wed Oct 22 2025 01:00:00 GMT+0100 (British Summer Time),CD03251017,CD,Iconic Greek Islands - 3Nights,3DICONIC,BAR,3,Fri Oct 17 2025 01:00:00 GMT+0100 (British Summer Time),IC,"PUBLISHED Autumn Campaign, CELESTYAL ONE","PROMO, TARIFF",GBP,749,109,499,199,72
Wed Oct 22 2025 01:00:00 GMT+0100 (British Summer Time),CD03251017,CD,Iconic Greek Islands - 3Nights,3DICONIC,BAR,3,Fri Oct 17 2025 01:00:00 GMT+0100 (British Summer Time),BA,"PUBLISHED Autumn Campaign, CELESTYAL ONE","PROMO, TARIFF",GBP,1069,109,0,0,108
Wed Oct 22 2025 01:00:00 GMT+0100 (British Summer Time),CD03251017,CD,Iconic Greek Islands - 3Nights,3DICONIC,BAR,3,Fri Oct 17 2025 01:00:00 GMT+0100 (British Summer Time),XD,"PUBLISHED Autumn Campaign, CELESTYAL ONE","PROMO, TARIFF",USD,1259,149,659,269,120
Wed Oct 22 2025 01:00:00 GMT+0100 (British Summer Time),CD03251017,CD,Iconic Greek Islands - 3Nights,3DICONIC,BAR,3,Fri Oct 17 2025 01:00:00 GMT+0100 (British Summer Time),XC,"PUBLISHED Autumn Campaign, CELESTYAL ONE","PROMO, TARIFF",EUR,1009,129,569,239,101
Wed Oct 22 2025 01:00:00 GMT+0100 (British Summer Time),CD03251017,CD,Iconic Greek Islands - 3Nights,3DICONIC,CUG,3,Fri Oct 17 2025 01:00:00 GMT+0100 (British Summer Time),XD,"PUBLISHED Autumn Campaign, CELESTYAL ONE","PROMO, TARIFF",EUR,1079,129,569,239,111
Wed Oct 22 2025 01:00:00 GMT+0100 (British Summer Time),CD03251017,CD,Iconic Greek Islands - 3Nights,3DICONIC,CUG,3,Fri Oct 17 2025 01:00:00 GMT+0100 (British Summer Time),XC,"PUBLISHED Autumn Campaign, CELESTYAL ONE","PROMO, TARIFF",GBP,899,109,499,199,83
Wed Oct 22 2025 01:00:00 GMT+0100 (British Summer Time),CD03251018,CD,Iconic Greek Islands - 3Nights,3DICONIC,CUG,3,Sat Oct 18 2025 01:00:00 GMT+0100 (British Summer Time),IC,"PUBLISHED Autumn Campaign, CELESTYAL ONE","PROMO, TARIFF",GBP,749,109,499,199,72
Wed Oct 22 2025 01:00:00 GMT+0100 (British Summer Time),CD03251018,CD,Iconic Greek Islands - 3Nights,3DICONIC,BAR,3,Sat Oct 18 2025 01:00:00 GMT+0100 (British Summer Time),IB,"PUBLISHED Autumn Campaign, CELESTYAL ONE","PROMO, TARIFF",GBP,679,109,0,0,62
Wed Oct 22 2025 01:00:00 GMT+0100 (British Summer Time),CD03251018,CD,Iconic Greek Islands - 3Nights,3DICONIC,BAR,3,Sat Oct 18 2025 01:00:00 GMT+0100 (British Summer Time),IB,"PUBLISHED Autumn Campaign, CELESTYAL ONE","PROMO, TARIFF",EUR,769,129,0,0,71
Wed Oct 22 2025 01:00:00 GMT+0100 (British Summer Time),CD03251018,CD,Iconic Greek Islands - 3Nights,3DICONIC,BAR,3,Sat Oct 18 2025 01:00:00 GMT+0100 (British Summer Time),IC,"PUBLISHED Autumn Campaign, CELESTYAL ONE","PROMO, TARIFF",AUD,1379,209,919,379,127
Wed Oct 22 2025 01:00:00 GMT+0100 (British Summer Time),CD03251018,CD,Iconic Greek Islands - 3Nights,3DICONIC,CUG,3,Sat Oct 18 2025 01:00:00 GMT+0100 (British Summer Time),IC,"PUBLISHED Autumn Campaign, CELESTYAL ONE","PROMO, TARIFF",EUR,849,129,569,239,81
Wed Oct 22 2025 01:00:00 GMT+0100 (British Summer Time),CD03251018,CD,Iconic Greek Islands - 3Nights,3DICONIC,CUG,3,Sat Oct 18 2025 01:00:00 GMT+0100 (British Summer Time),IB,"PUBLISHED Autumn Campaign, CELESTYAL ONE","PROMO, TARIFF",GBP,679,109,0,0,62
Wed Oct 22 2025 01:00:00 GMT+0100 (British Summer Time),CD03251018,CD,Iconic Greek Islands - 3Nights,3DICONIC,CUG,3,Sat Oct 18 2025 01:00:00 GMT+0100 (British Summer Time),IB,"PUBLISHED Autumn Campaign, CELESTYAL ONE","PROMO, TARIFF",AUD,1249,209,0,0,111
Wed Oct 22 2025 01:00:00 GMT+0100 (British Summer Time),CD03251018,CD,Iconic Greek Islands - 3Nights,3DICONIC,CUG,3,Sat Oct 18 2025 01:00:00 GMT+0100 (British Summer Time),IB,"PUBLISHED Autumn Campaign, CELESTYAL ONE","PROMO, TARIFF",EUR,769,129,0,0,71
Wed Oct 22 2025 01:00:00 GMT+0100 (British Summer Time),CD03251018,CD,Iconic Greek Islands - 3Nights,3DICONIC,CUG,3,Sat Oct 18 2025 01:00:00 GMT+0100 (British Summer Time),IC,"PUBLISHED Autumn Campaign, CELESTYAL ONE","PROMO, TARIFF",USD,989,149,659,269,89
Wed Oct 22 2025 01:00:00 GMT+0100 (British Summer Time),CD03251018,CD,Iconic Greek Islands - 3Nights,3DICONIC,BAR,3,Sat Oct 18 2025 01:00:00 GMT+0100 (British Summer Time),IC,"PUBLISHED Autumn Campaign, CELESTYAL ONE","PROMO, TARIFF",EUR,849,129,569,239,81
Wed Oct 22 2025 01:00:00 GMT+0100 (British Summer Time),CD03251018,CD,Iconic Greek Islands - 3Nights,3DICONIC,CUG,3,Sat Oct 18 2025 01:00:00 GMT+0100 (British Summer Time),IC,"PUBLISHED Autumn Campaign, CELESTYAL ONE","PROMO, TARIFF",AUD,1379,209,919,379,127
Wed Oct 22 2025 01:00:00 GMT+0100 (British Summer Time),CD03251018,CD,Iconic Greek Islands - 3Nights,3DICONIC,BAR,3,Sat Oct 18 2025 01:00:00 GMT+0100 (British Summer Time),IB,"PUBLISHED Autumn Campaign, CELESTYAL ONE","PROMO, TARIFF",AUD,1249,209,0,0,111
Wed Oct 22 2025 01:00:00 GMT+0100 (British Summer Time),CD03251018,CD,Iconic Greek Islands - 3Nights,3DICONIC,CUG,3,Sat Oct 18 2025 01:00:00 GMT+0100 (British Summer Time),IB,"PUBLISHED Autumn Campaign, CELESTYAL ONE","PROMO, TARIFF",USD,889,149,0,0,84
Wed Oct 22 2025 01:00:00 GMT+0100 (British Summer Time),CD03251018,CD,Iconic Greek Islands - 3Nights,3DICONIC,BAR,3,Sat Oct 18 2025 01:00:00 GMT+0100 (British Summer Time),IB,"PUBLISHED Autumn Campaign, CELESTYAL ONE","PROMO, TARIFF",USD,889,149,0,0,84
Wed Oct 22 2025 01:00:00 GMT+0100 (British Summer Time),CD03251018,CD,Iconic Greek Islands - 3Nights,3DICONIC,BAR,3,Sat Oct 18 2025 01:00:00 GMT+0100 (British Summer Time),IC,"PUBLISHED Autumn Campaign, CELESTYAL ONE","PROMO, TARIFF",USD,989,149,659,269,89
Wed Oct 22 2025 01:00:00 GMT+0100 (British Summer Time),CD03251018,CD,Iconic Greek Islands - 3Nights,3DICONIC,BAR,3,Sat Oct 18 2025 01:00:00 GMT+0100 (British Summer Time),IC,"PUBLISHED Autumn Campaign, CELESTYAL ONE","PROMO, TARIFF",GBP,749,109,499,199,72
Wed Oct 22 2025 01:00:00 GMT+0100 (British Summer Time),CD03251024,CD,Iconic Greek Islands - 3Nights,3DICONIC,BAR,3,Fri Oct 24 2025 01:00:00 GMT+0100 (British Summer Time),XC,"PUBLISHED Autumn Campaign, CELESTYAL ONE","PROMO, TARIFF",EUR,819,129,439,239,291
Wed Oct 22 2025 01:00:00 GMT+0100 (British Summer Time),CD03251024,CD,Iconic Greek Islands - 3Nights,3DICONIC,BAR,3,Fri Oct 24 2025 01:00:00 GMT+0100 (British Summer Time),BA,"PUBLISHED Autumn Campaign, CELESTYAL ONE","PROMO, TARIFF",EUR,969,129,0,0,361
Wed Oct 22 2025 01:00:00 GMT+0100 (British Summer Time),CD03251024,CD,Iconic Greek Islands - 3Nights,3DICONIC,CUG,3,Fri Oct 24 2025 01:00:00 GMT+0100 (British Summer Time),XC,"PUBLISHED Autumn Campaign, CELESTYAL ONE","PROMO, TARIFF",EUR,819,129,439,239,291
Wed Oct 22 2025 01:00:00 GMT+0100 (British Summer Time),CD03251024,CD,Iconic Greek Islands - 3Nights,3DICONIC,CUG,3,Fri Oct 24 2025 01:00:00 GMT+0100 (British Summer Time),XBO,"PUBLISHED Autumn Campaign, CELESTYAL ONE","PROMO, TARIFF",AUD,1159,209,709,379,412
Wed Oct 22 2025 01:00:00 GMT+0100 (British Summer Time),CD03251024,CD,Iconic Greek Islands - 3Nights,3DICONIC,BAR,3,Fri Oct 24 2025 01:00:00 GMT+0100 (British Summer Time),XBO,"PUBLISHED Autumn Campaign, CELESTYAL ONE","PROMO, TARIFF",AUD,1159,209,709,379,412
Wed Oct 22 2025 01:00:00 GMT+0100 (British Summer Time),CD03251024,CD,Iconic Greek Islands - 3Nights,3DICONIC,BAR,3,Fri Oct 24 2025 01:00:00 GMT+0100 (British Summer Time),SJA,"PUBLISHED Autumn Campaign, CELESTYAL ONE","PROMO, TARIFF",AUD,1719,209,709,379,646
Wed Oct 22 2025 01:00:00 GMT+0100 (British Summer Time),CD03251024,CD,Iconic Greek Islands - 3Nights,3DICONIC,CUG,3,Fri Oct 24 2025 01:00:00 GMT+0100 (British Summer Time),XD,"PUBLISHED Autumn Campaign, CELESTYAL ONE","PROMO, TARIFF",AUD,1409,209,709,379,518
Wed Oct 22 2025 01:00:00 GMT+0100 (British Summer Time),CD03251024,CD,Iconic Greek Islands - 3Nights,3DICONIC,BAR,3,Fri Oct 24 2025 01:00:00 GMT+0100 (British Summer Time),XD,"PUBLISHED Autumn Campaign, CELESTYAL ONE","PROMO, TARIFF",AUD,1409,209,709,379,518
Wed Oct 22 2025 01:00:00 GMT+0100 (British Summer Time),CD03251024,CD,Iconic Greek Islands - 3Nights,3DICONIC,BAR,3,Fri Oct 24 2025 01:00:00 GMT+0100 (British Summer Time),IB,"PUBLISHED Autumn Campaign, CELESTYAL ONE","PROMO, TARIFF",AUD,1019,209,0,0,341
Wed Oct 22 2025 01:00:00 GMT+0100 (British Summer Time),CD03251024,CD,Iconic Greek Islands - 3Nights,3DICONIC,CUG,3,Fri Oct 24 2025 01:00:00 GMT+0100 (British Summer Time),IC,"PUBLISHED Autumn Campaign, CELESTYAL ONE","PROMO, TARIFF",GBP,609,109,379,199,212
Wed Oct 22 2025 01:00:00 GMT+0100 (British Summer Time),CD03251024,CD,Iconic Greek Islands - 3Nights,3DICONIC,BAR,3,Fri Oct 24 2025 01:00:00 GMT+0100 (British Summer Time),IC,"PUBLISHED Autumn Campaign, CELESTYAL ONE","PROMO, TARIFF",GBP,609,109,379,199,212
Wed Oct 22 2025 01:00:00 GMT+0100 (British Summer Time),CD03251024,CD,Iconic Greek Islands - 3Nights,3DICONIC,BAR,3,Fri Oct 24 2025 01:00:00 GMT+0100 (British Summer Time),XC,"PUBLISHED Autumn Campaign, CELESTYAL ONE","PROMO, TARIFF",GBP,719,109,379,199,263
Wed Oct 22 2025 01:00:00 GMT+0100 (British Summer Time),CD03251024,CD,Iconic Greek Islands - 3Nights,3DICONIC,CUG,3,Fri Oct 24 2025 01:00:00 GMT+0100 (British Summer Time),IC,"PUBLISHED Autumn Campaign, CELESTYAL ONE","PROMO, TARIFF",AUD,1119,209,709,379,387
Wed Oct 22 2025 01:00:00 GMT+0100 (British Summer Time),CD03251024,CD,Iconic Greek Islands - 3Nights,3DICONIC,CUG,3,Fri Oct 24 2025 01:00:00 GMT+0100 (British Summer Time),IA,"PUBLISHED Autumn Campaign, CELESTYAL ONE","PROMO, TARIFF",EUR,559,129,439,239,191
Wed Oct 22 2025 01:00:00 GMT+0100 (British Summer Time),CD03251024,CD,Iconic Greek Islands - 3Nights,3DICONIC,BAR,3,Fri Oct 24 2025 01:00:00 GMT+0100 (British Summer Time),XB,"PUBLISHED Autumn Campaign, CELESTYAL ONE","PROMO, TARIFF",GBP,669,109,379,199,232
Wed Oct 22 2025 01:00:00 GMT+0100 (British Summer Time),CD03251024,CD,Iconic Greek Islands - 3Nights,3DICONIC,BAR,3,Fri Oct 24 2025 01:00:00 GMT+0100 (British Summer Time),XB,"PUBLISHED Autumn Campaign, CELESTYAL ONE","PROMO, TARIFF",AUD,1219,209,709,379,433
Wed Oct 22 2025 01:00:00 GMT+0100 (British Summer Time),CD03251024,CD,Iconic Greek Islands - 3Nights,3DICONIC,CUG,3,Fri Oct 24 2025 01:00:00 GMT+0100 (British Summer Time),XD,"PUBLISHED Autumn Campaign, CELESTYAL ONE","PROMO, TARIFF",EUR,869,129,439,239,321
Wed Oct 22 2025 01:00:00 GMT+0100 (British Summer Time),CD03251024,CD,Iconic Greek Islands - 3Nights,3DICONIC,CUG,3,Fri Oct 24 2025 01:00:00 GMT+0100 (British Summer Time),XB,"PUBLISHED Autumn Campaign, CELESTYAL ONE","PROMO, TARIFF",EUR,749,129,439,239,271
Wed Oct 22 2025 01:00:00 GMT+0100 (British Summer Time),CD03251024,CD,Iconic Greek Islands - 3Nights,3DICONIC,CUG,3,Fri Oct 24 2025 01:00:00 GMT+0100 (British Summer Time),XB,"PUBLISHED Autumn Campaign, CELESTYAL ONE","PROMO, TARIFF",GBP,669,109,379,199,232
Wed Oct 22 2025 01:00:00 GMT+0100 (British Summer Time),CD03251024,CD,Iconic Greek Islands - 3Nights,3DICONIC,CUG,3,Fri Oct 24 2025 01:00:00 GMT+0100 (British Summer Time),XBO,"PUBLISHED Autumn Campaign, CELESTYAL ONE","PROMO, TARIFF",USD,829,149,509,269,295
Wed Oct 22 2025 01:00:00 GMT+0100 (British Summer Time),CD03251024,CD,Iconic Greek Islands - 3Nights,3DICONIC,BAR,3,Fri Oct 24 2025 01:00:00 GMT+0100 (British Summer Time),XB,"PUBLISHED Autumn Campaign, CELESTYAL ONE","PROMO, TARIFF",USD,869,149,509,269,313
Wed Oct 22 2025 01:00:00 GMT+0100 (British Summer Time),CD03251024,CD,Iconic Greek Islands - 3Nights,3DICONIC,BAR,3,Fri Oct 24 2025 01:00:00 GMT+0100 (British Summer Time),XD,"PUBLISHED Autumn Campaign, CELESTYAL ONE","PROMO, TARIFF",EUR,869,129,439,239,321
Wed Oct 22 2025 01:00:00 GMT+0100 (British Summer Time),CD03251024,CD,Iconic Greek Islands - 3Nights,3DICONIC,CUG,3,Fri Oct 24 2025 01:00:00 GMT+0100 (British Summer Time),IB,"PUBLISHED Autumn Campaign, CELESTYAL ONE","PROMO, TARIFF",GBP,549,109,0,0,192
Wed Oct 22 2025 01:00:00 GMT+0100 (British Summer Time),CD03251024,CD,Iconic Greek Islands - 3Nights,3DICONIC,CUG,3,Fri Oct 24 2025 01:00:00 GMT+0100 (British Summer Time),XC,"PUBLISHED Autumn Campaign, CELESTYAL ONE","PROMO, TARIFF",AUD,1319,209,709,379,479
Wed Oct 22 2025 01:00:00 GMT+0100 (British Summer Time),CD03251024,CD,Iconic Greek Islands - 3Nights,3DICONIC,CUG,3,Fri Oct 24 2025 01:00:00 GMT+0100 (British Summer Time),SJA,"PUBLISHED Autumn Campaign, CELESTYAL ONE","PROMO, TARIFF",USD,1229,149,509,269,463
Wed Oct 22 2025 01:00:00 GMT+0100 (British Summer Time),CD03251024,CD,Iconic Greek Islands - 3Nights,3DICONIC,BAR,3,Fri Oct 24 2025 01:00:00 GMT+0100 (British Summer Time),XC,"PUBLISHED Autumn Campaign, CELESTYAL ONE","PROMO, TARIFF",AUD,1319,209,709,379,479
Wed Oct 22 2025 01:00:00 GMT+0100 (British Summer Time),CD03251024,CD,Iconic Greek Islands - 3Nights,3DICONIC,CUG,3,Fri Oct 24 2025 01:00:00 GMT+0100 (British Summer Time),IB,"PUBLISHED Autumn Campaign, CELESTYAL ONE","PROMO, TARIFF",EUR,629,129,0,0,211
Wed Oct 22 2025 01:00:00 GMT+0100 (British Summer Time),CD03251024,CD,Iconic Greek Islands - 3Nights,3DICONIC,CUG,3,Fri Oct 24 2025 01:00:00 GMT+0100 (British Summer Time),XC,"PUBLISHED Autumn Campaign, CELESTYAL ONE","PROMO, TARIFF",GBP,719,109,379,199,263
Wed Oct 22 2025 01:00:00 GMT+0100 (British Summer Time),CD03251024,CD,Iconic Greek Islands - 3Nights,3DICONIC,CUG,3,Fri Oct 24 2025 01:00:00 GMT+0100 (British Summer Time),IC,"PUBLISHED Autumn Campaign, CELESTYAL ONE","PROMO, TARIFF",USD,799,149,509,269,279
Wed Oct 22 2025 01:00:00 GMT+0100 (British Summer Time),CD03251024,CD,Iconic Greek Islands - 3Nights,3DICONIC,CUG,3,Fri Oct 24 2025 01:00:00 GMT+0100 (British Summer Time),IB,"PUBLISHED Autumn Campaign, CELESTYAL ONE","PROMO, TARIFF",AUD,1019,209,0,0,341
Wed Oct 22 2025 01:00:00 GMT+0100 (British Summer Time),CD03251024,CD,Iconic Greek Islands - 3Nights,3DICONIC,BAR,3,Fri Oct 24 2025 01:00:00 GMT+0100 (British Summer Time),BA,"PUBLISHED Autumn Campaign, CELESTYAL ONE","PROMO, TARIFF",USD,1129,149,0,0,413
Wed Oct 22 2025 01:00:00 GMT+0100 (British Summer Time),CD03251024,CD,Iconic Greek Islands - 3Nights,3DICONIC,CUG,3,Fri Oct 24 2025 01:00:00 GMT+0100 (British Summer Time),XD,"PUBLISHED Autumn Campaign, CELESTYAL ONE","PROMO, TARIFF",USD,1009,149,509,269,370
Wed Oct 22 2025 01:00:00 GMT+0100 (British Summer Time),CD03251024,CD,Iconic Greek Islands - 3Nights,3DICONIC,BAR,3,Fri Oct 24 2025 01:00:00 GMT+0100 (British Summer Time),IB,"PUBLISHED Autumn Campaign, CELESTYAL ONE","PROMO, TARIFF",GBP,549,109,0,0,192
Wed Oct 22 2025 01:00:00 GMT+0100 (British Summer Time),CD03251024,CD,Iconic Greek Islands - 3Nights,3DICONIC,BAR,3,Fri Oct 24 2025 01:00:00 GMT+0100 (British Summer Time),XD,"PUBLISHED Autumn Campaign, CELESTYAL ONE","PROMO, TARIFF",USD,1009,149,509,269,370
Wed Oct 22 2025 01:00:00 GMT+0100 (British Summer Time),CD03251024,CD,Iconic Greek Islands - 3Nights,3DICONIC,CUG,3,Fri Oct 24 2025 01:00:00 GMT+0100 (British Summer Time),XB,"PUBLISHED Autumn Campaign, CELESTYAL ONE","PROMO, TARIFF",USD,869,149,509,269,313
Wed Oct 22 2025 01:00:00 GMT+0100 (British Summer Time),CD03251024,CD,Iconic Greek Islands - 3Nights,3DICONIC,BAR,3,Fri Oct 24 2025 01:00:00 GMT+0100 (British Summer Time),IA,"PUBLISHED Autumn Campaign, CELESTYAL ONE","PROMO, TARIFF",EUR,559,129,439,239,191
Wed Oct 22 2025 01:00:00 GMT+0100 (British Summer Time),CD03251024,CD,Iconic Greek Islands - 3Nights,3DICONIC,BAR,3,Fri Oct 24 2025 01:00:00 GMT+0100 (British Summer Time),BA,"PUBLISHED Autumn Campaign, CELESTYAL ONE","PROMO, TARIFF",AUD,1569,209,0,0,585
Wed Oct 22 2025 01:00:00 GMT+0100 (British Summer Time),CD03251024,CD,Iconic Greek Islands - 3Nights,3DICONIC,BAR,3,Fri Oct 24 2025 01:00:00 GMT+0100 (British Summer Time),BA,"PUBLISHED Autumn Campaign, CELESTYAL ONE","PROMO, TARIFF",GBP,859,109,0,0,318
Wed Oct 22 2025 01:00:00 GMT+0100 (British Summer Time),CD03251024,CD,Iconic Greek Islands - 3Nights,3DICONIC,CUG,3,Fri Oct 24 2025 01:00:00 GMT+0100 (British Summer Time),BA,"PUBLISHED Autumn Campaign, CELESTYAL ONE","PROMO, TARIFF",AUD,1569,209,0,0,585
Wed Oct 22 2025 01:00:00 GMT+0100 (British Summer Time),CD03251024,CD,Iconic Greek Islands - 3Nights,3DICONIC,BAR,3,Fri Oct 24 2025 01:00:00 GMT+0100 (British Summer Time),XB,"PUBLISHED Autumn Campaign, CELESTYAL ONE","PROMO, TARIFF",EUR,749,129,439,239,271
Wed Oct 22 2025 01:00:00 GMT+0100 (British Summer Time),CD03251024,CD,Iconic Greek Islands - 3Nights,3DICONIC,BAR,3,Fri Oct 24 2025 01:00:00 GMT+0100 (British Summer Time),XBO,"PUBLISHED Autumn Campaign, CELESTYAL ONE","PROMO, TARIFF",USD,829,149,509,269,295
Wed Oct 22 2025 01:00:00 GMT+0100 (British Summer Time),CD03251024,CD,Iconic Greek Islands - 3Nights,3DICONIC,BAR,3,Fri Oct 24 2025 01:00:00 GMT+0100 (British Summer Time),XD,"PUBLISHED Autumn Campaign, CELESTYAL ONE","PROMO, TARIFF",GBP,769,109,379,199,284
Wed Oct 22 2025 01:00:00 GMT+0100 (British Summer Time),CD03251024,CD,Iconic Greek Islands - 3Nights,3DICONIC,BAR,3,Fri Oct 24 2025 01:00:00 GMT+0100 (British Summer Time),XC,"PUBLISHED Autumn Campaign, CELESTYAL ONE","PROMO, TARIFF",USD,949,149,509,269,337
Wed Oct 22 2025 01:00:00 GMT+0100 (British Summer Time),CD03251024,CD,Iconic Greek Islands - 3Nights,3DICONIC,CUG,3,Fri Oct 24 2025 01:00:00 GMT+0100 (British Summer Time),IC,"PUBLISHED Autumn Campaign, CELESTYAL ONE","PROMO, TARIFF",EUR,689,129,439,239,241
Wed Oct 22 2025 01:00:00 GMT+0100 (British Summer Time),CD03251024,CD,Iconic Greek Islands - 3Nights,3DICONIC,BAR,3,Fri Oct 24 2025 01:00:00 GMT+0100 (British Summer Time),IC,"PUBLISHED Autumn Campaign, CELESTYAL ONE","PROMO, TARIFF",EUR,689,129,439,239,241
Wed Oct 22 2025 01:00:00 GMT+0100 (British Summer Time),CD03251024,CD,Iconic Greek Islands - 3Nights,3DICONIC,CUG,3,Fri Oct 24 2025 01:00:00 GMT+0100 (British Summer Time),BA,"PUBLISHED Autumn Campaign, CELESTYAL ONE","PROMO, TARIFF",USD,1129,149,0,0,413
Wed Oct 22 2025 01:00:00 GMT+0100 (British Summer Time),CD03251024,CD,Iconic Greek Islands - 3Nights,3DICONIC,BAR,3,Fri Oct 24 2025 01:00:00 GMT+0100 (British Summer Time),SJA,"PUBLISHED Autumn Campaign, CELESTYAL ONE","PROMO, TARIFF",USD,1229,149,509,269,463
Wed Oct 22 2025 01:00:00 GMT+0100 (British Summer Time),CD03251024,CD,Iconic Greek Islands - 3Nights,3DICONIC,CUG,3,Fri Oct 24 2025 01:00:00 GMT+0100 (British Summer Time),SJA,"PUBLISHED Autumn Campaign, CELESTYAL ONE","PROMO, TARIFF",AUD,1719,209,709,379,646
Wed Oct 22 2025 01:00:00 GMT+0100 (British Summer Time),CD03251024,CD,Iconic Greek Islands - 3Nights,3DICONIC,CUG,3,Fri Oct 24 2025 01:00:00 GMT+0100 (British Summer Time),IB,"PUBLISHED Autumn Campaign, CELESTYAL ONE","PROMO, TARIFF",USD,729,149,0,0,244
Wed Oct 22 2025 01:00:00 GMT+0100 (British Summer Time),CD03251024,CD,Iconic Greek Islands - 3Nights,3DICONIC,BAR,3,Fri Oct 24 2025 01:00:00 GMT+0100 (British Summer Time),IA,"PUBLISHED Autumn Campaign, CELESTYAL ONE","PROMO, TARIFF",GBP,499,109,379,199,162
Wed Oct 22 2025 01:00:00 GMT+0100 (British Summer Time),CD03251024,CD,Iconic Greek Islands - 3Nights,3DICONIC,CUG,3,Fri Oct 24 2025 01:00:00 GMT+0100 (British Summer Time),BA,"PUBLISHED Autumn Campaign, CELESTYAL ONE","PROMO, TARIFF",EUR,969,129,0,0,361
Wed Oct 22 2025 01:00:00 GMT+0100 (British Summer Time),CD03251024,CD,Iconic Greek Islands - 3Nights,3DICONIC,CUG,3,Fri Oct 24 2025 01:00:00 GMT+0100 (British Summer Time),XD,"PUBLISHED Autumn Campaign, CELESTYAL ONE","PROMO, TARIFF",GBP,769,109,379,199,284
Wed Oct 22 2025 01:00:00 GMT+0100 (British Summer Time),CD03251024,CD,Iconic Greek Islands - 3Nights,3DICONIC,BAR,3,Fri Oct 24 2025 01:00:00 GMT+0100 (British Summer Time),IC,"PUBLISHED Autumn Campaign, CELESTYAL ONE","PROMO, TARIFF",USD,799,149,509,269,279
Wed Oct 22 2025 01:00:00 GMT+0100 (British Summer Time),CD03251024,CD,Iconic Greek Islands - 3Nights,3DICONIC,CUG,3,Fri Oct 24 2025 01:00:00 GMT+0100 (British Summer Time),XB,"PUBLISHED Autumn Campaign, CELESTYAL ONE","PROMO, TARIFF",AUD,1219,209,709,379,433
Wed Oct 22 2025 01:00:00 GMT+0100 (British Summer Time),CD03251024,CD,Iconic Greek Islands - 3Nights,3DICONIC,BAR,3,Fri Oct 24 2025 01:00:00 GMT+0100 (British Summer Time),IB,"PUBLISHED Autumn Campaign, CELESTYAL ONE","PROMO, TARIFF",EUR,629,129,0,0,211
Wed Oct 22 2025 01:00:00 GMT+0100 (British Summer Time),CD03251024,CD,Iconic Greek Islands - 3Nights,3DICONIC,CUG,3,Fri Oct 24 2025 01:00:00 GMT+0100 (British Summer Time),BA,"PUBLISHED Autumn Campaign, CELESTYAL ONE","PROMO, TARIFF",GBP,859,109,0,0,318
Wed Oct 22 2025 01:00:00 GMT+0100 (British Summer Time),CD03251024,CD,Iconic Greek Islands - 3Nights,3DICONIC,BAR,3,Fri Oct 24 2025 01:00:00 GMT+0100 (British Summer Time),IC,"PUBLISHED Autumn Campaign, CELESTYAL ONE","PROMO, TARIFF",AUD,1119,209,709,379,387
Wed Oct 22 2025 01:00:00 GMT+0100 (British Summer Time),CD03251024,CD,Iconic Greek Islands - 3Nights,3DICONIC,CUG,3,Fri Oct 24 2025 01:00:00 GMT+0100 (British Summer Time),XC,"PUBLISHED Autumn Campaign, CELESTYAL ONE","PROMO, TARIFF",USD,949,149,509,269,337
Wed Oct 22 2025 01:00:00 GMT+0100 (British Summer Time),CD03251024,CD,Iconic Greek Islands - 3Nights,3DICONIC,BAR,3,Fri Oct 24 2025 01:00:00 GMT+0100 (British Summer Time),IB,"PUBLISHED Autumn Campaign, CELESTYAL ONE","PROMO, TARIFF",USD,729,149,0,0,244
Wed Oct 22 2025 01:00:00 GMT+0100 (British Summer Time),CD03251025,CD,Iconic Greek Islands - 3Nights,3DICONIC,BAR,3,Sat Oct 25 2025 01:00:00 GMT+0100 (British Summer Time),IB,"PUBLISHED Autumn Campaign, CELESTYAL ONE","PROMO, TARIFF",AUD,1019,209,0,0,341
Wed Oct 22 2025 01:00:00 GMT+0100 (British Summer Time),CD03251025,CD,Iconic Greek Islands - 3Nights,3DICONIC,CUG,3,Sat Oct 25 2025 01:00:00 GMT+0100 (British Summer Time),XD,"PUBLISHED Autumn Campaign, CELESTYAL ONE","PROMO, TARIFF",GBP,769,109,379,199,284
Wed Oct 22 2025 01:00:00 GMT+0100 (British Summer Time),CD03251025,CD,Iconic Greek Islands - 3Nights,3DICONIC,BAR,3,Sat Oct 25 2025 01:00:00 GMT+0100 (British Summer Time),XD,"PUBLISHED Autumn Campaign, CELESTYAL ONE","PROMO, TARIFF",AUD,1409,209,709,379,518
Wed Oct 22 2025 01:00:00 GMT+0100 (British Summer Time),CD03251025,CD,Iconic Greek Islands - 3Nights,3DICONIC,CUG,3,Sat Oct 25 2025 01:00:00 GMT+0100 (British Summer Time),XC,"PUBLISHED Autumn Campaign, CELESTYAL ONE","PROMO, TARIFF",AUD,1319,209,709,379,479
Wed Oct 22 2025 01:00:00 GMT+0100 (British Summer Time),CD03251025,CD,Iconic Greek Islands - 3Nights,3DICONIC,CUG,3,Sat Oct 25 2025 01:00:00 GMT+0100 (British Summer Time),XC,"PUBLISHED Autumn Campaign, CELESTYAL ONE","PROMO, TARIFF",GBP,719,109,379,199,263
Wed Oct 22 2025 01:00:00 GMT+0100 (British Summer Time),CD03251025,CD,Iconic Greek Islands - 3Nights,3DICONIC,BAR,3,Sat Oct 25 2025 01:00:00 GMT+0100 (British Summer Time),IA,"PUBLISHED Autumn Campaign, CELESTYAL ONE","PROMO, TARIFF",USD,649,149,0,269,220
Wed Oct 22 2025 01:00:00 GMT+0100 (British Summer Time),CD03251025,CD,Iconic Greek Islands - 3Nights,3DICONIC,CUG,3,Sat Oct 25 2025 01:00:00 GMT+0100 (British Summer Time),IB,"PUBLISHED Autumn Campaign, CELESTYAL ONE","PROMO, TARIFF",USD,729,149,0,0,244
Wed Oct 22 2025 01:00:00 GMT+0100 (British Summer Time),CD03251025,CD,Iconic Greek Islands - 3Nights,3DICONIC,CUG,3,Sat Oct 25 2025 01:00:00 GMT+0100 (British Summer Time),XD,"PUBLISHED Autumn Campaign, CELESTYAL ONE","PROMO, TARIFF",USD,1009,149,509,269,370
Wed Oct 22 2025 01:00:00 GMT+0100 (British Summer Time),CD03251025,CD,Iconic Greek Islands - 3Nights,3DICONIC,BAR,3,Sat Oct 25 2025 01:00:00 GMT+0100 (British Summer Time),IA,"PUBLISHED Autumn Campaign, CELESTYAL ONE","PROMO, TARIFF",AUD,909,209,0,379,306
Wed Oct 22 2025 01:00:00 GMT+0100 (British Summer Time),CD03251025,CD,Iconic Greek Islands - 3Nights,3DICONIC,BAR,3,Sat Oct 25 2025 01:00:00 GMT+0100 (British Summer Time),XC,"PUBLISHED Autumn Campaign, CELESTYAL ONE","PROMO, TARIFF",USD,949,149,509,269,337
Wed Oct 22 2025 01:00:00 GMT+0100 (British Summer Time),CD03251025,CD,Iconic Greek Islands - 3Nights,3DICONIC,CUG,3,Sat Oct 25 2025 01:00:00 GMT+0100 (British Summer Time),IA,"PUBLISHED Autumn Campaign, CELESTYAL ONE","PROMO, TARIFF",AUD,909,209,0,379,306
Wed Oct 22 2025 01:00:00 GMT+0100 (British Summer Time),CD03251025,CD,Iconic Greek Islands - 3Nights,3DICONIC,CUG,3,Sat Oct 25 2025 01:00:00 GMT+0100 (British Summer Time),IA,"PUBLISHED Autumn Campaign, CELESTYAL ONE","PROMO, TARIFF",USD,649,149,0,269,220
Wed Oct 22 2025 01:00:00 GMT+0100 (British Summer Time),CD03251025,CD,Iconic Greek Islands - 3Nights,3DICONIC,BAR,3,Sat Oct 25 2025 01:00:00 GMT+0100 (British Summer Time),IB,"PUBLISHED Autumn Campaign, CELESTYAL ONE","PROMO, TARIFF",USD,729,149,0,0,244
Wed Oct 22 2025 01:00:00 GMT+0100 (British Summer Time),CD03251025,CD,Iconic Greek Islands - 3Nights,3DICONIC,BAR,3,Sat Oct 25 2025 01:00:00 GMT+0100 (British Summer Time),XD,"PUBLISHED Autumn Campaign, CELESTYAL ONE","PROMO, TARIFF",USD,1009,149,509,269,370
Wed Oct 22 2025 01:00:00 GMT+0100 (British Summer Time),CD03251025,CD,Iconic Greek Islands - 3Nights,3DICONIC,CUG,3,Sat Oct 25 2025 01:00:00 GMT+0100 (British Summer Time),XD,"PUBLISHED Autumn Campaign, CELESTYAL ONE","PROMO, TARIFF",AUD,1409,209,709,379,518
Wed Oct 22 2025 01:00:00 GMT+0100 (British Summer Time),CD03251025,CD,Iconic Greek Islands - 3Nights,3DICONIC,CUG,3,Sat Oct 25 2025 01:00:00 GMT+0100 (British Summer Time),XC,"PUBLISHED Autumn Campaign, CELESTYAL ONE","PROMO, TARIFF",USD,949,149,509,269,337
Wed Oct 22 2025 01:00:00 GMT+0100 (British Summer Time),CD03251025,CD,Iconic Greek Islands - 3Nights,3DICONIC,CUG,3,Sat Oct 25 2025 01:00:00 GMT+0100 (British Summer Time),IB,"PUBLISHED Autumn Campaign, CELESTYAL ONE","PROMO, TARIFF",GBP,549,109,0,0,192
Wed Oct 22 2025 01:00:00 GMT+0100 (British Summer Time),CD03251025,CD,Iconic Greek Islands - 3Nights,3DICONIC,CUG,3,Sat Oct 25 2025 01:00:00 GMT+0100 (British Summer Time),IB,"PUBLISHED Autumn Campaign, CELESTYAL ONE","PROMO, TARIFF",AUD,1019,209,0,0,341
Wed Oct 22 2025 01:00:00 GMT+0100 (British Summer Time),CD03251025,CD,Iconic Greek Islands - 3Nights,3DICONIC,BAR,3,Sat Oct 25 2025 01:00:00 GMT+0100 (British Summer Time),XC,"PUBLISHED Autumn Campaign, CELESTYAL ONE","PROMO, TARIFF",AUD,1319,209,709,379,479
Wed Oct 22 2025 01:00:00 GMT+0100 (British Summer Time),CD03251031,CD,Iconic Greek Islands - 3Nights,3DICONIC,CUG,3,Fri Oct 31 2025 00:00:00 GMT+0000 (Greenwich Mean Time),IB,"PUBLISHED Autumn Campaign, CELESTYAL ONE","PROMO, TARIFF",USD,599,149,0,0,374
Wed Oct 22 2025 01:00:00 GMT+0100 (British Summer Time),CD03251031,CD,Iconic Greek Islands - 3Nights,3DICONIC,BAR,3,Fri Oct 31 2025 00:00:00 GMT+0000 (Greenwich Mean Time),XC,"PUBLISHED Autumn Campaign, CELESTYAL ONE","PROMO, TARIFF",AUD,1079,209,599,379,719
Wed Oct 22 2025 01:00:00 GMT+0100 (British Summer Time),CD03251031,CD,Iconic Greek Islands - 3Nights,3DICONIC,CUG,3,Fri Oct 31 2025 00:00:00 GMT+0000 (Greenwich Mean Time),IA,"PUBLISHED Autumn Campaign, CELESTYAL ONE","PROMO, TARIFF",USD,549,149,0,269,320
Wed Oct 22 2025 01:00:00 GMT+0100 (British Summer Time),CD03251031,CD,Iconic Greek Islands - 3Nights,3DICONIC,CUG,3,Fri Oct 31 2025 00:00:00 GMT+0000 (Greenwich Mean Time),IA,"PUBLISHED Autumn Campaign, CELESTYAL ONE","PROMO, TARIFF",GBP,409,109,0,199,252
Wed Oct 22 2025 01:00:00 GMT+0100 (British Summer Time),CD03251031,CD,Iconic Greek Islands - 3Nights,3DICONIC,CUG,3,Fri Oct 31 2025 00:00:00 GMT+0000 (Greenwich Mean Time),IA,"PUBLISHED Autumn Campaign, CELESTYAL ONE","PROMO, TARIFF",AUD,759,209,0,379,456
Wed Oct 22 2025 01:00:00 GMT+0100 (British Summer Time),CD03251031,CD,Iconic Greek Islands - 3Nights,3DICONIC,BAR,3,Fri Oct 31 2025 00:00:00 GMT+0000 (Greenwich Mean Time),XC,"PUBLISHED Autumn Campaign, CELESTYAL ONE","PROMO, TARIFF",USD,779,149,429,269,507
Wed Oct 22 2025 01:00:00 GMT+0100 (British Summer Time),CD03251031,CD,Iconic Greek Islands - 3Nights,3DICONIC,CUG,3,Fri Oct 31 2025 00:00:00 GMT+0000 (Greenwich Mean Time),XC,"PUBLISHED Autumn Campaign, CELESTYAL ONE","PROMO, TARIFF",AUD,1079,209,599,379,719
Wed Oct 22 2025 01:00:00 GMT+0100 (British Summer Time),CD03251031,CD,Iconic Greek Islands - 3Nights,3DICONIC,BAR,3,Fri Oct 31 2025 00:00:00 GMT+0000 (Greenwich Mean Time),IA,"PUBLISHED Autumn Campaign, CELESTYAL ONE","PROMO, TARIFF",GBP,409,109,0,199,252
Wed Oct 22 2025 01:00:00 GMT+0100 (British Summer Time),CD03251031,CD,Iconic Greek Islands - 3Nights,3DICONIC,BAR,3,Fri Oct 31 2025 00:00:00 GMT+0000 (Greenwich Mean Time),XC,"PUBLISHED Autumn Campaign, CELESTYAL ONE","PROMO, TARIFF",EUR,669,129,369,239,441
Wed Oct 22 2025 01:00:00 GMT+0100 (British Summer Time),CD03251031,CD,Iconic Greek Islands - 3Nights,3DICONIC,BAR,3,Fri Oct 31 2025 00:00:00 GMT+0000 (Greenwich Mean Time),IA,"PUBLISHED Autumn Campaign, CELESTYAL ONE","PROMO, TARIFF",USD,549,149,0,269,320
Wed Oct 22 2025 01:00:00 GMT+0100 (British Summer Time),CD03251031,CD,Iconic Greek Islands - 3Nights,3DICONIC,CUG,3,Fri Oct 31 2025 00:00:00 GMT+0000 (Greenwich Mean Time),XC,"PUBLISHED Autumn Campaign, CELESTYAL ONE","PROMO, TARIFF",GBP,589,109,329,199,393
Wed Oct 22 2025 01:00:00 GMT+0100 (British Summer Time),CD03251031,CD,Iconic Greek Islands - 3Nights,3DICONIC,BAR,3,Fri Oct 31 2025 00:00:00 GMT+0000 (Greenwich Mean Time),IA,"PUBLISHED Autumn Campaign, CELESTYAL ONE","PROMO, TARIFF",EUR,469,129,0,239,281
Wed Oct 22 2025 01:00:00 GMT+0100 (British Summer Time),CD03251031,CD,Iconic Greek Islands - 3Nights,3DICONIC,CUG,3,Fri Oct 31 2025 00:00:00 GMT+0000 (Greenwich Mean Time),IB,"PUBLISHED Autumn Campaign, CELESTYAL ONE","PROMO, TARIFF",AUD,839,209,0,0,521
Wed Oct 22 2025 01:00:00 GMT+0100 (British Summer Time),CD03251031,CD,Iconic Greek Islands - 3Nights,3DICONIC,BAR,3,Fri Oct 31 2025 00:00:00 GMT+0000 (Greenwich Mean Time),IB,"PUBLISHED Autumn Campaign, CELESTYAL ONE","PROMO, TARIFF",AUD,839,209,0,0,521
Wed Oct 22 2025 01:00:00 GMT+0100 (British Summer Time),CD03251031,CD,Iconic Greek Islands - 3Nights,3DICONIC,CUG,3,Fri Oct 31 2025 00:00:00 GMT+0000 (Greenwich Mean Time),IA,"PUBLISHED Autumn Campaign, CELESTYAL ONE","PROMO, TARIFF",EUR,469,129,0,239,281
Wed Oct 22 2025 01:00:00 GMT+0100 (British Summer Time),CD03251031,CD,Iconic Greek Islands - 3Nights,3DICONIC,CUG,3,Fri Oct 31 2025 00:00:00 GMT+0000 (Greenwich Mean Time),XC,"PUBLISHED Autumn Campaign, CELESTYAL ONE","PROMO, TARIFF",EUR,669,129,369,239,441
Wed Oct 22 2025 01:00:00 GMT+0100 (British Summer Time),CD03251031,CD,Iconic Greek Islands - 3Nights,3DICONIC,BAR,3,Fri Oct 31 2025 00:00:00 GMT+0000 (Greenwich Mean Time),IB,"PUBLISHED Autumn Campaign, CELESTYAL ONE","PROMO, TARIFF",USD,599,149,0,0,374
Wed Oct 22 2025 01:00:00 GMT+0100 (British Summer Time),CD03251031,CD,Iconic Greek Islands - 3Nights,3DICONIC,BAR,3,Fri Oct 31 2025 00:00:00 GMT+0000 (Greenwich Mean Time),XC,"PUBLISHED Autumn Campaign, CELESTYAL ONE","PROMO, TARIFF",GBP,589,109,329,199,393
Wed Oct 22 2025 01:00:00 GMT+0100 (British Summer Time),CD03251031,CD,Iconic Greek Islands - 3Nights,3DICONIC,CUG,3,Fri Oct 31 2025 00:00:00 GMT+0000 (Greenwich Mean Time),XC,"PUBLISHED Autumn Campaign, CELESTYAL ONE","PROMO, TARIFF",USD,779,149,429,269,507
Wed Oct 22 2025 01:00:00 GMT+0100 (British Summer Time),CD03251101,CD,Iconic Greek Islands - 3Nights,3DICONIC,CUG,3,Sat Nov 01 2025 00:00:00 GMT+0000 (Greenwich Mean Time),IB,"PUBLISHED Autumn Campaign, CELESTYAL ONE","PROMO, TARIFF",AUD,839,209,0,0,521
Wed Oct 22 2025 01:00:00 GMT+0100 (British Summer Time),CD03251101,CD,Iconic Greek Islands - 3Nights,3DICONIC,BAR,3,Sat Nov 01 2025 00:00:00 GMT+0000 (Greenwich Mean Time),IA,"PUBLISHED Autumn Campaign, CELESTYAL ONE","PROMO, TARIFF",GBP,409,109,0,199,252
Wed Oct 22 2025 01:00:00 GMT+0100 (British Summer Time),CD03251101,CD,Iconic Greek Islands - 3Nights,3DICONIC,CUG,3,Sat Nov 01 2025 00:00:00 GMT+0000 (Greenwich Mean Time),IB,"PUBLISHED Autumn Campaign, CELESTYAL ONE","PROMO, TARIFF",USD,599,149,0,0,374
Wed Oct 22 2025 01:00:00 GMT+0100 (British Summer Time),CD03251101,CD,Iconic Greek Islands - 3Nights,3DICONIC,BAR,3,Sat Nov 01 2025 00:00:00 GMT+0000 (Greenwich Mean Time),IA,"PUBLISHED Autumn Campaign, CELESTYAL ONE","PROMO, TARIFF",EUR,469,129,0,239,281
Wed Oct 22 2025 01:00:00 GMT+0100 (British Summer Time),CD03251101,CD,Iconic Greek Islands - 3Nights,3DICONIC,BAR,3,Sat Nov 01 2025 00:00:00 GMT+0000 (Greenwich Mean Time),IB,"PUBLISHED Autumn Campaign, CELESTYAL ONE","PROMO, TARIFF",AUD,839,209,0,0,521
Wed Oct 22 2025 01:00:00 GMT+0100 (British Summer Time),CD03251101,CD,Iconic Greek Islands - 3Nights,3DICONIC,CUG,3,Sat Nov 01 2025 00:00:00 GMT+0000 (Greenwich Mean Time),IA,"PUBLISHED Autumn Campaign, CELESTYAL ONE","PROMO, TARIFF",GBP,409,109,0,199,252
Wed Oct 22 2025 01:00:00 GMT+0100 (British Summer Time),CD03251101,CD,Iconic Greek Islands - 3Nights,3DICONIC,BAR,3,Sat Nov 01 2025 00:00:00 GMT+0000 (Greenwich Mean Time),IB,"PUBLISHED Autumn Campaign, CELESTYAL ONE","PROMO, TARIFF",USD,599,149,0,0,374
Wed Oct 22 2025 01:00:00 GMT+0100 (British Summer Time),CD03251101,CD,Iconic Greek Islands - 3Nights,3DICONIC,CUG,3,Sat Nov 01 2025 00:00:00 GMT+0000 (Greenwich Mean Time),IA,"PUBLISHED Autumn Campaign, CELESTYAL ONE","PROMO, TARIFF",EUR,469,129,0,239,281
Wed Oct 22 2025 01:00:00 GMT+0100 (British Summer Time),CD03251107,CD,Iconic Greek Islands - 3Nights (Mar & Nov),3DICONICWINTER,CUG,3,Fri Nov 07 2025 00:00:00 GMT+0000 (Greenwich Mean Time),BA,"PUBLISHED Autumn Campaign, CELESTYAL ONE","PROMO, TARIFF",EUR,899,129,0,0,431
Wed Oct 22 2025 01:00:00 GMT+0100 (British Summer Time),CD03251107,CD,Iconic Greek Islands - 3Nights (Mar & Nov),3DICONICWINTER,BAR,3,Fri Nov 07 2025 00:00:00 GMT+0000 (Greenwich Mean Time),XBO,"PUBLISHED Autumn Campaign, CELESTYAL ONE","PROMO, TARIFF",EUR,589,129,369,239,381
Wed Oct 22 2025 01:00:00 GMT+0100 (British Summer Time),CD03251107,CD,Iconic Greek Islands - 3Nights (Mar & Nov),3DICONICWINTER,BAR,3,Fri Nov 07 2025 00:00:00 GMT+0000 (Greenwich Mean Time),XB,"PUBLISHED Autumn Campaign, CELESTYAL ONE","PROMO, TARIFF",AUD,999,209,599,379,653
Wed Oct 22 2025 01:00:00 GMT+0100 (British Summer Time),CD03251107,CD,Iconic Greek Islands - 3Nights (Mar & Nov),3DICONICWINTER,BAR,3,Fri Nov 07 2025 00:00:00 GMT+0000 (Greenwich Mean Time),IC,"PUBLISHED Autumn Campaign, CELESTYAL ONE","PROMO, TARIFF",EUR,569,129,369,239,361
Wed Oct 22 2025 01:00:00 GMT+0100 (British Summer Time),CD03251107,CD,Iconic Greek Islands - 3Nights (Mar & Nov),3DICONICWINTER,BAR,3,Fri Nov 07 2025 00:00:00 GMT+0000 (Greenwich Mean Time),BA,"PUBLISHED Autumn Campaign, CELESTYAL ONE","PROMO, TARIFF",GBP,789,109,0,0,388
Wed Oct 22 2025 01:00:00 GMT+0100 (British Summer Time),CD03251107,CD,Iconic Greek Islands - 3Nights (Mar & Nov),3DICONICWINTER,CUG,3,Fri Nov 07 2025 00:00:00 GMT+0000 (Greenwich Mean Time),XA,"PUBLISHED Autumn Campaign, CELESTYAL ONE","PROMO, TARIFF",GBP,519,109,0,0,338
Wed Oct 22 2025 01:00:00 GMT+0100 (British Summer Time),CD03251107,CD,Iconic Greek Islands - 3Nights (Mar & Nov),3DICONICWINTER,BAR,3,Fri Nov 07 2025 00:00:00 GMT+0000 (Greenwich Mean Time),XA,"PUBLISHED Autumn Campaign, CELESTYAL ONE","PROMO, TARIFF",GBP,519,109,0,0,338
Wed Oct 22 2025 01:00:00 GMT+0100 (British Summer Time),CD03251107,CD,Iconic Greek Islands - 3Nights (Mar & Nov),3DICONICWINTER,BAR,3,Fri Nov 07 2025 00:00:00 GMT+0000 (Greenwich Mean Time),XA,"PUBLISHED Autumn Campaign, CELESTYAL ONE","PROMO, TARIFF",EUR,589,129,0,0,381
Wed Oct 22 2025 01:00:00 GMT+0100 (British Summer Time),CD03251107,CD,Iconic Greek Islands - 3Nights (Mar & Nov),3DICONICWINTER,CUG,3,Fri Nov 07 2025 00:00:00 GMT+0000 (Greenwich Mean Time),XBO,"CELESTYAL ONE, Closed User Group rates","TARIFF, PROMO",USD,429,149,279,149,975
Wed Oct 22 2025 01:00:00 GMT+0100 (British Summer Time),CD03251107,CD,Iconic Greek Islands - 3Nights (Mar & Nov),3DICONICWINTER,CUG,3,Fri Nov 07 2025 00:00:00 GMT+0000 (Greenwich Mean Time),SJB,"PUBLISHED Autumn Campaign, CELESTYAL ONE","PROMO, TARIFF",EUR,1119,129,369,239,431
Wed Oct 22 2025 01:00:00 GMT+0100 (British Summer Time),CD03251107,CD,Iconic Greek Islands - 3Nights (Mar & Nov),3DICONICWINTER,BAR,3,Fri Nov 07 2025 00:00:00 GMT+0000 (Greenwich Mean Time),SJB,"PUBLISHED Autumn Campaign, CELESTYAL ONE","PROMO, TARIFF",GBP,999,109,329,199,374
Wed Oct 22 2025 01:00:00 GMT+0100 (British Summer Time),CD03251107,CD,Iconic Greek Islands - 3Nights (Mar & Nov),3DICONICWINTER,CUG,3,Fri Nov 07 2025 00:00:00 GMT+0000 (Greenwich Mean Time),SJB,"PUBLISHED Autumn Campaign, CELESTYAL ONE","PROMO, TARIFF",AUD,1819,209,599,379,692
Wed Oct 22 2025 01:00:00 GMT+0100 (British Summer Time),CD03251107,CD,Iconic Greek Islands - 3Nights (Mar & Nov),3DICONICWINTER,CUG,3,Fri Nov 07 2025 00:00:00 GMT+0000 (Greenwich Mean Time),SJA,"PUBLISHED Autumn Campaign, CELESTYAL ONE","PROMO, TARIFF",GBP,939,109,329,199,354
Wed Oct 22 2025 01:00:00 GMT+0100 (British Summer Time),CD03251107,CD,Iconic Greek Islands - 3Nights (Mar & Nov),3DICONICWINTER,CUG,3,Fri Nov 07 2025 00:00:00 GMT+0000 (Greenwich Mean Time),IC,"PUBLISHED Autumn Campaign, CELESTYAL ONE","PROMO, TARIFF",AUD,919,209,599,379,587
Wed Oct 22 2025 01:00:00 GMT+0100 (British Summer Time),CD03251107,CD,Iconic Greek Islands - 3Nights (Mar & Nov),3DICONICWINTER,CUG,3,Fri Nov 07 2025 00:00:00 GMT+0000 (Greenwich Mean Time),BA,"PUBLISHED Autumn Campaign, CELESTYAL ONE","PROMO, TARIFF",GBP,789,109,0,0,388
Wed Oct 22 2025 01:00:00 GMT+0100 (British Summer Time),CD03251107,CD,Iconic Greek Islands - 3Nights (Mar & Nov),3DICONICWINTER,CUG,3,Fri Nov 07 2025 00:00:00 GMT+0000 (Greenwich Mean Time),XA,"PUBLISHED Autumn Campaign, CELESTYAL ONE","PROMO, TARIFF",EUR,589,129,0,0,381
Wed Oct 22 2025 01:00:00 GMT+0100 (British Summer Time),CD03251107,CD,Iconic Greek Islands - 3Nights (Mar & Nov),3DICONICWINTER,BAR,3,Fri Nov 07 2025 00:00:00 GMT+0000 (Greenwich Mean Time),SG,"PUBLISHED Autumn Campaign, CELESTYAL ONE","PROMO, TARIFF",AUD,2029,209,599,379,773
Wed Oct 22 2025 01:00:00 GMT+0100 (British Summer Time),CD03251107,CD,Iconic Greek Islands - 3Nights (Mar & Nov),3DICONICWINTER,BAR,3,Fri Nov 07 2025 00:00:00 GMT+0000 (Greenwich Mean Time),SJB,"PUBLISHED Autumn Campaign, CELESTYAL ONE","PROMO, TARIFF",AUD,1819,209,599,379,692
Wed Oct 22 2025 01:00:00 GMT+0100 (British Summer Time),CD03251107,CD,Iconic Greek Islands - 3Nights (Mar & Nov),3DICONICWINTER,CUG,3,Fri Nov 07 2025 00:00:00 GMT+0000 (Greenwich Mean Time),SG,"PUBLISHED Autumn Campaign, CELESTYAL ONE","PROMO, TARIFF",AUD,2029,209,599,379,773
Wed Oct 22 2025 01:00:00 GMT+0100 (British Summer Time),CD03251107,CD,Iconic Greek Islands - 3Nights (Mar & Nov),3DICONICWINTER,BAR,3,Fri Nov 07 2025 00:00:00 GMT+0000 (Greenwich Mean Time),IC,"PUBLISHED Autumn Campaign, CELESTYAL ONE","PROMO, TARIFF",AUD,919,209,599,379,587
Wed Oct 22 2025 01:00:00 GMT+0100 (British Summer Time),CD03251107,CD,Iconic Greek Islands - 3Nights (Mar & Nov),3DICONICWINTER,CUG,3,Fri Nov 07 2025 00:00:00 GMT+0000 (Greenwich Mean Time),XB,"PUBLISHED Autumn Campaign, CELESTYAL ONE","PROMO, TARIFF",AUD,999,209,599,379,653
Wed Oct 22 2025 01:00:00 GMT+0100 (British Summer Time),CD03251107,CD,Iconic Greek Islands - 3Nights (Mar & Nov),3DICONICWINTER,BAR,3,Fri Nov 07 2025 00:00:00 GMT+0000 (Greenwich Mean Time),SJB,"PUBLISHED Autumn Campaign, CELESTYAL ONE","PROMO, TARIFF",USD,1299,149,429,269,498
Wed Oct 22 2025 01:00:00 GMT+0100 (British Summer Time),CD03251107,CD,Iconic Greek Islands - 3Nights (Mar & Nov),3DICONICWINTER,BAR,3,Fri Nov 07 2025 00:00:00 GMT+0000 (Greenwich Mean Time),XA,"PUBLISHED Autumn Campaign, CELESTYAL ONE","PROMO, TARIFF",AUD,959,209,0,0,612
Wed Oct 22 2025 01:00:00 GMT+0100 (British Summer Time),CD03251107,CD,Iconic Greek Islands - 3Nights (Mar & Nov),3DICONICWINTER,BAR,3,Fri Nov 07 2025 00:00:00 GMT+0000 (Greenwich Mean Time),BA,"PUBLISHED Autumn Campaign, CELESTYAL ONE","PROMO, TARIFF",EUR,899,129,0,0,431
Wed Oct 22 2025 01:00:00 GMT+0100 (British Summer Time),CD03251107,CD,Iconic Greek Islands - 3Nights (Mar & Nov),3DICONICWINTER,CUG,3,Fri Nov 07 2025 00:00:00 GMT+0000 (Greenwich Mean Time),SJA,"PUBLISHED Autumn Campaign, CELESTYAL ONE","PROMO, TARIFF",EUR,1059,129,369,239,401
Wed Oct 22 2025 01:00:00 GMT+0100 (British Summer Time),CD03251107,CD,Iconic Greek Islands - 3Nights (Mar & Nov),3DICONICWINTER,BAR,3,Fri Nov 07 2025 00:00:00 GMT+0000 (Greenwich Mean Time),BA,"PUBLISHED Autumn Campaign, CELESTYAL ONE","PROMO, TARIFF",AUD,1459,209,0,0,695
Wed Oct 22 2025 01:00:00 GMT+0100 (British Summer Time),CD03251107,CD,Iconic Greek Islands - 3Nights (Mar & Nov),3DICONICWINTER,BAR,3,Fri Nov 07 2025 00:00:00 GMT+0000 (Greenwich Mean Time),XB,"PUBLISHED Autumn Campaign, CELESTYAL ONE","PROMO, TARIFF",EUR,619,129,369,239,401
Wed Oct 22 2025 01:00:00 GMT+0100 (British Summer Time),CD03251107,CD,Iconic Greek Islands - 3Nights (Mar & Nov),3DICONICWINTER,BAR,3,Fri Nov 07 2025 00:00:00 GMT+0000 (Greenwich Mean Time),SJA,"PUBLISHED Autumn Campaign, CELESTYAL ONE","PROMO, TARIFF",AUD,1719,209,599,379,646
Wed Oct 22 2025 01:00:00 GMT+0100 (British Summer Time),CD03251107,CD,Iconic Greek Islands - 3Nights (Mar & Nov),3DICONICWINTER,BAR,3,Fri Nov 07 2025 00:00:00 GMT+0000 (Greenwich Mean Time),SG,"PUBLISHED Autumn Campaign, CELESTYAL ONE","PROMO, TARIFF",USD,1449,149,429,269,557
Wed Oct 22 2025 01:00:00 GMT+0100 (British Summer Time),CD03251107,CD,Iconic Greek Islands - 3Nights (Mar & Nov),3DICONICWINTER,BAR,3,Fri Nov 07 2025 00:00:00 GMT+0000 (Greenwich Mean Time),XB,"PUBLISHED Autumn Campaign, CELESTYAL ONE","PROMO, TARIFF",USD,719,149,429,269,463
Wed Oct 22 2025 01:00:00 GMT+0100 (British Summer Time),CD03251107,CD,Iconic Greek Islands - 3Nights (Mar & Nov),3DICONICWINTER,CUG,3,Fri Nov 07 2025 00:00:00 GMT+0000 (Greenwich Mean Time),XB,"PUBLISHED Autumn Campaign, CELESTYAL ONE","PROMO, TARIFF",EUR,619,129,369,239,401
Wed Oct 22 2025 01:00:00 GMT+0100 (British Summer Time),CD03251107,CD,Iconic Greek Islands - 3Nights (Mar & Nov),3DICONICWINTER,BAR,3,Fri Nov 07 2025 00:00:00 GMT+0000 (Greenwich Mean Time),XBO,"PUBLISHED Autumn Campaign, CELESTYAL ONE","PROMO, TARIFF",AUD,959,209,599,379,612
Wed Oct 22 2025 01:00:00 GMT+0100 (British Summer Time),CD03251107,CD,Iconic Greek Islands - 3Nights (Mar & Nov),3DICONICWINTER,CUG,3,Fri Nov 07 2025 00:00:00 GMT+0000 (Greenwich Mean Time),XA,"PUBLISHED Autumn Campaign, CELESTYAL ONE","PROMO, TARIFF",AUD,959,209,0,0,612
Wed Oct 22 2025 01:00:00 GMT+0100 (British Summer Time),CD03251107,CD,Iconic Greek Islands - 3Nights (Mar & Nov),3DICONICWINTER,BAR,3,Fri Nov 07 2025 00:00:00 GMT+0000 (Greenwich Mean Time),SG,"PUBLISHED Autumn Campaign, CELESTYAL ONE","PROMO, TARIFF",GBP,1109,109,329,199,424
Wed Oct 22 2025 01:00:00 GMT+0100 (British Summer Time),CD03251107,CD,Iconic Greek Islands - 3Nights (Mar & Nov),3DICONICWINTER,CUG,3,Fri Nov 07 2025 00:00:00 GMT+0000 (Greenwich Mean Time),XBO,"PUBLISHED Autumn Campaign, CELESTYAL ONE","PROMO, TARIFF",AUD,959,209,599,379,612
Wed Oct 22 2025 01:00:00 GMT+0100 (British Summer Time),CD03251107,CD,Iconic Greek Islands - 3Nights (Mar & Nov),3DICONICWINTER,BAR,3,Fri Nov 07 2025 00:00:00 GMT+0000 (Greenwich Mean Time),XBO,"PUBLISHED Autumn Campaign, CELESTYAL ONE","PROMO, TARIFF",GBP,519,109,329,199,338
Wed Oct 22 2025 01:00:00 GMT+0100 (British Summer Time),CD03251107,CD,Iconic Greek Islands - 3Nights (Mar & Nov),3DICONICWINTER,BAR,3,Fri Nov 07 2025 00:00:00 GMT+0000 (Greenwich Mean Time),IC,"PUBLISHED Autumn Campaign, CELESTYAL ONE","PROMO, TARIFF",GBP,499,109,329,199,322
Wed Oct 22 2025 01:00:00 GMT+0100 (British Summer Time),CD03251107,CD,Iconic Greek Islands - 3Nights (Mar & Nov),3DICONICWINTER,BAR,3,Fri Nov 07 2025 00:00:00 GMT+0000 (Greenwich Mean Time),XBO,"PUBLISHED Autumn Campaign, CELESTYAL ONE","PROMO, TARIFF",USD,689,149,429,269,435
Wed Oct 22 2025 01:00:00 GMT+0100 (British Summer Time),CD03251107,CD,Iconic Greek Islands - 3Nights (Mar & Nov),3DICONICWINTER,BAR,3,Fri Nov 07 2025 00:00:00 GMT+0000 (Greenwich Mean Time),SJA,"PUBLISHED Autumn Campaign, CELESTYAL ONE","PROMO, TARIFF",EUR,1059,129,369,239,401
Wed Oct 22 2025 01:00:00 GMT+0100 (British Summer Time),CD03251107,CD,Iconic Greek Islands - 3Nights (Mar & Nov),3DICONICWINTER,BAR,3,Fri Nov 07 2025 00:00:00 GMT+0000 (Greenwich Mean Time),SJA,"PUBLISHED Autumn Campaign, CELESTYAL ONE","PROMO, TARIFF",GBP,939,109,329,199,354
Wed Oct 22 2025 01:00:00 GMT+0100 (British Summer Time),CD03251107,CD,Iconic Greek Islands - 3Nights (Mar & Nov),3DICONICWINTER,BAR,3,Fri Nov 07 2025 00:00:00 GMT+0000 (Greenwich Mean Time),SJB,"PUBLISHED Autumn Campaign, CELESTYAL ONE","PROMO, TARIFF",EUR,1119,129,369,239,431
Wed Oct 22 2025 01:00:00 GMT+0100 (British Summer Time),CD03251107,CD,Iconic Greek Islands - 3Nights (Mar & Nov),3DICONICWINTER,BAR,3,Fri Nov 07 2025 00:00:00 GMT+0000 (Greenwich Mean Time),SG,"PUBLISHED Autumn Campaign, CELESTYAL ONE","PROMO, TARIFF",EUR,1249,129,369,239,481
Wed Oct 22 2025 01:00:00 GMT+0100 (British Summer Time),CD03251107,CD,Iconic Greek Islands - 3Nights (Mar & Nov),3DICONICWINTER,CUG,3,Fri Nov 07 2025 00:00:00 GMT+0000 (Greenwich Mean Time),IC,"CELESTYAL ONE, Closed User Group rates","TARIFF, PROMO",USD,359,149,279,149,929
Wed Oct 22 2025 01:00:00 GMT+0100 (British Summer Time),CD03251107,CD,Iconic Greek Islands - 3Nights (Mar & Nov),3DICONICWINTER,CUG,3,Fri Nov 07 2025 00:00:00 GMT+0000 (Greenwich Mean Time),XBO,"PUBLISHED Autumn Campaign, CELESTYAL ONE","PROMO, TARIFF",GBP,519,109,329,199,338
Wed Oct 22 2025 01:00:00 GMT+0100 (British Summer Time),CD03251107,CD,Iconic Greek Islands - 3Nights (Mar & Nov),3DICONICWINTER,CUG,3,Fri Nov 07 2025 00:00:00 GMT+0000 (Greenwich Mean Time),BA,"CELESTYAL ONE, Closed User Group rates","TARIFF, PROMO",USD,849,149,0,0,1393
Wed Oct 22 2025 01:00:00 GMT+0100 (British Summer Time),CD03251107,CD,Iconic Greek Islands - 3Nights (Mar & Nov),3DICONICWINTER,CUG,3,Fri Nov 07 2025 00:00:00 GMT+0000 (Greenwich Mean Time),SJB,"PUBLISHED Autumn Campaign, CELESTYAL ONE","PROMO, TARIFF",GBP,999,109,329,199,374
Wed Oct 22 2025 01:00:00 GMT+0100 (British Summer Time),CD03251107,CD,Iconic Greek Islands - 3Nights (Mar & Nov),3DICONICWINTER,CUG,3,Fri Nov 07 2025 00:00:00 GMT+0000 (Greenwich Mean Time),SG,"PUBLISHED Autumn Campaign, CELESTYAL ONE","PROMO, TARIFF",EUR,1249,129,369,239,481
Wed Oct 22 2025 01:00:00 GMT+0100 (British Summer Time),CD03251107,CD,Iconic Greek Islands - 3Nights (Mar & Nov),3DICONICWINTER,CUG,3,Fri Nov 07 2025 00:00:00 GMT+0000 (Greenwich Mean Time),XB,"CELESTYAL ONE, Closed User Group rates","TARIFF, PROMO",USD,429,149,279,149,1033
Wed Oct 22 2025 01:00:00 GMT+0100 (British Summer Time),CD03251107,CD,Iconic Greek Islands - 3Nights (Mar & Nov),3DICONICWINTER,CUG,3,Fri Nov 07 2025 00:00:00 GMT+0000 (Greenwich Mean Time),XB,"PUBLISHED Autumn Campaign, CELESTYAL ONE","PROMO, TARIFF",GBP,549,109,329,199,352
Wed Oct 22 2025 01:00:00 GMT+0100 (British Summer Time),CD03251107,CD,Iconic Greek Islands - 3Nights (Mar & Nov),3DICONICWINTER,CUG,3,Fri Nov 07 2025 00:00:00 GMT+0000 (Greenwich Mean Time),SG,"PUBLISHED Autumn Campaign, CELESTYAL ONE","PROMO, TARIFF",USD,1449,149,429,269,557
Wed Oct 22 2025 01:00:00 GMT+0100 (British Summer Time),CD03251107,CD,Iconic Greek Islands - 3Nights (Mar & Nov),3DICONICWINTER,CUG,3,Fri Nov 07 2025 00:00:00 GMT+0000 (Greenwich Mean Time),SG,"PUBLISHED Autumn Campaign, CELESTYAL ONE","PROMO, TARIFF",GBP,1109,109,329,199,424
Wed Oct 22 2025 01:00:00 GMT+0100 (British Summer Time),CD03251107,CD,Iconic Greek Islands - 3Nights (Mar & Nov),3DICONICWINTER,BAR,3,Fri Nov 07 2025 00:00:00 GMT+0000 (Greenwich Mean Time),IC,"PUBLISHED Autumn Campaign, CELESTYAL ONE","PROMO, TARIFF",USD,659,149,429,269,419
Wed Oct 22 2025 01:00:00 GMT+0100 (British Summer Time),CD03251107,CD,Iconic Greek Islands - 3Nights (Mar & Nov),3DICONICWINTER,CUG,3,Fri Nov 07 2025 00:00:00 GMT+0000 (Greenwich Mean Time),IC,"PUBLISHED Autumn Campaign, CELESTYAL ONE","PROMO, TARIFF",GBP,499,109,329,199,322
Wed Oct 22 2025 01:00:00 GMT+0100 (British Summer Time),CD03251107,CD,Iconic Greek Islands - 3Nights (Mar & Nov),3DICONICWINTER,CUG,3,Fri Nov 07 2025 00:00:00 GMT+0000 (Greenwich Mean Time),BA,"PUBLISHED Autumn Campaign, CELESTYAL ONE","PROMO, TARIFF",AUD,1459,209,0,0,695
Wed Oct 22 2025 01:00:00 GMT+0100 (British Summer Time),CD03251107,CD,Iconic Greek Islands - 3Nights (Mar & Nov),3DICONICWINTER,CUG,3,Fri Nov 07 2025 00:00:00 GMT+0000 (Greenwich Mean Time),XA,"CELESTYAL ONE, Closed User Group rates","TARIFF, PROMO",USD,429,149,0,0,975
Wed Oct 22 2025 01:00:00 GMT+0100 (British Summer Time),CD03251107,CD,Iconic Greek Islands - 3Nights (Mar & Nov),3DICONICWINTER,BAR,3,Fri Nov 07 2025 00:00:00 GMT+0000 (Greenwich Mean Time),XA,"PUBLISHED Autumn Campaign, CELESTYAL ONE","PROMO, TARIFF",USD,689,149,0,0,435
Wed Oct 22 2025 01:00:00 GMT+0100 (British Summer Time),CD03251107,CD,Iconic Greek Islands - 3Nights (Mar & Nov),3DICONICWINTER,CUG,3,Fri Nov 07 2025 00:00:00 GMT+0000 (Greenwich Mean Time),SJA,"PUBLISHED Autumn Campaign, CELESTYAL ONE","PROMO, TARIFF",AUD,1719,209,599,379,646
Wed Oct 22 2025 01:00:00 GMT+0100 (British Summer Time),CD03251107,CD,Iconic Greek Islands - 3Nights (Mar & Nov),3DICONICWINTER,BAR,3,Fri Nov 07 2025 00:00:00 GMT+0000 (Greenwich Mean Time),SJA,"PUBLISHED Autumn Campaign, CELESTYAL ONE","PROMO, TARIFF",USD,1229,149,429,269,463
Wed Oct 22 2025 01:00:00 GMT+0100 (British Summer Time),CD03251107,CD,Iconic Greek Islands - 3Nights (Mar & Nov),3DICONICWINTER,CUG,3,Fri Nov 07 2025 00:00:00 GMT+0000 (Greenwich Mean Time),XBO,"PUBLISHED Autumn Campaign, CELESTYAL ONE","PROMO, TARIFF",EUR,589,129,369,239,381
Wed Oct 22 2025 01:00:00 GMT+0100 (British Summer Time),CD03251107,CD,Iconic Greek Islands - 3Nights (Mar & Nov),3DICONICWINTER,CUG,3,Fri Nov 07 2025 00:00:00 GMT+0000 (Greenwich Mean Time),SJA,"CELESTYAL ONE, Closed User Group rates","TARIFF, PROMO",USD,919,149,279,149,1543
Wed Oct 22 2025 01:00:00 GMT+0100 (British Summer Time),CD03251107,CD,Iconic Greek Islands - 3Nights (Mar & Nov),3DICONICWINTER,CUG,3,Fri Nov 07 2025 00:00:00 GMT+0000 (Greenwich Mean Time),IC,"PUBLISHED Autumn Campaign, CELESTYAL ONE","PROMO, TARIFF",EUR,569,129,369,239,361
Wed Oct 22 2025 01:00:00 GMT+0100 (British Summer Time),CD03251107,CD,Iconic Greek Islands - 3Nights (Mar & Nov),3DICONICWINTER,BAR,3,Fri Nov 07 2025 00:00:00 GMT+0000 (Greenwich Mean Time),XB,"PUBLISHED Autumn Campaign, CELESTYAL ONE","PROMO, TARIFF",GBP,549,109,329,199,352
Wed Oct 22 2025 01:00:00 GMT+0100 (British Summer Time),CD03251107,CD,Iconic Greek Islands - 3Nights (Mar & Nov),3DICONICWINTER,CUG,3,Fri Nov 07 2025 00:00:00 GMT+0000 (Greenwich Mean Time),SJB,"CELESTYAL ONE, Closed User Group rates","TARIFF, PROMO",USD,919,149,279,149,1648
Wed Oct 22 2025 01:00:00 GMT+0100 (British Summer Time),CD03251107,CD,Iconic Greek Islands - 3Nights (Mar & Nov),3DICONICWINTER,BAR,3,Fri Nov 07 2025 00:00:00 GMT+0000 (Greenwich Mean Time),BA,"PUBLISHED Autumn Campaign, CELESTYAL ONE","PROMO, TARIFF",USD,1039,149,0,0,503
Wed Oct 22 2025 01:00:00 GMT+0100 (British Summer Time),CD03251108,CD,Iconic Greek Islands - 3Nights (Mar & Nov),3DICONICWINTER,BAR,3,Sat Nov 08 2025 00:00:00 GMT+0000 (Greenwich Mean Time),XD,"PUBLISHED Autumn Campaign, CELESTYAL ONE","PROMO, TARIFF",EUR,709,129,369,239,481
Wed Oct 22 2025 01:00:00 GMT+0100 (British Summer Time),CD03251108,CD,Iconic Greek Islands - 3Nights (Mar & Nov),3DICONICWINTER,BAR,3,Sat Nov 08 2025 00:00:00 GMT+0000 (Greenwich Mean Time),XC,"PUBLISHED Autumn Campaign, CELESTYAL ONE","PROMO, TARIFF",EUR,669,129,369,239,441
Wed Oct 22 2025 01:00:00 GMT+0100 (British Summer Time),CD03251108,CD,Iconic Greek Islands - 3Nights (Mar & Nov),3DICONICWINTER,BAR,3,Sat Nov 08 2025 00:00:00 GMT+0000 (Greenwich Mean Time),XD,"PUBLISHED Autumn Campaign, CELESTYAL ONE","PROMO, TARIFF",AUD,1159,209,599,379,768
Wed Oct 22 2025 01:00:00 GMT+0100 (British Summer Time),CD03251108,CD,Iconic Greek Islands - 3Nights (Mar & Nov),3DICONICWINTER,CUG,3,Sat Nov 08 2025 00:00:00 GMT+0000 (Greenwich Mean Time),XA,"CELESTYAL ONE, Closed User Group rates","TARIFF, PROMO",USD,429,149,0,0,975
Wed Oct 22 2025 01:00:00 GMT+0100 (British Summer Time),CD03251108,CD,Iconic Greek Islands - 3Nights (Mar & Nov),3DICONICWINTER,CUG,3,Sat Nov 08 2025 00:00:00 GMT+0000 (Greenwich Mean Time),XC,"PUBLISHED Autumn Campaign, CELESTYAL ONE","PROMO, TARIFF",EUR,669,129,369,239,441
Wed Oct 22 2025 01:00:00 GMT+0100 (British Summer Time),CD03251108,CD,Iconic Greek Islands - 3Nights (Mar & Nov),3DICONICWINTER,BAR,3,Sat Nov 08 2025 00:00:00 GMT+0000 (Greenwich Mean Time),XA,"PUBLISHED Autumn Campaign, CELESTYAL ONE","PROMO, TARIFF",USD,689,149,0,0,435
Wed Oct 22 2025 01:00:00 GMT+0100 (British Summer Time),CD03251108,CD,Iconic Greek Islands - 3Nights (Mar & Nov),3DICONICWINTER,BAR,3,Sat Nov 08 2025 00:00:00 GMT+0000 (Greenwich Mean Time),XA,"PUBLISHED Autumn Campaign, CELESTYAL ONE","PROMO, TARIFF",AUD,959,209,0,0,612
Wed Oct 22 2025 01:00:00 GMT+0100 (British Summer Time),CD03251108,CD,Iconic Greek Islands - 3Nights (Mar & Nov),3DICONICWINTER,BAR,3,Sat Nov 08 2025 00:00:00 GMT+0000 (Greenwich Mean Time),XC,"PUBLISHED Autumn Campaign, CELESTYAL ONE","PROMO, TARIFF",AUD,1079,209,599,379,719
Wed Oct 22 2025 01:00:00 GMT+0100 (British Summer Time),CD03251108,CD,Iconic Greek Islands - 3Nights (Mar & Nov),3DICONICWINTER,BAR,3,Sat Nov 08 2025 00:00:00 GMT+0000 (Greenwich Mean Time),XC,"PUBLISHED Autumn Campaign, CELESTYAL ONE","PROMO, TARIFF",GBP,589,109,329,199,393
Wed Oct 22 2025 01:00:00 GMT+0100 (British Summer Time),CD03251108,CD,Iconic Greek Islands - 3Nights (Mar & Nov),3DICONICWINTER,BAR,3,Sat Nov 08 2025 00:00:00 GMT+0000 (Greenwich Mean Time),XA,"PUBLISHED Autumn Campaign, CELESTYAL ONE","PROMO, TARIFF",GBP,519,109,0,0,338
Wed Oct 22 2025 01:00:00 GMT+0100 (British Summer Time),CD03251108,CD,Iconic Greek Islands - 3Nights (Mar & Nov),3DICONICWINTER,CUG,3,Sat Nov 08 2025 00:00:00 GMT+0000 (Greenwich Mean Time),XB,"CELESTYAL ONE, Closed User Group rates","TARIFF, PROMO",USD,429,149,279,149,1033
Wed Oct 22 2025 01:00:00 GMT+0100 (British Summer Time),CD03251108,CD,Iconic Greek Islands - 3Nights (Mar & Nov),3DICONICWINTER,CUG,3,Sat Nov 08 2025 00:00:00 GMT+0000 (Greenwich Mean Time),XD,"PUBLISHED Autumn Campaign, CELESTYAL ONE","PROMO, TARIFF",USD,829,149,429,269,550
Wed Oct 22 2025 01:00:00 GMT+0100 (British Summer Time),CD03251108,CD,Iconic Greek Islands - 3Nights (Mar & Nov),3DICONICWINTER,CUG,3,Sat Nov 08 2025 00:00:00 GMT+0000 (Greenwich Mean Time),XD,"PUBLISHED Autumn Campaign, CELESTYAL ONE","PROMO, TARIFF",AUD,1159,209,599,379,768
Wed Oct 22 2025 01:00:00 GMT+0100 (British Summer Time),CD03251108,CD,Iconic Greek Islands - 3Nights (Mar & Nov),3DICONICWINTER,BAR,3,Sat Nov 08 2025 00:00:00 GMT+0000 (Greenwich Mean Time),XA,"PUBLISHED Autumn Campaign, CELESTYAL ONE","PROMO, TARIFF",EUR,589,129,0,0,381
Wed Oct 22 2025 01:00:00 GMT+0100 (British Summer Time),CD03251108,CD,Iconic Greek Islands - 3Nights (Mar & Nov),3DICONICWINTER,CUG,3,Sat Nov 08 2025 00:00:00 GMT+0000 (Greenwich Mean Time),XC,"PUBLISHED Autumn Campaign, CELESTYAL ONE","PROMO, TARIFF",AUD,1079,209,599,379,719
Wed Oct 22 2025 01:00:00 GMT+0100 (British Summer Time),CD03251108,CD,Iconic Greek Islands - 3Nights (Mar & Nov),3DICONICWINTER,CUG,3,Sat Nov 08 2025 00:00:00 GMT+0000 (Greenwich Mean Time),XA,"PUBLISHED Autumn Campaign, CELESTYAL ONE","PROMO, TARIFF",GBP,519,109,0,0,338
Wed Oct 22 2025 01:00:00 GMT+0100 (British Summer Time),CD03251108,CD,Iconic Greek Islands - 3Nights (Mar & Nov),3DICONICWINTER,CUG,3,Sat Nov 08 2025 00:00:00 GMT+0000 (Greenwich Mean Time),XC,"PUBLISHED Autumn Campaign, CELESTYAL ONE","PROMO, TARIFF",GBP,589,109,329,199,393
Wed Oct 22 2025 01:00:00 GMT+0100 (British Summer Time),CD03251108,CD,Iconic Greek Islands - 3Nights (Mar & Nov),3DICONICWINTER,BAR,3,Sat Nov 08 2025 00:00:00 GMT+0000 (Greenwich Mean Time),XB,"PUBLISHED Autumn Campaign, CELESTYAL ONE","PROMO, TARIFF",AUD,999,209,599,379,653
Wed Oct 22 2025 01:00:00 GMT+0100 (British Summer Time),CD03251108,CD,Iconic Greek Islands - 3Nights (Mar & Nov),3DICONICWINTER,CUG,3,Sat Nov 08 2025 00:00:00 GMT+0000 (Greenwich Mean Time),XD,"PUBLISHED Autumn Campaign, CELESTYAL ONE","PROMO, TARIFF",GBP,629,109,329,199,424
Wed Oct 22 2025 01:00:00 GMT+0100 (British Summer Time),CD03251108,CD,Iconic Greek Islands - 3Nights (Mar & Nov),3DICONICWINTER,CUG,3,Sat Nov 08 2025 00:00:00 GMT+0000 (Greenwich Mean Time),XA,"PUBLISHED Autumn Campaign, CELESTYAL ONE","PROMO, TARIFF",EUR,589,129,0,0,381
Wed Oct 22 2025 01:00:00 GMT+0100 (British Summer Time),CD03251108,CD,Iconic Greek Islands - 3Nights (Mar & Nov),3DICONICWINTER,CUG,3,Sat Nov 08 2025 00:00:00 GMT+0000 (Greenwich Mean Time),XC,"CELESTYAL ONE, Closed User Group rates","TARIFF, PROMO",USD,429,149,279,149,1137
Wed Oct 22 2025 01:00:00 GMT+0100 (British Summer Time),CD03251108,CD,Iconic Greek Islands - 3Nights (Mar & Nov),3DICONICWINTER,BAR,3,Sat Nov 08 2025 00:00:00 GMT+0000 (Greenwich Mean Time),XB,"PUBLISHED Autumn Campaign, CELESTYAL ONE","PROMO, TARIFF",EUR,619,129,369,239,401
Wed Oct 22 2025 01:00:00 GMT+0100 (British Summer Time),CD03251108,CD,Iconic Greek Islands - 3Nights (Mar & Nov),3DICONICWINTER,BAR,3,Sat Nov 08 2025 00:00:00 GMT+0000 (Greenwich Mean Time),XD,"PUBLISHED Autumn Campaign, CELESTYAL ONE","PROMO, TARIFF",USD,829,149,429,269,550
Wed Oct 22 2025 01:00:00 GMT+0100 (British Summer Time),CD03251108,CD,Iconic Greek Islands - 3Nights (Mar & Nov),3DICONICWINTER,CUG,3,Sat Nov 08 2025 00:00:00 GMT+0000 (Greenwich Mean Time),XA,"PUBLISHED Autumn Campaign, CELESTYAL ONE","PROMO, TARIFF",AUD,959,209,0,0,612
Wed Oct 22 2025 01:00:00 GMT+0100 (British Summer Time),CD03251108,CD,Iconic Greek Islands - 3Nights (Mar & Nov),3DICONICWINTER,BAR,3,Sat Nov 08 2025 00:00:00 GMT+0000 (Greenwich Mean Time),XC,"PUBLISHED Autumn Campaign, CELESTYAL ONE","PROMO, TARIFF",USD,779,149,429,269,507
Wed Oct 22 2025 01:00:00 GMT+0100 (British Summer Time),CD03251108,CD,Iconic Greek Islands - 3Nights (Mar & Nov),3DICONICWINTER,BAR,3,Sat Nov 08 2025 00:00:00 GMT+0000 (Greenwich Mean Time),XB,"PUBLISHED Autumn Campaign, CELESTYAL ONE","PROMO, TARIFF",USD,719,149,429,269,463
Wed Oct 22 2025 01:00:00 GMT+0100 (British Summer Time),CD03251108,CD,Iconic Greek Islands - 3Nights (Mar & Nov),3DICONICWINTER,BAR,3,Sat Nov 08 2025 00:00:00 GMT+0000 (Greenwich Mean Time),XB,"PUBLISHED Autumn Campaign, CELESTYAL ONE","PROMO, TARIFF",GBP,549,109,329,199,352
Wed Oct 22 2025 01:00:00 GMT+0100 (British Summer Time),CD03251108,CD,Iconic Greek Islands - 3Nights (Mar & Nov),3DICONICWINTER,BAR,3,Sat Nov 08 2025 00:00:00 GMT+0000 (Greenwich Mean Time),XD,"PUBLISHED Autumn Campaign, CELESTYAL ONE","PROMO, TARIFF",GBP,629,109,329,199,424
Wed Oct 22 2025 01:00:00 GMT+0100 (British Summer Time),CD03251108,CD,Iconic Greek Islands - 3Nights (Mar & Nov),3DICONICWINTER,CUG,3,Sat Nov 08 2025 00:00:00 GMT+0000 (Greenwich Mean Time),XB,"PUBLISHED Autumn Campaign, CELESTYAL ONE","PROMO, TARIFF",AUD,999,209,599,379,653
Wed Oct 22 2025 01:00:00 GMT+0100 (British Summer Time),CD03251108,CD,Iconic Greek Islands - 3Nights (Mar & Nov),3DICONICWINTER,CUG,3,Sat Nov 08 2025 00:00:00 GMT+0000 (Greenwich Mean Time),XD,"PUBLISHED Autumn Campaign, CELESTYAL ONE","PROMO, TARIFF",EUR,709,129,369,239,481
Wed Oct 22 2025 01:00:00 GMT+0100 (British Summer Time),CD03251108,CD,Iconic Greek Islands - 3Nights (Mar & Nov),3DICONICWINTER,CUG,3,Sat Nov 08 2025 00:00:00 GMT+0000 (Greenwich Mean Time),XB,"PUBLISHED Autumn Campaign, CELESTYAL ONE","PROMO, TARIFF",EUR,619,129,369,239,401
Wed Oct 22 2025 01:00:00 GMT+0100 (British Summer Time),CD03251108,CD,Iconic Greek Islands - 3Nights (Mar & Nov),3DICONICWINTER,CUG,3,Sat Nov 08 2025 00:00:00 GMT+0000 (Greenwich Mean Time),XB,"PUBLISHED Autumn Campaign, CELESTYAL ONE","PROMO, TARIFF",GBP,549,109,329,199,352
Wed Oct 22 2025 01:00:00 GMT+0100 (British Summer Time),CD03251114,CD,Iconic Greek Islands - 3Nights (Mar & Nov),3DICONICWINTER,BAR,3,Fri Nov 14 2025 00:00:00 GMT+0000 (Greenwich Mean Time),BA,"PUBLISHED Autumn Campaign, CELESTYAL ONE","PROMO, TARIFF",AUD,1459,209,0,0,695
Wed Oct 22 2025 01:00:00 GMT+0100 (British Summer Time),CD03251114,CD,Iconic Greek Islands - 3Nights (Mar & Nov),3DICONICWINTER,BAR,3,Fri Nov 14 2025 00:00:00 GMT+0000 (Greenwich Mean Time),BA,"PUBLISHED Autumn Campaign, CELESTYAL ONE","PROMO, TARIFF",USD,1039,149,0,0,503
Wed Oct 22 2025 01:00:00 GMT+0100 (British Summer Time),CD03251114,CD,Iconic Greek Islands - 3Nights (Mar & Nov),3DICONICWINTER,CUG,3,Fri Nov 14 2025 00:00:00 GMT+0000 (Greenwich Mean Time),SJA,"CELESTYAL ONE, Closed User Group rates","TARIFF, PROMO",USD,919,149,279,149,1543
Wed Oct 22 2025 01:00:00 GMT+0100 (British Summer Time),CD03251114,CD,Iconic Greek Islands - 3Nights (Mar & Nov),3DICONICWINTER,BAR,3,Fri Nov 14 2025 00:00:00 GMT+0000 (Greenwich Mean Time),BA,"PUBLISHED Autumn Campaign, CELESTYAL ONE","PROMO, TARIFF",GBP,789,109,0,0,388
Wed Oct 22 2025 01:00:00 GMT+0100 (British Summer Time),CD03251114,CD,Iconic Greek Islands - 3Nights (Mar & Nov),3DICONICWINTER,CUG,3,Fri Nov 14 2025 00:00:00 GMT+0000 (Greenwich Mean Time),SJB,"PUBLISHED Autumn Campaign, CELESTYAL ONE","PROMO, TARIFF",GBP,939,109,269,199,434
Wed Oct 22 2025 01:00:00 GMT+0100 (British Summer Time),CD03251114,CD,Iconic Greek Islands - 3Nights (Mar & Nov),3DICONICWINTER,BAR,3,Fri Nov 14 2025 00:00:00 GMT+0000 (Greenwich Mean Time),SJB,"PUBLISHED Autumn Campaign, CELESTYAL ONE","PROMO, TARIFF",GBP,939,109,269,199,434
Wed Oct 22 2025 01:00:00 GMT+0100 (British Summer Time),CD03251114,CD,Iconic Greek Islands - 3Nights (Mar & Nov),3DICONICWINTER,BAR,3,Fri Nov 14 2025 00:00:00 GMT+0000 (Greenwich Mean Time),SJA,"PUBLISHED Autumn Campaign, CELESTYAL ONE","PROMO, TARIFF",USD,1169,149,349,269,523
Wed Oct 22 2025 01:00:00 GMT+0100 (British Summer Time),CD03251114,CD,Iconic Greek Islands - 3Nights (Mar & Nov),3DICONICWINTER,BAR,3,Fri Nov 14 2025 00:00:00 GMT+0000 (Greenwich Mean Time),XD,"PUBLISHED Autumn Campaign, CELESTYAL ONE","PROMO, TARIFF",GBP,509,109,269,199,544
Wed Oct 22 2025 01:00:00 GMT+0100 (British Summer Time),CD03251114,CD,Iconic Greek Islands - 3Nights (Mar & Nov),3DICONICWINTER,CUG,3,Fri Nov 14 2025 00:00:00 GMT+0000 (Greenwich Mean Time),IB,"CELESTYAL ONE, Closed User Group rates","TARIFF, PROMO",USD,359,149,0,0,824
Wed Oct 22 2025 01:00:00 GMT+0100 (British Summer Time),CD03251114,CD,Iconic Greek Islands - 3Nights (Mar & Nov),3DICONICWINTER,CUG,3,Fri Nov 14 2025 00:00:00 GMT+0000 (Greenwich Mean Time),SG,"PUBLISHED Autumn Campaign, CELESTYAL ONE","PROMO, TARIFF",AUD,1919,209,499,379,883
Wed Oct 22 2025 01:00:00 GMT+0100 (British Summer Time),CD03251114,CD,Iconic Greek Islands - 3Nights (Mar & Nov),3DICONICWINTER,BAR,3,Fri Nov 14 2025 00:00:00 GMT+0000 (Greenwich Mean Time),SJA,"PUBLISHED Autumn Campaign, CELESTYAL ONE","PROMO, TARIFF",EUR,1009,129,309,239,451
Wed Oct 22 2025 01:00:00 GMT+0100 (British Summer Time),CD03251114,CD,Iconic Greek Islands - 3Nights (Mar & Nov),3DICONICWINTER,CUG,3,Fri Nov 14 2025 00:00:00 GMT+0000 (Greenwich Mean Time),IC,"PUBLISHED Autumn Campaign, CELESTYAL ONE","PROMO, TARIFF",EUR,469,129,0,239,461
Wed Oct 22 2025 01:00:00 GMT+0100 (British Summer Time),CD03251114,CD,Iconic Greek Islands - 3Nights (Mar & Nov),3DICONICWINTER,BAR,3,Fri Nov 14 2025 00:00:00 GMT+0000 (Greenwich Mean Time),IC,"PUBLISHED Autumn Campaign, CELESTYAL ONE","PROMO, TARIFF",USD,539,149,0,269,539
Wed Oct 22 2025 01:00:00 GMT+0100 (British Summer Time),CD03251114,CD,Iconic Greek Islands - 3Nights (Mar & Nov),3DICONICWINTER,BAR,3,Fri Nov 14 2025 00:00:00 GMT+0000 (Greenwich Mean Time),IC,"PUBLISHED Autumn Campaign, CELESTYAL ONE","PROMO, TARIFF",EUR,469,129,0,239,461
Wed Oct 22 2025 01:00:00 GMT+0100 (British Summer Time),CD03251114,CD,Iconic Greek Islands - 3Nights (Mar & Nov),3DICONICWINTER,CUG,3,Fri Nov 14 2025 00:00:00 GMT+0000 (Greenwich Mean Time),IB,"PUBLISHED Autumn Campaign, CELESTYAL ONE","PROMO, TARIFF",EUR,429,129,0,0,411
Wed Oct 22 2025 01:00:00 GMT+0100 (British Summer Time),CD03251114,CD,Iconic Greek Islands - 3Nights (Mar & Nov),3DICONICWINTER,CUG,3,Fri Nov 14 2025 00:00:00 GMT+0000 (Greenwich Mean Time),SJA,"PUBLISHED Autumn Campaign, CELESTYAL ONE","PROMO, TARIFF",GBP,889,109,269,199,404
Wed Oct 22 2025 01:00:00 GMT+0100 (British Summer Time),CD03251114,CD,Iconic Greek Islands - 3Nights (Mar & Nov),3DICONICWINTER,CUG,3,Fri Nov 14 2025 00:00:00 GMT+0000 (Greenwich Mean Time),IB,"PUBLISHED Autumn Campaign, CELESTYAL ONE","PROMO, TARIFF",AUD,689,209,0,0,671
Wed Oct 22 2025 01:00:00 GMT+0100 (British Summer Time),CD03251114,CD,Iconic Greek Islands - 3Nights (Mar & Nov),3DICONICWINTER,BAR,3,Fri Nov 14 2025 00:00:00 GMT+0000 (Greenwich Mean Time),SG,"PUBLISHED Autumn Campaign, CELESTYAL ONE","PROMO, TARIFF",AUD,1919,209,499,379,883
Wed Oct 22 2025 01:00:00 GMT+0100 (British Summer Time),CD03251114,CD,Iconic Greek Islands - 3Nights (Mar & Nov),3DICONICWINTER,CUG,3,Fri Nov 14 2025 00:00:00 GMT+0000 (Greenwich Mean Time),IC,"CELESTYAL ONE, Closed User Group rates","TARIFF, PROMO",USD,359,149,0,149,929
Wed Oct 22 2025 01:00:00 GMT+0100 (British Summer Time),CD03251114,CD,Iconic Greek Islands - 3Nights (Mar & Nov),3DICONICWINTER,CUG,3,Fri Nov 14 2025 00:00:00 GMT+0000 (Greenwich Mean Time),BA,"PUBLISHED Autumn Campaign, CELESTYAL ONE","PROMO, TARIFF",GBP,789,109,0,0,388
Wed Oct 22 2025 01:00:00 GMT+0100 (British Summer Time),CD03251114,CD,Iconic Greek Islands - 3Nights (Mar & Nov),3DICONICWINTER,CUG,3,Fri Nov 14 2025 00:00:00 GMT+0000 (Greenwich Mean Time),SJB,"PUBLISHED Autumn Campaign, CELESTYAL ONE","PROMO, TARIFF",AUD,1729,209,499,379,782
Wed Oct 22 2025 01:00:00 GMT+0100 (British Summer Time),CD03251114,CD,Iconic Greek Islands - 3Nights (Mar & Nov),3DICONICWINTER,BAR,3,Fri Nov 14 2025 00:00:00 GMT+0000 (Greenwich Mean Time),IB,"PUBLISHED Autumn Campaign, CELESTYAL ONE","PROMO, TARIFF",USD,499,149,0,0,474
Wed Oct 22 2025 01:00:00 GMT+0100 (British Summer Time),CD03251114,CD,Iconic Greek Islands - 3Nights (Mar & Nov),3DICONICWINTER,CUG,3,Fri Nov 14 2025 00:00:00 GMT+0000 (Greenwich Mean Time),BA,"PUBLISHED Autumn Campaign, CELESTYAL ONE","PROMO, TARIFF",AUD,1459,209,0,0,695
Wed Oct 22 2025 01:00:00 GMT+0100 (British Summer Time),CD03251114,CD,Iconic Greek Islands - 3Nights (Mar & Nov),3DICONICWINTER,BAR,3,Fri Nov 14 2025 00:00:00 GMT+0000 (Greenwich Mean Time),SG,"PUBLISHED Autumn Campaign, CELESTYAL ONE","PROMO, TARIFF",GBP,1049,109,269,199,484
Wed Oct 22 2025 01:00:00 GMT+0100 (British Summer Time),CD03251114,CD,Iconic Greek Islands - 3Nights (Mar & Nov),3DICONICWINTER,CUG,3,Fri Nov 14 2025 00:00:00 GMT+0000 (Greenwich Mean Time),SG,"PUBLISHED Autumn Campaign, CELESTYAL ONE","PROMO, TARIFF",EUR,1189,129,309,239,541
Wed Oct 22 2025 01:00:00 GMT+0100 (British Summer Time),CD03251114,CD,Iconic Greek Islands - 3Nights (Mar & Nov),3DICONICWINTER,CUG,3,Fri Nov 14 2025 00:00:00 GMT+0000 (Greenwich Mean Time),SG,"PUBLISHED Autumn Campaign, CELESTYAL ONE","PROMO, TARIFF",GBP,1049,109,269,199,484
Wed Oct 22 2025 01:00:00 GMT+0100 (British Summer Time),CD03251114,CD,Iconic Greek Islands - 3Nights (Mar & Nov),3DICONICWINTER,BAR,3,Fri Nov 14 2025 00:00:00 GMT+0000 (Greenwich Mean Time),SG,"PUBLISHED Autumn Campaign, CELESTYAL ONE","PROMO, TARIFF",EUR,1189,129,309,239,541
Wed Oct 22 2025 01:00:00 GMT+0100 (British Summer Time),CD03251114,CD,Iconic Greek Islands - 3Nights (Mar & Nov),3DICONICWINTER,BAR,3,Fri Nov 14 2025 00:00:00 GMT+0000 (Greenwich Mean Time),SG,"PUBLISHED Autumn Campaign, CELESTYAL ONE","PROMO, TARIFF",USD,1379,149,349,269,627
Wed Oct 22 2025 01:00:00 GMT+0100 (British Summer Time),CD03251114,CD,Iconic Greek Islands - 3Nights (Mar & Nov),3DICONICWINTER,BAR,3,Fri Nov 14 2025 00:00:00 GMT+0000 (Greenwich Mean Time),IB,"PUBLISHED Autumn Campaign, CELESTYAL ONE","PROMO, TARIFF",AUD,689,209,0,0,671
Wed Oct 22 2025 01:00:00 GMT+0100 (British Summer Time),CD03251114,CD,Iconic Greek Islands - 3Nights (Mar & Nov),3DICONICWINTER,CUG,3,Fri Nov 14 2025 00:00:00 GMT+0000 (Greenwich Mean Time),XD,"PUBLISHED Autumn Campaign, CELESTYAL ONE","PROMO, TARIFF",EUR,579,129,309,239,611
Wed Oct 22 2025 01:00:00 GMT+0100 (British Summer Time),CD03251114,CD,Iconic Greek Islands - 3Nights (Mar & Nov),3DICONICWINTER,BAR,3,Fri Nov 14 2025 00:00:00 GMT+0000 (Greenwich Mean Time),BA,"PUBLISHED Autumn Campaign, CELESTYAL ONE","PROMO, TARIFF",EUR,899,129,0,0,431
Wed Oct 22 2025 01:00:00 GMT+0100 (British Summer Time),CD03251114,CD,Iconic Greek Islands - 3Nights (Mar & Nov),3DICONICWINTER,BAR,3,Fri Nov 14 2025 00:00:00 GMT+0000 (Greenwich Mean Time),IC,"PUBLISHED Autumn Campaign, CELESTYAL ONE","PROMO, TARIFF",AUD,759,209,0,379,747
Wed Oct 22 2025 01:00:00 GMT+0100 (British Summer Time),CD03251114,CD,Iconic Greek Islands - 3Nights (Mar & Nov),3DICONICWINTER,CUG,3,Fri Nov 14 2025 00:00:00 GMT+0000 (Greenwich Mean Time),BA,"PUBLISHED Autumn Campaign, CELESTYAL ONE","PROMO, TARIFF",EUR,899,129,0,0,431
Wed Oct 22 2025 01:00:00 GMT+0100 (British Summer Time),CD03251114,CD,Iconic Greek Islands - 3Nights (Mar & Nov),3DICONICWINTER,BAR,3,Fri Nov 14 2025 00:00:00 GMT+0000 (Greenwich Mean Time),SJB,"PUBLISHED Autumn Campaign, CELESTYAL ONE","PROMO, TARIFF",USD,1239,149,349,269,558
Wed Oct 22 2025 01:00:00 GMT+0100 (British Summer Time),CD03251114,CD,Iconic Greek Islands - 3Nights (Mar & Nov),3DICONICWINTER,BAR,3,Fri Nov 14 2025 00:00:00 GMT+0000 (Greenwich Mean Time),SJB,"PUBLISHED Autumn Campaign, CELESTYAL ONE","PROMO, TARIFF",EUR,1069,129,309,239,481
Wed Oct 22 2025 01:00:00 GMT+0100 (British Summer Time),CD03251114,CD,Iconic Greek Islands - 3Nights (Mar & Nov),3DICONICWINTER,CUG,3,Fri Nov 14 2025 00:00:00 GMT+0000 (Greenwich Mean Time),XD,"PUBLISHED Autumn Campaign, CELESTYAL ONE","PROMO, TARIFF",GBP,509,109,269,199,544
Wed Oct 22 2025 01:00:00 GMT+0100 (British Summer Time),CD03251114,CD,Iconic Greek Islands - 3Nights (Mar & Nov),3DICONICWINTER,CUG,3,Fri Nov 14 2025 00:00:00 GMT+0000 (Greenwich Mean Time),BA,"CELESTYAL ONE, Closed User Group rates","TARIFF, PROMO",USD,849,149,0,0,1393
Wed Oct 22 2025 01:00:00 GMT+0100 (British Summer Time),CD03251114,CD,Iconic Greek Islands - 3Nights (Mar & Nov),3DICONICWINTER,BAR,3,Fri Nov 14 2025 00:00:00 GMT+0000 (Greenwich Mean Time),IB,"PUBLISHED Autumn Campaign, CELESTYAL ONE","PROMO, TARIFF",GBP,379,109,0,0,362
Wed Oct 22 2025 01:00:00 GMT+0100 (British Summer Time),CD03251114,CD,Iconic Greek Islands - 3Nights (Mar & Nov),3DICONICWINTER,CUG,3,Fri Nov 14 2025 00:00:00 GMT+0000 (Greenwich Mean Time),IC,"PUBLISHED Autumn Campaign, CELESTYAL ONE","PROMO, TARIFF",GBP,409,109,0,199,412
Wed Oct 22 2025 01:00:00 GMT+0100 (British Summer Time),CD03251114,CD,Iconic Greek Islands - 3Nights (Mar & Nov),3DICONICWINTER,CUG,3,Fri Nov 14 2025 00:00:00 GMT+0000 (Greenwich Mean Time),SJB,"CELESTYAL ONE, Closed User Group rates","TARIFF, PROMO",USD,919,149,279,149,1648
Wed Oct 22 2025 01:00:00 GMT+0100 (British Summer Time),CD03251114,CD,Iconic Greek Islands - 3Nights (Mar & Nov),3DICONICWINTER,BAR,3,Fri Nov 14 2025 00:00:00 GMT+0000 (Greenwich Mean Time),SJA,"PUBLISHED Autumn Campaign, CELESTYAL ONE","PROMO, TARIFF",AUD,1629,209,499,379,736
Wed Oct 22 2025 01:00:00 GMT+0100 (British Summer Time),CD03251114,CD,Iconic Greek Islands - 3Nights (Mar & Nov),3DICONICWINTER,BAR,3,Fri Nov 14 2025 00:00:00 GMT+0000 (Greenwich Mean Time),XD,"PUBLISHED Autumn Campaign, CELESTYAL ONE","PROMO, TARIFF",EUR,579,129,309,239,611
Wed Oct 22 2025 01:00:00 GMT+0100 (British Summer Time),CD03251114,CD,Iconic Greek Islands - 3Nights (Mar & Nov),3DICONICWINTER,BAR,3,Fri Nov 14 2025 00:00:00 GMT+0000 (Greenwich Mean Time),SJA,"PUBLISHED Autumn Campaign, CELESTYAL ONE","PROMO, TARIFF",GBP,889,109,269,199,404
Wed Oct 22 2025 01:00:00 GMT+0100 (British Summer Time),CD03251114,CD,Iconic Greek Islands - 3Nights (Mar & Nov),3DICONICWINTER,CUG,3,Fri Nov 14 2025 00:00:00 GMT+0000 (Greenwich Mean Time),SJB,"PUBLISHED Autumn Campaign, CELESTYAL ONE","PROMO, TARIFF",EUR,1069,129,309,239,481
Wed Oct 22 2025 01:00:00 GMT+0100 (British Summer Time),CD03251114,CD,Iconic Greek Islands - 3Nights (Mar & Nov),3DICONICWINTER,BAR,3,Fri Nov 14 2025 00:00:00 GMT+0000 (Greenwich Mean Time),IC,"PUBLISHED Autumn Campaign, CELESTYAL ONE","PROMO, TARIFF",GBP,409,109,0,199,412
Wed Oct 22 2025 01:00:00 GMT+0100 (British Summer Time),CD03251114,CD,Iconic Greek Islands - 3Nights (Mar & Nov),3DICONICWINTER,BAR,3,Fri Nov 14 2025 00:00:00 GMT+0000 (Greenwich Mean Time),SJB,"PUBLISHED Autumn Campaign, CELESTYAL ONE","PROMO, TARIFF",AUD,1729,209,499,379,782
Wed Oct 22 2025 01:00:00 GMT+0100 (British Summer Time),CD03251114,CD,Iconic Greek Islands - 3Nights (Mar & Nov),3DICONICWINTER,CUG,3,Fri Nov 14 2025 00:00:00 GMT+0000 (Greenwich Mean Time),IB,"PUBLISHED Autumn Campaign, CELESTYAL ONE","PROMO, TARIFF",GBP,379,109,0,0,362
Wed Oct 22 2025 01:00:00 GMT+0100 (British Summer Time),CD03251114,CD,Iconic Greek Islands - 3Nights (Mar & Nov),3DICONICWINTER,CUG,3,Fri Nov 14 2025 00:00:00 GMT+0000 (Greenwich Mean Time),IC,"PUBLISHED Autumn Campaign, CELESTYAL ONE","PROMO, TARIFF",AUD,759,209,0,379,747
Wed Oct 22 2025 01:00:00 GMT+0100 (British Summer Time),CD03251114,CD,Iconic Greek Islands - 3Nights (Mar & Nov),3DICONICWINTER,CUG,3,Fri Nov 14 2025 00:00:00 GMT+0000 (Greenwich Mean Time),SG,"PUBLISHED Autumn Campaign, CELESTYAL ONE","PROMO, TARIFF",USD,1379,149,349,269,627
Wed Oct 22 2025 01:00:00 GMT+0100 (British Summer Time),CD03251114,CD,Iconic Greek Islands - 3Nights (Mar & Nov),3DICONICWINTER,BAR,3,Fri Nov 14 2025 00:00:00 GMT+0000 (Greenwich Mean Time),IB,"PUBLISHED Autumn Campaign, CELESTYAL ONE","PROMO, TARIFF",EUR,429,129,0,0,411
Wed Oct 22 2025 01:00:00 GMT+0100 (British Summer Time),CD03251114,CD,Iconic Greek Islands - 3Nights (Mar & Nov),3DICONICWINTER,CUG,3,Fri Nov 14 2025 00:00:00 GMT+0000 (Greenwich Mean Time),SJA,"PUBLISHED Autumn Campaign, CELESTYAL ONE","PROMO, TARIFF",AUD,1629,209,499,379,736
Wed Oct 22 2025 01:00:00 GMT+0100 (British Summer Time),CD03251114,CD,Iconic Greek Islands - 3Nights (Mar & Nov),3DICONICWINTER,CUG,3,Fri Nov 14 2025 00:00:00 GMT+0000 (Greenwich Mean Time),SJA,"PUBLISHED Autumn Campaign, CELESTYAL ONE","PROMO, TARIFF",EUR,1009,129,309,239,451
Wed Oct 22 2025 01:00:00 GMT+0100 (British Summer Time),CD03251115,CD,Iconic Greek Islands - 3Nights (Mar & Nov),3DICONICWINTER,BAR,3,Sat Nov 15 2025 00:00:00 GMT+0000 (Greenwich Mean Time),XC,"PUBLISHED Autumn Campaign, CELESTYAL ONE","PROMO, TARIFF",GBP,479,109,269,199,503
Wed Oct 22 2025 01:00:00 GMT+0100 (British Summer Time),CD03251115,CD,Iconic Greek Islands - 3Nights (Mar & Nov),3DICONICWINTER,BAR,3,Sat Nov 15 2025 00:00:00 GMT+0000 (Greenwich Mean Time),XC,"PUBLISHED Autumn Campaign, CELESTYAL ONE","PROMO, TARIFF",EUR,539,129,309,239,571
Wed Oct 22 2025 01:00:00 GMT+0100 (British Summer Time),CD03251115,CD,Iconic Greek Islands - 3Nights (Mar & Nov),3DICONICWINTER,BAR,3,Sat Nov 15 2025 00:00:00 GMT+0000 (Greenwich Mean Time),XC,"PUBLISHED Autumn Campaign, CELESTYAL ONE","PROMO, TARIFF",USD,629,149,349,269,657
Wed Oct 22 2025 01:00:00 GMT+0100 (British Summer Time),CD03251115,CD,Iconic Greek Islands - 3Nights (Mar & Nov),3DICONICWINTER,CUG,3,Sat Nov 15 2025 00:00:00 GMT+0000 (Greenwich Mean Time),IB,"PUBLISHED Autumn Campaign, CELESTYAL ONE","PROMO, TARIFF",EUR,429,129,0,0,411
Wed Oct 22 2025 01:00:00 GMT+0100 (British Summer Time),CD03251115,CD,Iconic Greek Islands - 3Nights (Mar & Nov),3DICONICWINTER,BAR,3,Sat Nov 15 2025 00:00:00 GMT+0000 (Greenwich Mean Time),IB,"PUBLISHED Autumn Campaign, CELESTYAL ONE","PROMO, TARIFF",USD,499,149,0,0,474
Wed Oct 22 2025 01:00:00 GMT+0100 (British Summer Time),CD03251115,CD,Iconic Greek Islands - 3Nights (Mar & Nov),3DICONICWINTER,CUG,3,Sat Nov 15 2025 00:00:00 GMT+0000 (Greenwich Mean Time),IB,"PUBLISHED Autumn Campaign, CELESTYAL ONE","PROMO, TARIFF",AUD,689,209,0,0,671
Wed Oct 22 2025 01:00:00 GMT+0100 (British Summer Time),CD03251115,CD,Iconic Greek Islands - 3Nights (Mar & Nov),3DICONICWINTER,BAR,3,Sat Nov 15 2025 00:00:00 GMT+0000 (Greenwich Mean Time),IB,"PUBLISHED Autumn Campaign, CELESTYAL ONE","PROMO, TARIFF",GBP,379,109,0,0,362
Wed Oct 22 2025 01:00:00 GMT+0100 (British Summer Time),CD03251115,CD,Iconic Greek Islands - 3Nights (Mar & Nov),3DICONICWINTER,CUG,3,Sat Nov 15 2025 00:00:00 GMT+0000 (Greenwich Mean Time),XC,"PUBLISHED Autumn Campaign, CELESTYAL ONE","PROMO, TARIFF",AUD,879,209,499,379,919
Wed Oct 22 2025 01:00:00 GMT+0100 (British Summer Time),CD03251115,CD,Iconic Greek Islands - 3Nights (Mar & Nov),3DICONICWINTER,CUG,3,Sat Nov 15 2025 00:00:00 GMT+0000 (Greenwich Mean Time),XC,"PUBLISHED Autumn Campaign, CELESTYAL ONE","PROMO, TARIFF",GBP,479,109,269,199,503
Wed Oct 22 2025 01:00:00 GMT+0100 (British Summer Time),CD03251115,CD,Iconic Greek Islands - 3Nights (Mar & Nov),3DICONICWINTER,CUG,3,Sat Nov 15 2025 00:00:00 GMT+0000 (Greenwich Mean Time),IB,"PUBLISHED Autumn Campaign, CELESTYAL ONE","PROMO, TARIFF",GBP,379,109,0,0,362
Wed Oct 22 2025 01:00:00 GMT+0100 (British Summer Time),CD03251115,CD,Iconic Greek Islands - 3Nights (Mar & Nov),3DICONICWINTER,BAR,3,Sat Nov 15 2025 00:00:00 GMT+0000 (Greenwich Mean Time),XA,"PUBLISHED Autumn Campaign, CELESTYAL ONE","PROMO, TARIFF",USD,559,149,0,0,565
Wed Oct 22 2025 01:00:00 GMT+0100 (British Summer Time),CD03251115,CD,Iconic Greek Islands - 3Nights (Mar & Nov),3DICONICWINTER,BAR,3,Sat Nov 15 2025 00:00:00 GMT+0000 (Greenwich Mean Time),XD,"PUBLISHED Autumn Campaign, CELESTYAL ONE","PROMO, TARIFF",EUR,579,129,309,239,611
Wed Oct 22 2025 01:00:00 GMT+0100 (British Summer Time),CD03251115,CD,Iconic Greek Islands - 3Nights (Mar & Nov),3DICONICWINTER,CUG,3,Sat Nov 15 2025 00:00:00 GMT+0000 (Greenwich Mean Time),XA,"CELESTYAL ONE, Closed User Group rates","TARIFF, PROMO",USD,429,149,0,0,975
Wed Oct 22 2025 01:00:00 GMT+0100 (British Summer Time),CD03251115,CD,Iconic Greek Islands - 3Nights (Mar & Nov),3DICONICWINTER,CUG,3,Sat Nov 15 2025 00:00:00 GMT+0000 (Greenwich Mean Time),XA,"PUBLISHED Autumn Campaign, CELESTYAL ONE","PROMO, TARIFF",AUD,779,209,0,0,792
Wed Oct 22 2025 01:00:00 GMT+0100 (British Summer Time),CD03251115,CD,Iconic Greek Islands - 3Nights (Mar & Nov),3DICONICWINTER,CUG,3,Sat Nov 15 2025 00:00:00 GMT+0000 (Greenwich Mean Time),XC,"PUBLISHED Autumn Campaign, CELESTYAL ONE","PROMO, TARIFF",EUR,539,129,309,239,571
Wed Oct 22 2025 01:00:00 GMT+0100 (British Summer Time),CD03251115,CD,Iconic Greek Islands - 3Nights (Mar & Nov),3DICONICWINTER,BAR,3,Sat Nov 15 2025 00:00:00 GMT+0000 (Greenwich Mean Time),XC,"PUBLISHED Autumn Campaign, CELESTYAL ONE","PROMO, TARIFF",AUD,879,209,499,379,919
Wed Oct 22 2025 01:00:00 GMT+0100 (British Summer Time),CD03251115,CD,Iconic Greek Islands - 3Nights (Mar & Nov),3DICONICWINTER,BAR,3,Sat Nov 15 2025 00:00:00 GMT+0000 (Greenwich Mean Time),IB,"PUBLISHED Autumn Campaign, CELESTYAL ONE","PROMO, TARIFF",AUD,689,209,0,0,671
Wed Oct 22 2025 01:00:00 GMT+0100 (British Summer Time),CD03251115,CD,Iconic Greek Islands - 3Nights (Mar & Nov),3DICONICWINTER,CUG,3,Sat Nov 15 2025 00:00:00 GMT+0000 (Greenwich Mean Time),XD,"PUBLISHED Autumn Campaign, CELESTYAL ONE","PROMO, TARIFF",EUR,579,129,309,239,611
Wed Oct 22 2025 01:00:00 GMT+0100 (British Summer Time),CD03251115,CD,Iconic Greek Islands - 3Nights (Mar & Nov),3DICONICWINTER,CUG,3,Sat Nov 15 2025 00:00:00 GMT+0000 (Greenwich Mean Time),IB,"CELESTYAL ONE, Closed User Group rates","TARIFF, PROMO",USD,359,149,0,0,824
Wed Oct 22 2025 01:00:00 GMT+0100 (British Summer Time),CD03251115,CD,Iconic Greek Islands - 3Nights (Mar & Nov),3DICONICWINTER,BAR,3,Sat Nov 15 2025 00:00:00 GMT+0000 (Greenwich Mean Time),XA,"PUBLISHED Autumn Campaign, CELESTYAL ONE","PROMO, TARIFF",AUD,779,209,0,0,792
Wed Oct 22 2025 01:00:00 GMT+0100 (British Summer Time),CD03251115,CD,Iconic Greek Islands - 3Nights (Mar & Nov),3DICONICWINTER,BAR,3,Sat Nov 15 2025 00:00:00 GMT+0000 (Greenwich Mean Time),IB,"PUBLISHED Autumn Campaign, CELESTYAL ONE","PROMO, TARIFF",EUR,429,129,0,0,411
Wed Oct 22 2025 01:00:00 GMT+0100 (British Summer Time),CD03251115,CD,Iconic Greek Islands - 3Nights (Mar & Nov),3DICONICWINTER,CUG,3,Sat Nov 15 2025 00:00:00 GMT+0000 (Greenwich Mean Time),XC,"CELESTYAL ONE, Closed User Group rates","TARIFF, PROMO",USD,429,149,279,149,1137
Wed Oct 22 2025 01:00:00 GMT+0100 (British Summer Time),CD03251115,CD,Iconic Greek Islands - 3Nights (Mar & Nov),3DICONICWINTER,CUG,3,Sat Nov 15 2025 00:00:00 GMT+0000 (Greenwich Mean Time),XD,"PUBLISHED Autumn Campaign, CELESTYAL ONE","PROMO, TARIFF",GBP,509,109,269,199,544
Wed Oct 22 2025 01:00:00 GMT+0100 (British Summer Time),CD03251115,CD,Iconic Greek Islands - 3Nights (Mar & Nov),3DICONICWINTER,BAR,3,Sat Nov 15 2025 00:00:00 GMT+0000 (Greenwich Mean Time),XD,"PUBLISHED Autumn Campaign, CELESTYAL ONE","PROMO, TARIFF",GBP,509,109,269,199,544
Wed Oct 22 2025 01:00:00 GMT+0100 (British Summer Time),CD03251121,CD,Iconic Greek Islands - 3Nights (Mar & Nov),3DICONICWINTER,CUG,3,Fri Nov 21 2025 00:00:00 GMT+0000 (Greenwich Mean Time),SJA,"PUBLISHED Autumn Campaign, CELESTYAL ONE","PROMO, TARIFF",AUD,1629,209,419,379,736
Wed Oct 22 2025 01:00:00 GMT+0100 (British Summer Time),CD03251121,CD,Iconic Greek Islands - 3Nights (Mar & Nov),3DICONICWINTER,BAR,3,Fri Nov 21 2025 00:00:00 GMT+0000 (Greenwich Mean Time),XA,"PUBLISHED Autumn Campaign, CELESTYAL ONE","PROMO, TARIFF",USD,479,149,0,0,645
Wed Oct 22 2025 01:00:00 GMT+0100 (British Summer Time),CD03251121,CD,Iconic Greek Islands - 3Nights (Mar & Nov),3DICONICWINTER,CUG,3,Fri Nov 21 2025 00:00:00 GMT+0000 (Greenwich Mean Time),XB,"PUBLISHED Autumn Campaign, CELESTYAL ONE","PROMO, TARIFF",EUR,429,129,259,239,591
Wed Oct 22 2025 01:00:00 GMT+0100 (British Summer Time),CD03251121,CD,Iconic Greek Islands - 3Nights (Mar & Nov),3DICONICWINTER,BAR,3,Fri Nov 21 2025 00:00:00 GMT+0000 (Greenwich Mean Time),XB,"PUBLISHED Autumn Campaign, CELESTYAL ONE","PROMO, TARIFF",EUR,429,129,259,239,591
Wed Oct 22 2025 01:00:00 GMT+0100 (British Summer Time),CD03251121,CD,Iconic Greek Islands - 3Nights (Mar & Nov),3DICONICWINTER,CUG,3,Fri Nov 21 2025 00:00:00 GMT+0000 (Greenwich Mean Time),SJA,"PUBLISHED Autumn Campaign, CELESTYAL ONE","PROMO, TARIFF",EUR,1009,129,259,239,451
Wed Oct 22 2025 01:00:00 GMT+0100 (British Summer Time),CD03251121,CD,Iconic Greek Islands - 3Nights (Mar & Nov),3DICONICWINTER,CUG,3,Fri Nov 21 2025 00:00:00 GMT+0000 (Greenwich Mean Time),SJA,"PUBLISHED Autumn Campaign, CELESTYAL ONE","PROMO, TARIFF",GBP,889,109,229,199,404
Wed Oct 22 2025 01:00:00 GMT+0100 (British Summer Time),CD03251121,CD,Iconic Greek Islands - 3Nights (Mar & Nov),3DICONICWINTER,BAR,3,Fri Nov 21 2025 00:00:00 GMT+0000 (Greenwich Mean Time),IC,"PUBLISHED Autumn Campaign, CELESTYAL ONE","PROMO, TARIFF",EUR,399,129,259,239,531
Wed Oct 22 2025 01:00:00 GMT+0100 (British Summer Time),CD03251121,CD,Iconic Greek Islands - 3Nights (Mar & Nov),3DICONICWINTER,BAR,3,Fri Nov 21 2025 00:00:00 GMT+0000 (Greenwich Mean Time),SJB,"PUBLISHED Autumn Campaign, CELESTYAL ONE","PROMO, TARIFF",USD,1239,149,299,269,558
Wed Oct 22 2025 01:00:00 GMT+0100 (British Summer Time),CD03251121,CD,Iconic Greek Islands - 3Nights (Mar & Nov),3DICONICWINTER,BAR,3,Fri Nov 21 2025 00:00:00 GMT+0000 (Greenwich Mean Time),XA,"PUBLISHED Autumn Campaign, CELESTYAL ONE","PROMO, TARIFF",GBP,359,109,0,0,498
Wed Oct 22 2025 01:00:00 GMT+0100 (British Summer Time),CD03251121,CD,Iconic Greek Islands - 3Nights (Mar & Nov),3DICONICWINTER,BAR,3,Fri Nov 21 2025 00:00:00 GMT+0000 (Greenwich Mean Time),SJB,"PUBLISHED Autumn Campaign, CELESTYAL ONE","PROMO, TARIFF",EUR,1069,129,259,239,481
Wed Oct 22 2025 01:00:00 GMT+0100 (British Summer Time),CD03251121,CD,Iconic Greek Islands - 3Nights (Mar & Nov),3DICONICWINTER,CUG,3,Fri Nov 21 2025 00:00:00 GMT+0000 (Greenwich Mean Time),SH,"PUBLISHED Autumn Campaign, CELESTYAL ONE","PROMO, TARIFF",EUR,1249,129,259,239,571
Wed Oct 22 2025 01:00:00 GMT+0100 (British Summer Time),CD03251121,CD,Iconic Greek Islands - 3Nights (Mar & Nov),3DICONICWINTER,CUG,3,Fri Nov 21 2025 00:00:00 GMT+0000 (Greenwich Mean Time),IA,"PUBLISHED Autumn Campaign, CELESTYAL ONE","PROMO, TARIFF",EUR,339,129,259,239,411
Wed Oct 22 2025 01:00:00 GMT+0100 (British Summer Time),CD03251121,CD,Iconic Greek Islands - 3Nights (Mar & Nov),3DICONICWINTER,BAR,3,Fri Nov 21 2025 00:00:00 GMT+0000 (Greenwich Mean Time),SJA,"PUBLISHED Autumn Campaign, CELESTYAL ONE","PROMO, TARIFF",AUD,1629,209,419,379,736
Wed Oct 22 2025 01:00:00 GMT+0100 (British Summer Time),CD03251121,CD,Iconic Greek Islands - 3Nights (Mar & Nov),3DICONICWINTER,BAR,3,Fri Nov 21 2025 00:00:00 GMT+0000 (Greenwich Mean Time),XA,"PUBLISHED Autumn Campaign, CELESTYAL ONE","PROMO, TARIFF",AUD,669,209,0,0,902
Wed Oct 22 2025 01:00:00 GMT+0100 (British Summer Time),CD03251121,CD,Iconic Greek Islands - 3Nights (Mar & Nov),3DICONICWINTER,CUG,3,Fri Nov 21 2025 00:00:00 GMT+0000 (Greenwich Mean Time),XBO,"PUBLISHED Autumn Campaign, CELESTYAL ONE","PROMO, TARIFF",GBP,359,109,229,199,498
Wed Oct 22 2025 01:00:00 GMT+0100 (British Summer Time),CD03251121,CD,Iconic Greek Islands - 3Nights (Mar & Nov),3DICONICWINTER,BAR,3,Fri Nov 21 2025 00:00:00 GMT+0000 (Greenwich Mean Time),BA,"PUBLISHED Autumn Campaign, CELESTYAL ONE","PROMO, TARIFF",AUD,1459,209,0,0,695
Wed Oct 22 2025 01:00:00 GMT+0100 (British Summer Time),CD03251121,CD,Iconic Greek Islands - 3Nights (Mar & Nov),3DICONICWINTER,BAR,3,Fri Nov 21 2025 00:00:00 GMT+0000 (Greenwich Mean Time),SJA,"PUBLISHED Autumn Campaign, CELESTYAL ONE","PROMO, TARIFF",USD,1169,149,299,269,523
Wed Oct 22 2025 01:00:00 GMT+0100 (British Summer Time),CD03251121,CD,Iconic Greek Islands - 3Nights (Mar & Nov),3DICONICWINTER,BAR,3,Fri Nov 21 2025 00:00:00 GMT+0000 (Greenwich Mean Time),XB,"PUBLISHED Autumn Campaign, CELESTYAL ONE","PROMO, TARIFF",GBP,379,109,229,199,522
Wed Oct 22 2025 01:00:00 GMT+0100 (British Summer Time),CD03251121,CD,Iconic Greek Islands - 3Nights (Mar & Nov),3DICONICWINTER,CUG,3,Fri Nov 21 2025 00:00:00 GMT+0000 (Greenwich Mean Time),IB,"PUBLISHED Autumn Campaign, CELESTYAL ONE","PROMO, TARIFF",EUR,369,129,0,0,471
Wed Oct 22 2025 01:00:00 GMT+0100 (British Summer Time),CD03251121,CD,Iconic Greek Islands - 3Nights (Mar & Nov),3DICONICWINTER,BAR,3,Fri Nov 21 2025 00:00:00 GMT+0000 (Greenwich Mean Time),IC,"PUBLISHED Autumn Campaign, CELESTYAL ONE","PROMO, TARIFF",GBP,349,109,229,199,472
Wed Oct 22 2025 01:00:00 GMT+0100 (British Summer Time),CD03251121,CD,Iconic Greek Islands - 3Nights (Mar & Nov),3DICONICWINTER,CUG,3,Fri Nov 21 2025 00:00:00 GMT+0000 (Greenwich Mean Time),XA,"PUBLISHED Autumn Campaign, CELESTYAL ONE","PROMO, TARIFF",AUD,669,209,0,0,902
Wed Oct 22 2025 01:00:00 GMT+0100 (British Summer Time),CD03251121,CD,Iconic Greek Islands - 3Nights (Mar & Nov),3DICONICWINTER,CUG,3,Fri Nov 21 2025 00:00:00 GMT+0000 (Greenwich Mean Time),XA,"PUBLISHED Autumn Campaign, CELESTYAL ONE","PROMO, TARIFF",GBP,359,109,0,0,498
Wed Oct 22 2025 01:00:00 GMT+0100 (British Summer Time),CD03251121,CD,Iconic Greek Islands - 3Nights (Mar & Nov),3DICONICWINTER,BAR,3,Fri Nov 21 2025 00:00:00 GMT+0000 (Greenwich Mean Time),SJB,"PUBLISHED Autumn Campaign, CELESTYAL ONE","PROMO, TARIFF",AUD,1729,209,419,379,782
Wed Oct 22 2025 01:00:00 GMT+0100 (British Summer Time),CD03251121,CD,Iconic Greek Islands - 3Nights (Mar & Nov),3DICONICWINTER,CUG,3,Fri Nov 21 2025 00:00:00 GMT+0000 (Greenwich Mean Time),XBO,"PUBLISHED Autumn Campaign, CELESTYAL ONE","PROMO, TARIFF",EUR,419,129,259,239,551
Wed Oct 22 2025 01:00:00 GMT+0100 (British Summer Time),CD03251121,CD,Iconic Greek Islands - 3Nights (Mar & Nov),3DICONICWINTER,BAR,3,Fri Nov 21 2025 00:00:00 GMT+0000 (Greenwich Mean Time),XD,"PUBLISHED Autumn Campaign, CELESTYAL ONE","PROMO, TARIFF",GBP,429,109,229,199,624
Wed Oct 22 2025 01:00:00 GMT+0100 (British Summer Time),CD03251121,CD,Iconic Greek Islands - 3Nights (Mar & Nov),3DICONICWINTER,BAR,3,Fri Nov 21 2025 00:00:00 GMT+0000 (Greenwich Mean Time),SG,"PUBLISHED Autumn Campaign, CELESTYAL ONE","PROMO, TARIFF",AUD,1919,209,419,379,883
Wed Oct 22 2025 01:00:00 GMT+0100 (British Summer Time),CD03251121,CD,Iconic Greek Islands - 3Nights (Mar & Nov),3DICONICWINTER,BAR,3,Fri Nov 21 2025 00:00:00 GMT+0000 (Greenwich Mean Time),SG,"PUBLISHED Autumn Campaign, CELESTYAL ONE","PROMO, TARIFF",USD,1379,149,299,269,627
Wed Oct 22 2025 01:00:00 GMT+0100 (British Summer Time),CD03251121,CD,Iconic Greek Islands - 3Nights (Mar & Nov),3DICONICWINTER,BAR,3,Fri Nov 21 2025 00:00:00 GMT+0000 (Greenwich Mean Time),XC,"PUBLISHED Autumn Campaign, CELESTYAL ONE","PROMO, TARIFF",GBP,409,109,229,199,573
Wed Oct 22 2025 01:00:00 GMT+0100 (British Summer Time),CD03251121,CD,Iconic Greek Islands - 3Nights (Mar & Nov),3DICONICWINTER,CUG,3,Fri Nov 21 2025 00:00:00 GMT+0000 (Greenwich Mean Time),XBO,"PUBLISHED Autumn Campaign, CELESTYAL ONE","PROMO, TARIFF",AUD,669,209,419,379,902
Wed Oct 22 2025 01:00:00 GMT+0100 (British Summer Time),CD03251121,CD,Iconic Greek Islands - 3Nights (Mar & Nov),3DICONICWINTER,CUG,3,Fri Nov 21 2025 00:00:00 GMT+0000 (Greenwich Mean Time),IB,"PUBLISHED Autumn Campaign, CELESTYAL ONE","PROMO, TARIFF",GBP,329,109,0,0,412
Wed Oct 22 2025 01:00:00 GMT+0100 (British Summer Time),CD03251121,CD,Iconic Greek Islands - 3Nights (Mar & Nov),3DICONICWINTER,BAR,3,Fri Nov 21 2025 00:00:00 GMT+0000 (Greenwich Mean Time),BA,"PUBLISHED Autumn Campaign, CELESTYAL ONE","PROMO, TARIFF",EUR,899,129,0,0,431
Wed Oct 22 2025 01:00:00 GMT+0100 (British Summer Time),CD03251121,CD,Iconic Greek Islands - 3Nights (Mar & Nov),3DICONICWINTER,BAR,3,Fri Nov 21 2025 00:00:00 GMT+0000 (Greenwich Mean Time),IB,"PUBLISHED Autumn Campaign, CELESTYAL ONE","PROMO, TARIFF",AUD,599,209,0,0,761
Wed Oct 22 2025 01:00:00 GMT+0100 (British Summer Time),CD03251121,CD,Iconic Greek Islands - 3Nights (Mar & Nov),3DICONICWINTER,CUG,3,Fri Nov 21 2025 00:00:00 GMT+0000 (Greenwich Mean Time),BA,"PUBLISHED Autumn Campaign, CELESTYAL ONE","PROMO, TARIFF",GBP,789,109,0,0,388
Wed Oct 22 2025 01:00:00 GMT+0100 (British Summer Time),CD03251121,CD,Iconic Greek Islands - 3Nights (Mar & Nov),3DICONICWINTER,CUG,3,Fri Nov 21 2025 00:00:00 GMT+0000 (Greenwich Mean Time),SG,"PUBLISHED Autumn Campaign, CELESTYAL ONE","PROMO, TARIFF",GBP,1049,109,229,199,484
Wed Oct 22 2025 01:00:00 GMT+0100 (British Summer Time),CD03251121,CD,Iconic Greek Islands - 3Nights (Mar & Nov),3DICONICWINTER,CUG,3,Fri Nov 21 2025 00:00:00 GMT+0000 (Greenwich Mean Time),XBO,"CELESTYAL ONE, Closed User Group rates","TARIFF, PROMO",USD,289,149,229,149,975
Wed Oct 22 2025 01:00:00 GMT+0100 (British Summer Time),CD03251121,CD,Iconic Greek Islands - 3Nights (Mar & Nov),3DICONICWINTER,CUG,3,Fri Nov 21 2025 00:00:00 GMT+0000 (Greenwich Mean Time),XD,"PUBLISHED Autumn Campaign, CELESTYAL ONE","PROMO, TARIFF",GBP,429,109,229,199,624
Wed Oct 22 2025 01:00:00 GMT+0100 (British Summer Time),CD03251121,CD,Iconic Greek Islands - 3Nights (Mar & Nov),3DICONICWINTER,CUG,3,Fri Nov 21 2025 00:00:00 GMT+0000 (Greenwich Mean Time),SJB,"PUBLISHED Autumn Campaign, CELESTYAL ONE","PROMO, TARIFF",GBP,939,109,229,199,434
Wed Oct 22 2025 01:00:00 GMT+0100 (British Summer Time),CD03251121,CD,Iconic Greek Islands - 3Nights (Mar & Nov),3DICONICWINTER,CUG,3,Fri Nov 21 2025 00:00:00 GMT+0000 (Greenwich Mean Time),XC,"PUBLISHED Autumn Campaign, CELESTYAL ONE","PROMO, TARIFF",AUD,749,209,419,379,1049
Wed Oct 22 2025 01:00:00 GMT+0100 (British Summer Time),CD03251121,CD,Iconic Greek Islands - 3Nights (Mar & Nov),3DICONICWINTER,CUG,3,Fri Nov 21 2025 00:00:00 GMT+0000 (Greenwich Mean Time),SH,"PUBLISHED Autumn Campaign, CELESTYAL ONE","PROMO, TARIFF",GBP,1099,109,229,199,514
Wed Oct 22 2025 01:00:00 GMT+0100 (British Summer Time),CD03251121,CD,Iconic Greek Islands - 3Nights (Mar & Nov),3DICONICWINTER,BAR,3,Fri Nov 21 2025 00:00:00 GMT+0000 (Greenwich Mean Time),IB,"PUBLISHED Autumn Campaign, CELESTYAL ONE","PROMO, TARIFF",GBP,329,109,0,0,412
Wed Oct 22 2025 01:00:00 GMT+0100 (British Summer Time),CD03251121,CD,Iconic Greek Islands - 3Nights (Mar & Nov),3DICONICWINTER,CUG,3,Fri Nov 21 2025 00:00:00 GMT+0000 (Greenwich Mean Time),XD,"PUBLISHED Autumn Campaign, CELESTYAL ONE","PROMO, TARIFF",EUR,489,129,259,239,701
Wed Oct 22 2025 01:00:00 GMT+0100 (British Summer Time),CD03251121,CD,Iconic Greek Islands - 3Nights (Mar & Nov),3DICONICWINTER,CUG,3,Fri Nov 21 2025 00:00:00 GMT+0000 (Greenwich Mean Time),SH,"PUBLISHED Autumn Campaign, CELESTYAL ONE","PROMO, TARIFF",AUD,2019,209,419,379,929
Wed Oct 22 2025 01:00:00 GMT+0100 (British Summer Time),CD03251121,CD,Iconic Greek Islands - 3Nights (Mar & Nov),3DICONICWINTER,BAR,3,Fri Nov 21 2025 00:00:00 GMT+0000 (Greenwich Mean Time),SH,"PUBLISHED Autumn Campaign, CELESTYAL ONE","PROMO, TARIFF",AUD,2019,209,419,379,929
Wed Oct 22 2025 01:00:00 GMT+0100 (British Summer Time),CD03251121,CD,Iconic Greek Islands - 3Nights (Mar & Nov),3DICONICWINTER,BAR,3,Fri Nov 21 2025 00:00:00 GMT+0000 (Greenwich Mean Time),IA,"PUBLISHED Autumn Campaign, CELESTYAL ONE","PROMO, TARIFF",AUD,549,209,419,379,666
Wed Oct 22 2025 01:00:00 GMT+0100 (British Summer Time),CD03251121,CD,Iconic Greek Islands - 3Nights (Mar & Nov),3DICONICWINTER,BAR,3,Fri Nov 21 2025 00:00:00 GMT+0000 (Greenwich Mean Time),IC,"PUBLISHED Autumn Campaign, CELESTYAL ONE","PROMO, TARIFF",AUD,649,209,419,379,857
Wed Oct 22 2025 01:00:00 GMT+0100 (British Summer Time),CD03251121,CD,Iconic Greek Islands - 3Nights (Mar & Nov),3DICONICWINTER,BAR,3,Fri Nov 21 2025 00:00:00 GMT+0000 (Greenwich Mean Time),IA,"PUBLISHED Autumn Campaign, CELESTYAL ONE","PROMO, TARIFF",GBP,299,109,229,199,362
Wed Oct 22 2025 01:00:00 GMT+0100 (British Summer Time),CD03251121,CD,Iconic Greek Islands - 3Nights (Mar & Nov),3DICONICWINTER,CUG,3,Fri Nov 21 2025 00:00:00 GMT+0000 (Greenwich Mean Time),XA,"PUBLISHED Autumn Campaign, CELESTYAL ONE","PROMO, TARIFF",EUR,419,129,0,0,551
Wed Oct 22 2025 01:00:00 GMT+0100 (British Summer Time),CD03251121,CD,Iconic Greek Islands - 3Nights (Mar & Nov),3DICONICWINTER,CUG,3,Fri Nov 21 2025 00:00:00 GMT+0000 (Greenwich Mean Time),SG,"PUBLISHED Autumn Campaign, CELESTYAL ONE","PROMO, TARIFF",EUR,1189,129,259,239,541
Wed Oct 22 2025 01:00:00 GMT+0100 (British Summer Time),CD03251121,CD,Iconic Greek Islands - 3Nights (Mar & Nov),3DICONICWINTER,CUG,3,Fri Nov 21 2025 00:00:00 GMT+0000 (Greenwich Mean Time),SG,"PUBLISHED Autumn Campaign, CELESTYAL ONE","PROMO, TARIFF",AUD,1919,209,419,379,883
Wed Oct 22 2025 01:00:00 GMT+0100 (British Summer Time),CD03251121,CD,Iconic Greek Islands - 3Nights (Mar & Nov),3DICONICWINTER,CUG,3,Fri Nov 21 2025 00:00:00 GMT+0000 (Greenwich Mean Time),SJA,"CELESTYAL ONE, Closed User Group rates","TARIFF, PROMO",USD,639,149,229,149,1543
Wed Oct 22 2025 01:00:00 GMT+0100 (British Summer Time),CD03251121,CD,Iconic Greek Islands - 3Nights (Mar & Nov),3DICONICWINTER,BAR,3,Fri Nov 21 2025 00:00:00 GMT+0000 (Greenwich Mean Time),BA,"PUBLISHED Autumn Campaign, CELESTYAL ONE","PROMO, TARIFF",USD,1039,149,0,0,503
Wed Oct 22 2025 01:00:00 GMT+0100 (British Summer Time),CD03251121,CD,Iconic Greek Islands - 3Nights (Mar & Nov),3DICONICWINTER,BAR,3,Fri Nov 21 2025 00:00:00 GMT+0000 (Greenwich Mean Time),SH,"PUBLISHED Autumn Campaign, CELESTYAL ONE","PROMO, TARIFF",USD,1439,149,299,269,671
Wed Oct 22 2025 01:00:00 GMT+0100 (British Summer Time),CD03251121,CD,Iconic Greek Islands - 3Nights (Mar & Nov),3DICONICWINTER,BAR,3,Fri Nov 21 2025 00:00:00 GMT+0000 (Greenwich Mean Time),SG,"PUBLISHED Autumn Campaign, CELESTYAL ONE","PROMO, TARIFF",EUR,1189,129,259,239,541
Wed Oct 22 2025 01:00:00 GMT+0100 (British Summer Time),CD03251121,CD,Iconic Greek Islands - 3Nights (Mar & Nov),3DICONICWINTER,CUG,3,Fri Nov 21 2025 00:00:00 GMT+0000 (Greenwich Mean Time),BA,"PUBLISHED Autumn Campaign, CELESTYAL ONE","PROMO, TARIFF",AUD,1459,209,0,0,695
Wed Oct 22 2025 01:00:00 GMT+0100 (British Summer Time),CD03251121,CD,Iconic Greek Islands - 3Nights (Mar & Nov),3DICONICWINTER,CUG,3,Fri Nov 21 2025 00:00:00 GMT+0000 (Greenwich Mean Time),IB,"CELESTYAL ONE, Closed User Group rates","TARIFF, PROMO",USD,229,149,0,0,824
Wed Oct 22 2025 01:00:00 GMT+0100 (British Summer Time),CD03251121,CD,Iconic Greek Islands - 3Nights (Mar & Nov),3DICONICWINTER,BAR,3,Fri Nov 21 2025 00:00:00 GMT+0000 (Greenwich Mean Time),BA,"PUBLISHED Autumn Campaign, CELESTYAL ONE","PROMO, TARIFF",GBP,789,109,0,0,388
Wed Oct 22 2025 01:00:00 GMT+0100 (British Summer Time),CD03251121,CD,Iconic Greek Islands - 3Nights (Mar & Nov),3DICONICWINTER,BAR,3,Fri Nov 21 2025 00:00:00 GMT+0000 (Greenwich Mean Time),XC,"PUBLISHED Autumn Campaign, CELESTYAL ONE","PROMO, TARIFF",AUD,749,209,419,379,1049
Wed Oct 22 2025 01:00:00 GMT+0100 (British Summer Time),CD03251121,CD,Iconic Greek Islands - 3Nights (Mar & Nov),3DICONICWINTER,BAR,3,Fri Nov 21 2025 00:00:00 GMT+0000 (Greenwich Mean Time),XB,"PUBLISHED Autumn Campaign, CELESTYAL ONE","PROMO, TARIFF",AUD,699,209,419,379,953
Wed Oct 22 2025 01:00:00 GMT+0100 (British Summer Time),CD03251121,CD,Iconic Greek Islands - 3Nights (Mar & Nov),3DICONICWINTER,BAR,3,Fri Nov 21 2025 00:00:00 GMT+0000 (Greenwich Mean Time),XB,"PUBLISHED Autumn Campaign, CELESTYAL ONE","PROMO, TARIFF",USD,499,149,299,269,683
Wed Oct 22 2025 01:00:00 GMT+0100 (British Summer Time),CD03251121,CD,Iconic Greek Islands - 3Nights (Mar & Nov),3DICONICWINTER,CUG,3,Fri Nov 21 2025 00:00:00 GMT+0000 (Greenwich Mean Time),XD,"PUBLISHED Autumn Campaign, CELESTYAL ONE","PROMO, TARIFF",AUD,789,209,419,379,1138
Wed Oct 22 2025 01:00:00 GMT+0100 (British Summer Time),CD03251121,CD,Iconic Greek Islands - 3Nights (Mar & Nov),3DICONICWINTER,BAR,3,Fri Nov 21 2025 00:00:00 GMT+0000 (Greenwich Mean Time),XA,"PUBLISHED Autumn Campaign, CELESTYAL ONE","PROMO, TARIFF",EUR,419,129,0,0,551
Wed Oct 22 2025 01:00:00 GMT+0100 (British Summer Time),CD03251121,CD,Iconic Greek Islands - 3Nights (Mar & Nov),3DICONICWINTER,CUG,3,Fri Nov 21 2025 00:00:00 GMT+0000 (Greenwich Mean Time),IA,"PUBLISHED Autumn Campaign, CELESTYAL ONE","PROMO, TARIFF",AUD,549,209,419,379,666
Wed Oct 22 2025 01:00:00 GMT+0100 (British Summer Time),CD03251121,CD,Iconic Greek Islands - 3Nights (Mar & Nov),3DICONICWINTER,CUG,3,Fri Nov 21 2025 00:00:00 GMT+0000 (Greenwich Mean Time),BA,"PUBLISHED Autumn Campaign, CELESTYAL ONE","PROMO, TARIFF",EUR,899,129,0,0,431
Wed Oct 22 2025 01:00:00 GMT+0100 (British Summer Time),CD03251121,CD,Iconic Greek Islands - 3Nights (Mar & Nov),3DICONICWINTER,CUG,3,Fri Nov 21 2025 00:00:00 GMT+0000 (Greenwich Mean Time),IA,"PUBLISHED Autumn Campaign, CELESTYAL ONE","PROMO, TARIFF",GBP,299,109,229,199,362
Wed Oct 22 2025 01:00:00 GMT+0100 (British Summer Time),CD03251121,CD,Iconic Greek Islands - 3Nights (Mar & Nov),3DICONICWINTER,BAR,3,Fri Nov 21 2025 00:00:00 GMT+0000 (Greenwich Mean Time),IA,"PUBLISHED Autumn Campaign, CELESTYAL ONE","PROMO, TARIFF",EUR,339,129,259,239,411
Wed Oct 22 2025 01:00:00 GMT+0100 (British Summer Time),CD03251121,CD,Iconic Greek Islands - 3Nights (Mar & Nov),3DICONICWINTER,CUG,3,Fri Nov 21 2025 00:00:00 GMT+0000 (Greenwich Mean Time),XD,"PUBLISHED Autumn Campaign, CELESTYAL ONE","PROMO, TARIFF",USD,569,149,299,269,810
Wed Oct 22 2025 01:00:00 GMT+0100 (British Summer Time),CD03251121,CD,Iconic Greek Islands - 3Nights (Mar & Nov),3DICONICWINTER,BAR,3,Fri Nov 21 2025 00:00:00 GMT+0000 (Greenwich Mean Time),XD,"PUBLISHED Autumn Campaign, CELESTYAL ONE","PROMO, TARIFF",USD,569,149,299,269,810
Wed Oct 22 2025 01:00:00 GMT+0100 (British Summer Time),CD03251121,CD,Iconic Greek Islands - 3Nights (Mar & Nov),3DICONICWINTER,BAR,3,Fri Nov 21 2025 00:00:00 GMT+0000 (Greenwich Mean Time),XBO,"PUBLISHED Autumn Campaign, CELESTYAL ONE","PROMO, TARIFF",AUD,669,209,419,379,902
Wed Oct 22 2025 01:00:00 GMT+0100 (British Summer Time),CD03251121,CD,Iconic Greek Islands - 3Nights (Mar & Nov),3DICONICWINTER,BAR,3,Fri Nov 21 2025 00:00:00 GMT+0000 (Greenwich Mean Time),XBO,"PUBLISHED Autumn Campaign, CELESTYAL ONE","PROMO, TARIFF",GBP,359,109,229,199,498
Wed Oct 22 2025 01:00:00 GMT+0100 (British Summer Time),CD03251121,CD,Iconic Greek Islands - 3Nights (Mar & Nov),3DICONICWINTER,BAR,3,Fri Nov 21 2025 00:00:00 GMT+0000 (Greenwich Mean Time),XBO,"PUBLISHED Autumn Campaign, CELESTYAL ONE","PROMO, TARIFF",EUR,419,129,259,239,551
Wed Oct 22 2025 01:00:00 GMT+0100 (British Summer Time),CD03251121,CD,Iconic Greek Islands - 3Nights (Mar & Nov),3DICONICWINTER,CUG,3,Fri Nov 21 2025 00:00:00 GMT+0000 (Greenwich Mean Time),IC,"PUBLISHED Autumn Campaign, CELESTYAL ONE","PROMO, TARIFF",AUD,649,209,419,379,857
Wed Oct 22 2025 01:00:00 GMT+0100 (British Summer Time),CD03251121,CD,Iconic Greek Islands - 3Nights (Mar & Nov),3DICONICWINTER,BAR,3,Fri Nov 21 2025 00:00:00 GMT+0000 (Greenwich Mean Time),XD,"PUBLISHED Autumn Campaign, CELESTYAL ONE","PROMO, TARIFF",EUR,489,129,259,239,701
Wed Oct 22 2025 01:00:00 GMT+0100 (British Summer Time),CD03251121,CD,Iconic Greek Islands - 3Nights (Mar & Nov),3DICONICWINTER,CUG,3,Fri Nov 21 2025 00:00:00 GMT+0000 (Greenwich Mean Time),SH,"PUBLISHED Autumn Campaign, CELESTYAL ONE","PROMO, TARIFF",USD,1439,149,299,269,671
Wed Oct 22 2025 01:00:00 GMT+0100 (British Summer Time),CD03251121,CD,Iconic Greek Islands - 3Nights (Mar & Nov),3DICONICWINTER,CUG,3,Fri Nov 21 2025 00:00:00 GMT+0000 (Greenwich Mean Time),IC,"PUBLISHED Autumn Campaign, CELESTYAL ONE","PROMO, TARIFF",GBP,349,109,229,199,472
Wed Oct 22 2025 01:00:00 GMT+0100 (British Summer Time),CD03251121,CD,Iconic Greek Islands - 3Nights (Mar & Nov),3DICONICWINTER,CUG,3,Fri Nov 21 2025 00:00:00 GMT+0000 (Greenwich Mean Time),IA,"CELESTYAL ONE, Closed User Group rates","TARIFF, PROMO",USD,229,149,229,149,720
Wed Oct 22 2025 01:00:00 GMT+0100 (British Summer Time),CD03251121,CD,Iconic Greek Islands - 3Nights (Mar & Nov),3DICONICWINTER,CUG,3,Fri Nov 21 2025 00:00:00 GMT+0000 (Greenwich Mean Time),SJB,"PUBLISHED Autumn Campaign, CELESTYAL ONE","PROMO, TARIFF",AUD,1729,209,419,379,782
Wed Oct 22 2025 01:00:00 GMT+0100 (British Summer Time),CD03251121,CD,Iconic Greek Islands - 3Nights (Mar & Nov),3DICONICWINTER,CUG,3,Fri Nov 21 2025 00:00:00 GMT+0000 (Greenwich Mean Time),XC,"PUBLISHED Autumn Campaign, CELESTYAL ONE","PROMO, TARIFF",GBP,409,109,229,199,573
Wed Oct 22 2025 01:00:00 GMT+0100 (British Summer Time),CD03251121,CD,Iconic Greek Islands - 3Nights (Mar & Nov),3DICONICWINTER,BAR,3,Fri Nov 21 2025 00:00:00 GMT+0000 (Greenwich Mean Time),IB,"PUBLISHED Autumn Campaign, CELESTYAL ONE","PROMO, TARIFF",EUR,369,129,0,0,471
Wed Oct 22 2025 01:00:00 GMT+0100 (British Summer Time),CD03251121,CD,Iconic Greek Islands - 3Nights (Mar & Nov),3DICONICWINTER,CUG,3,Fri Nov 21 2025 00:00:00 GMT+0000 (Greenwich Mean Time),XC,"CELESTYAL ONE, Closed User Group rates","TARIFF, PROMO",USD,289,149,229,149,1137
Wed Oct 22 2025 01:00:00 GMT+0100 (British Summer Time),CD03251121,CD,Iconic Greek Islands - 3Nights (Mar & Nov),3DICONICWINTER,BAR,3,Fri Nov 21 2025 00:00:00 GMT+0000 (Greenwich Mean Time),SJA,"PUBLISHED Autumn Campaign, CELESTYAL ONE","PROMO, TARIFF",GBP,889,109,229,199,404
Wed Oct 22 2025 01:00:00 GMT+0100 (British Summer Time),CD03251121,CD,Iconic Greek Islands - 3Nights (Mar & Nov),3DICONICWINTER,CUG,3,Fri Nov 21 2025 00:00:00 GMT+0000 (Greenwich Mean Time),IC,"PUBLISHED Autumn Campaign, CELESTYAL ONE","PROMO, TARIFF",EUR,399,129,259,239,531
Wed Oct 22 2025 01:00:00 GMT+0100 (British Summer Time),CD03251121,CD,Iconic Greek Islands - 3Nights (Mar & Nov),3DICONICWINTER,CUG,3,Fri Nov 21 2025 00:00:00 GMT+0000 (Greenwich Mean Time),XB,"PUBLISHED Autumn Campaign, CELESTYAL ONE","PROMO, TARIFF",GBP,379,109,229,199,522
Wed Oct 22 2025 01:00:00 GMT+0100 (British Summer Time),CD03251121,CD,Iconic Greek Islands - 3Nights (Mar & Nov),3DICONICWINTER,BAR,3,Fri Nov 21 2025 00:00:00 GMT+0000 (Greenwich Mean Time),IC,"PUBLISHED Autumn Campaign, CELESTYAL ONE","PROMO, TARIFF",USD,469,149,299,269,609
Wed Oct 22 2025 01:00:00 GMT+0100 (British Summer Time),CD03251121,CD,Iconic Greek Islands - 3Nights (Mar & Nov),3DICONICWINTER,CUG,3,Fri Nov 21 2025 00:00:00 GMT+0000 (Greenwich Mean Time),XA,"CELESTYAL ONE, Closed User Group rates","TARIFF, PROMO",USD,289,149,0,0,975
Wed Oct 22 2025 01:00:00 GMT+0100 (British Summer Time),CD03251121,CD,Iconic Greek Islands - 3Nights (Mar & Nov),3DICONICWINTER,BAR,3,Fri Nov 21 2025 00:00:00 GMT+0000 (Greenwich Mean Time),SH,"PUBLISHED Autumn Campaign, CELESTYAL ONE","PROMO, TARIFF",EUR,1249,129,259,239,571
Wed Oct 22 2025 01:00:00 GMT+0100 (British Summer Time),CD03251121,CD,Iconic Greek Islands - 3Nights (Mar & Nov),3DICONICWINTER,BAR,3,Fri Nov 21 2025 00:00:00 GMT+0000 (Greenwich Mean Time),XC,"PUBLISHED Autumn Campaign, CELESTYAL ONE","PROMO, TARIFF",EUR,459,129,259,239,651
Wed Oct 22 2025 01:00:00 GMT+0100 (British Summer Time),CD03251121,CD,Iconic Greek Islands - 3Nights (Mar & Nov),3DICONICWINTER,BAR,3,Fri Nov 21 2025 00:00:00 GMT+0000 (Greenwich Mean Time),XBO,"PUBLISHED Autumn Campaign, CELESTYAL ONE","PROMO, TARIFF",USD,479,149,299,269,645
Wed Oct 22 2025 01:00:00 GMT+0100 (British Summer Time),CD03251121,CD,Iconic Greek Islands - 3Nights (Mar & Nov),3DICONICWINTER,BAR,3,Fri Nov 21 2025 00:00:00 GMT+0000 (Greenwich Mean Time),SJB,"PUBLISHED Autumn Campaign, CELESTYAL ONE","PROMO, TARIFF",GBP,939,109,229,199,434
Wed Oct 22 2025 01:00:00 GMT+0100 (British Summer Time),CD03251121,CD,Iconic Greek Islands - 3Nights (Mar & Nov),3DICONICWINTER,CUG,3,Fri Nov 21 2025 00:00:00 GMT+0000 (Greenwich Mean Time),XB,"PUBLISHED Autumn Campaign, CELESTYAL ONE","PROMO, TARIFF",AUD,699,209,419,379,953
Wed Oct 22 2025 01:00:00 GMT+0100 (British Summer Time),CD03251121,CD,Iconic Greek Islands - 3Nights (Mar & Nov),3DICONICWINTER,CUG,3,Fri Nov 21 2025 00:00:00 GMT+0000 (Greenwich Mean Time),BA,"CELESTYAL ONE, Closed User Group rates","TARIFF, PROMO",USD,459,149,0,0,1393
Wed Oct 22 2025 01:00:00 GMT+0100 (British Summer Time),CD03251121,CD,Iconic Greek Islands - 3Nights (Mar & Nov),3DICONICWINTER,CUG,3,Fri Nov 21 2025 00:00:00 GMT+0000 (Greenwich Mean Time),IB,"PUBLISHED Autumn Campaign, CELESTYAL ONE","PROMO, TARIFF",AUD,599,209,0,0,761
Wed Oct 22 2025 01:00:00 GMT+0100 (British Summer Time),CD03251121,CD,Iconic Greek Islands - 3Nights (Mar & Nov),3DICONICWINTER,CUG,3,Fri Nov 21 2025 00:00:00 GMT+0000 (Greenwich Mean Time),XC,"PUBLISHED Autumn Campaign, CELESTYAL ONE","PROMO, TARIFF",EUR,459,129,259,239,651
Wed Oct 22 2025 01:00:00 GMT+0100 (British Summer Time),CD03251121,CD,Iconic Greek Islands - 3Nights (Mar & Nov),3DICONICWINTER,BAR,3,Fri Nov 21 2025 00:00:00 GMT+0000 (Greenwich Mean Time),SJA,"PUBLISHED Autumn Campaign, CELESTYAL ONE","PROMO, TARIFF",EUR,1009,129,259,239,451
Wed Oct 22 2025 01:00:00 GMT+0100 (British Summer Time),CD03251121,CD,Iconic Greek Islands - 3Nights (Mar & Nov),3DICONICWINTER,BAR,3,Fri Nov 21 2025 00:00:00 GMT+0000 (Greenwich Mean Time),SG,"PUBLISHED Autumn Campaign, CELESTYAL ONE","PROMO, TARIFF",GBP,1049,109,229,199,484
Wed Oct 22 2025 01:00:00 GMT+0100 (British Summer Time),CD03251121,CD,Iconic Greek Islands - 3Nights (Mar & Nov),3DICONICWINTER,CUG,3,Fri Nov 21 2025 00:00:00 GMT+0000 (Greenwich Mean Time),SJB,"PUBLISHED Autumn Campaign, CELESTYAL ONE","PROMO, TARIFF",EUR,1069,129,259,239,481
Wed Oct 22 2025 01:00:00 GMT+0100 (British Summer Time),CD03251121,CD,Iconic Greek Islands - 3Nights (Mar & Nov),3DICONICWINTER,CUG,3,Fri Nov 21 2025 00:00:00 GMT+0000 (Greenwich Mean Time),XB,"CELESTYAL ONE, Closed User Group rates","TARIFF, PROMO",USD,289,149,229,149,1033
Wed Oct 22 2025 01:00:00 GMT+0100 (British Summer Time),CD03251121,CD,Iconic Greek Islands - 3Nights (Mar & Nov),3DICONICWINTER,CUG,3,Fri Nov 21 2025 00:00:00 GMT+0000 (Greenwich Mean Time),IC,"CELESTYAL ONE, Closed User Group rates","TARIFF, PROMO",USD,229,149,229,149,929
Wed Oct 22 2025 01:00:00 GMT+0100 (British Summer Time),CD03251121,CD,Iconic Greek Islands - 3Nights (Mar & Nov),3DICONICWINTER,BAR,3,Fri Nov 21 2025 00:00:00 GMT+0000 (Greenwich Mean Time),SH,"PUBLISHED Autumn Campaign, CELESTYAL ONE","PROMO, TARIFF",GBP,1099,109,229,199,514
Wed Oct 22 2025 01:00:00 GMT+0100 (British Summer Time),CD03251121,CD,Iconic Greek Islands - 3Nights (Mar & Nov),3DICONICWINTER,BAR,3,Fri Nov 21 2025 00:00:00 GMT+0000 (Greenwich Mean Time),XD,"PUBLISHED Autumn Campaign, CELESTYAL ONE","PROMO, TARIFF",AUD,789,209,419,379,1138
Wed Oct 22 2025 01:00:00 GMT+0100 (British Summer Time),CD03251121,CD,Iconic Greek Islands - 3Nights (Mar & Nov),3DICONICWINTER,CUG,3,Fri Nov 21 2025 00:00:00 GMT+0000 (Greenwich Mean Time),SJB,"CELESTYAL ONE, Closed User Group rates","TARIFF, PROMO",USD,639,149,229,149,1648
Wed Oct 22 2025 01:00:00 GMT+0100 (British Summer Time),CD03251121,CD,Iconic Greek Islands - 3Nights (Mar & Nov),3DICONICWINTER,CUG,3,Fri Nov 21 2025 00:00:00 GMT+0000 (Greenwich Mean Time),SG,"PUBLISHED Autumn Campaign, CELESTYAL ONE","PROMO, TARIFF",USD,1379,149,299,269,627
Wed Oct 22 2025 01:00:00 GMT+0100 (British Summer Time),CD03251121,CD,Iconic Greek Islands - 3Nights (Mar & Nov),3DICONICWINTER,BAR,3,Fri Nov 21 2025 00:00:00 GMT+0000 (Greenwich Mean Time),IA,"PUBLISHED Autumn Campaign, CELESTYAL ONE","PROMO, TARIFF",USD,389,149,299,269,480
Wed Oct 22 2025 01:00:00 GMT+0100 (British Summer Time),CD03251121,CD,Iconic Greek Islands - 3Nights (Mar & Nov),3DICONICWINTER,BAR,3,Fri Nov 21 2025 00:00:00 GMT+0000 (Greenwich Mean Time),IB,"PUBLISHED Autumn Campaign, CELESTYAL ONE","PROMO, TARIFF",USD,429,149,0,0,544
Wed Oct 22 2025 01:00:00 GMT+0100 (British Summer Time),CD03251121,CD,Iconic Greek Islands - 3Nights (Mar & Nov),3DICONICWINTER,BAR,3,Fri Nov 21 2025 00:00:00 GMT+0000 (Greenwich Mean Time),XC,"PUBLISHED Autumn Campaign, CELESTYAL ONE","PROMO, TARIFF",USD,539,149,299,269,747
Wed Oct 22 2025 01:00:00 GMT+0100 (British Summer Time),CD03251122,CD,Iconic Greek Islands - 3Nights (Mar & Nov),3DICONICWINTER,BAR,3,Sat Nov 22 2025 00:00:00 GMT+0000 (Greenwich Mean Time),XC,"PUBLISHED Autumn Campaign, CELESTYAL ONE","PROMO, TARIFF",GBP,409,109,229,199,573
Wed Oct 22 2025 01:00:00 GMT+0100 (British Summer Time),CD03251122,CD,Iconic Greek Islands - 3Nights (Mar & Nov),3DICONICWINTER,BAR,3,Sat Nov 22 2025 00:00:00 GMT+0000 (Greenwich Mean Time),IB,"PUBLISHED Autumn Campaign, CELESTYAL ONE","PROMO, TARIFF",GBP,329,109,0,0,412
Wed Oct 22 2025 01:00:00 GMT+0100 (British Summer Time),CD03251122,CD,Iconic Greek Islands - 3Nights (Mar & Nov),3DICONICWINTER,CUG,3,Sat Nov 22 2025 00:00:00 GMT+0000 (Greenwich Mean Time),IB,"PUBLISHED Autumn Campaign, CELESTYAL ONE","PROMO, TARIFF",AUD,599,209,0,0,761
Wed Oct 22 2025 01:00:00 GMT+0100 (British Summer Time),CD03251122,CD,Iconic Greek Islands - 3Nights (Mar & Nov),3DICONICWINTER,BAR,3,Sat Nov 22 2025 00:00:00 GMT+0000 (Greenwich Mean Time),XD,"PUBLISHED Autumn Campaign, CELESTYAL ONE","PROMO, TARIFF",AUD,789,209,419,379,1138
Wed Oct 22 2025 01:00:00 GMT+0100 (British Summer Time),CD03251122,CD,Iconic Greek Islands - 3Nights (Mar & Nov),3DICONICWINTER,CUG,3,Sat Nov 22 2025 00:00:00 GMT+0000 (Greenwich Mean Time),XC,"PUBLISHED Autumn Campaign, CELESTYAL ONE","PROMO, TARIFF",EUR,459,129,259,239,651
Wed Oct 22 2025 01:00:00 GMT+0100 (British Summer Time),CD03251122,CD,Iconic Greek Islands - 3Nights (Mar & Nov),3DICONICWINTER,BAR,3,Sat Nov 22 2025 00:00:00 GMT+0000 (Greenwich Mean Time),XA,"PUBLISHED Autumn Campaign, CELESTYAL ONE","PROMO, TARIFF",GBP,359,109,0,0,498
Wed Oct 22 2025 01:00:00 GMT+0100 (British Summer Time),CD03251122,CD,Iconic Greek Islands - 3Nights (Mar & Nov),3DICONICWINTER,CUG,3,Sat Nov 22 2025 00:00:00 GMT+0000 (Greenwich Mean Time),XA,"PUBLISHED Autumn Campaign, CELESTYAL ONE","PROMO, TARIFF",AUD,669,209,0,0,902
Wed Oct 22 2025 01:00:00 GMT+0100 (British Summer Time),CD03251122,CD,Iconic Greek Islands - 3Nights (Mar & Nov),3DICONICWINTER,BAR,3,Sat Nov 22 2025 00:00:00 GMT+0000 (Greenwich Mean Time),XA,"PUBLISHED Autumn Campaign, CELESTYAL ONE","PROMO, TARIFF",EUR,419,129,0,0,551
Wed Oct 22 2025 01:00:00 GMT+0100 (British Summer Time),CD03251122,CD,Iconic Greek Islands - 3Nights (Mar & Nov),3DICONICWINTER,BAR,3,Sat Nov 22 2025 00:00:00 GMT+0000 (Greenwich Mean Time),IB,"PUBLISHED Autumn Campaign, CELESTYAL ONE","PROMO, TARIFF",USD,429,149,0,0,544
Wed Oct 22 2025 01:00:00 GMT+0100 (British Summer Time),CD03251122,CD,Iconic Greek Islands - 3Nights (Mar & Nov),3DICONICWINTER,BAR,3,Sat Nov 22 2025 00:00:00 GMT+0000 (Greenwich Mean Time),XBO,"PUBLISHED Autumn Campaign, CELESTYAL ONE","PROMO, TARIFF",AUD,669,209,419,379,902
Wed Oct 22 2025 01:00:00 GMT+0100 (British Summer Time),CD03251122,CD,Iconic Greek Islands - 3Nights (Mar & Nov),3DICONICWINTER,CUG,3,Sat Nov 22 2025 00:00:00 GMT+0000 (Greenwich Mean Time),XC,"PUBLISHED Autumn Campaign, CELESTYAL ONE","PROMO, TARIFF",AUD,749,209,419,379,1049
Wed Oct 22 2025 01:00:00 GMT+0100 (British Summer Time),CD03251122,CD,Iconic Greek Islands - 3Nights (Mar & Nov),3DICONICWINTER,CUG,3,Sat Nov 22 2025 00:00:00 GMT+0000 (Greenwich Mean Time),IC,"PUBLISHED Autumn Campaign, CELESTYAL ONE","PROMO, TARIFF",EUR,399,129,259,239,531
Wed Oct 22 2025 01:00:00 GMT+0100 (British Summer Time),CD03251122,CD,Iconic Greek Islands - 3Nights (Mar & Nov),3DICONICWINTER,CUG,3,Sat Nov 22 2025 00:00:00 GMT+0000 (Greenwich Mean Time),XBO,"PUBLISHED Autumn Campaign, CELESTYAL ONE","PROMO, TARIFF",EUR,419,129,259,239,551
Wed Oct 22 2025 01:00:00 GMT+0100 (British Summer Time),CD03251122,CD,Iconic Greek Islands - 3Nights (Mar & Nov),3DICONICWINTER,CUG,3,Sat Nov 22 2025 00:00:00 GMT+0000 (Greenwich Mean Time),IB,"PUBLISHED Autumn Campaign, CELESTYAL ONE","PROMO, TARIFF",EUR,369,129,0,0,471
Wed Oct 22 2025 01:00:00 GMT+0100 (British Summer Time),CD03251122,CD,Iconic Greek Islands - 3Nights (Mar & Nov),3DICONICWINTER,BAR,3,Sat Nov 22 2025 00:00:00 GMT+0000 (Greenwich Mean Time),XB,"PUBLISHED Autumn Campaign, CELESTYAL ONE","PROMO, TARIFF",USD,499,149,299,269,683
Wed Oct 22 2025 01:00:00 GMT+0100 (British Summer Time),CD03251122,CD,Iconic Greek Islands - 3Nights (Mar & Nov),3DICONICWINTER,BAR,3,Sat Nov 22 2025 00:00:00 GMT+0000 (Greenwich Mean Time),IB,"PUBLISHED Autumn Campaign, CELESTYAL ONE","PROMO, TARIFF",EUR,369,129,0,0,471
Wed Oct 22 2025 01:00:00 GMT+0100 (British Summer Time),CD03251122,CD,Iconic Greek Islands - 3Nights (Mar & Nov),3DICONICWINTER,BAR,3,Sat Nov 22 2025 00:00:00 GMT+0000 (Greenwich Mean Time),XBO,"PUBLISHED Autumn Campaign, CELESTYAL ONE","PROMO, TARIFF",USD,479,149,299,269,645
Wed Oct 22 2025 01:00:00 GMT+0100 (British Summer Time),CD03251122,CD,Iconic Greek Islands - 3Nights (Mar & Nov),3DICONICWINTER,BAR,3,Sat Nov 22 2025 00:00:00 GMT+0000 (Greenwich Mean Time),XC,"PUBLISHED Autumn Campaign, CELESTYAL ONE","PROMO, TARIFF",EUR,459,129,259,239,651
Wed Oct 22 2025 01:00:00 GMT+0100 (British Summer Time),CD03251122,CD,Iconic Greek Islands - 3Nights (Mar & Nov),3DICONICWINTER,BAR,3,Sat Nov 22 2025 00:00:00 GMT+0000 (Greenwich Mean Time),XA,"PUBLISHED Autumn Campaign, CELESTYAL ONE","PROMO, TARIFF",USD,479,149,0,0,645
Wed Oct 22 2025 01:00:00 GMT+0100 (British Summer Time),CD03251122,CD,Iconic Greek Islands - 3Nights (Mar & Nov),3DICONICWINTER,CUG,3,Sat Nov 22 2025 00:00:00 GMT+0000 (Greenwich Mean Time),XD,"PUBLISHED Autumn Campaign, CELESTYAL ONE","PROMO, TARIFF",GBP,429,109,229,199,624
Wed Oct 22 2025 01:00:00 GMT+0100 (British Summer Time),CD03251122,CD,Iconic Greek Islands - 3Nights (Mar & Nov),3DICONICWINTER,BAR,3,Sat Nov 22 2025 00:00:00 GMT+0000 (Greenwich Mean Time),XBO,"PUBLISHED Autumn Campaign, CELESTYAL ONE","PROMO, TARIFF",GBP,359,109,229,199,498
Wed Oct 22 2025 01:00:00 GMT+0100 (British Summer Time),CD03251122,CD,Iconic Greek Islands - 3Nights (Mar & Nov),3DICONICWINTER,CUG,3,Sat Nov 22 2025 00:00:00 GMT+0000 (Greenwich Mean Time),XBO,"CELESTYAL ONE, Closed User Group rates","TARIFF, PROMO",USD,289,149,229,149,975
Wed Oct 22 2025 01:00:00 GMT+0100 (British Summer Time),CD03251122,CD,Iconic Greek Islands - 3Nights (Mar & Nov),3DICONICWINTER,CUG,3,Sat Nov 22 2025 00:00:00 GMT+0000 (Greenwich Mean Time),XBO,"PUBLISHED Autumn Campaign, CELESTYAL ONE","PROMO, TARIFF",AUD,669,209,419,379,902
Wed Oct 22 2025 01:00:00 GMT+0100 (British Summer Time),CD03251122,CD,Iconic Greek Islands - 3Nights (Mar & Nov),3DICONICWINTER,CUG,3,Sat Nov 22 2025 00:00:00 GMT+0000 (Greenwich Mean Time),XB,"PUBLISHED Autumn Campaign, CELESTYAL ONE","PROMO, TARIFF",EUR,429,129,259,239,591
Wed Oct 22 2025 01:00:00 GMT+0100 (British Summer Time),CD03251122,CD,Iconic Greek Islands - 3Nights (Mar & Nov),3DICONICWINTER,CUG,3,Sat Nov 22 2025 00:00:00 GMT+0000 (Greenwich Mean Time),XA,"PUBLISHED Autumn Campaign, CELESTYAL ONE","PROMO, TARIFF",GBP,359,109,0,0,498
Wed Oct 22 2025 01:00:00 GMT+0100 (British Summer Time),CD03251122,CD,Iconic Greek Islands - 3Nights (Mar & Nov),3DICONICWINTER,CUG,3,Sat Nov 22 2025 00:00:00 GMT+0000 (Greenwich Mean Time),XBO,"PUBLISHED Autumn Campaign, CELESTYAL ONE","PROMO, TARIFF",GBP,359,109,229,199,498
Wed Oct 22 2025 01:00:00 GMT+0100 (British Summer Time),CD03251122,CD,Iconic Greek Islands - 3Nights (Mar & Nov),3DICONICWINTER,BAR,3,Sat Nov 22 2025 00:00:00 GMT+0000 (Greenwich Mean Time),XC,"PUBLISHED Autumn Campaign, CELESTYAL ONE","PROMO, TARIFF",AUD,749,209,419,379,1049
Wed Oct 22 2025 01:00:00 GMT+0100 (British Summer Time),CD03251122,CD,Iconic Greek Islands - 3Nights (Mar & Nov),3DICONICWINTER,CUG,3,Sat Nov 22 2025 00:00:00 GMT+0000 (Greenwich Mean Time),XA,"PUBLISHED Autumn Campaign, CELESTYAL ONE","PROMO, TARIFF",EUR,419,129,0,0,551
Wed Oct 22 2025 01:00:00 GMT+0100 (British Summer Time),CD03251122,CD,Iconic Greek Islands - 3Nights (Mar & Nov),3DICONICWINTER,CUG,3,Sat Nov 22 2025 00:00:00 GMT+0000 (Greenwich Mean Time),XB,"PUBLISHED Autumn Campaign, CELESTYAL ONE","PROMO, TARIFF",GBP,379,109,229,199,522
Wed Oct 22 2025 01:00:00 GMT+0100 (British Summer Time),CD03251122,CD,Iconic Greek Islands - 3Nights (Mar & Nov),3DICONICWINTER,BAR,3,Sat Nov 22 2025 00:00:00 GMT+0000 (Greenwich Mean Time),XC,"PUBLISHED Autumn Campaign, CELESTYAL ONE","PROMO, TARIFF",USD,539,149,299,269,747
Wed Oct 22 2025 01:00:00 GMT+0100 (British Summer Time),CD03251122,CD,Iconic Greek Islands - 3Nights (Mar & Nov),3DICONICWINTER,BAR,3,Sat Nov 22 2025 00:00:00 GMT+0000 (Greenwich Mean Time),IC,"PUBLISHED Autumn Campaign, CELESTYAL ONE","PROMO, TARIFF",EUR,399,129,259,239,531
Wed Oct 22 2025 01:00:00 GMT+0100 (British Summer Time),CD03251122,CD,Iconic Greek Islands - 3Nights (Mar & Nov),3DICONICWINTER,BAR,3,Sat Nov 22 2025 00:00:00 GMT+0000 (Greenwich Mean Time),IB,"PUBLISHED Autumn Campaign, CELESTYAL ONE","PROMO, TARIFF",AUD,599,209,0,0,761
Wed Oct 22 2025 01:00:00 GMT+0100 (British Summer Time),CD03251122,CD,Iconic Greek Islands - 3Nights (Mar & Nov),3DICONICWINTER,BAR,3,Sat Nov 22 2025 00:00:00 GMT+0000 (Greenwich Mean Time),XB,"PUBLISHED Autumn Campaign, CELESTYAL ONE","PROMO, TARIFF",EUR,429,129,259,239,591
Wed Oct 22 2025 01:00:00 GMT+0100 (British Summer Time),CD03251122,CD,Iconic Greek Islands - 3Nights (Mar & Nov),3DICONICWINTER,BAR,3,Sat Nov 22 2025 00:00:00 GMT+0000 (Greenwich Mean Time),XB,"PUBLISHED Autumn Campaign, CELESTYAL ONE","PROMO, TARIFF",GBP,379,109,229,199,522
Wed Oct 22 2025 01:00:00 GMT+0100 (British Summer Time),CD03251122,CD,Iconic Greek Islands - 3Nights (Mar & Nov),3DICONICWINTER,CUG,3,Sat Nov 22 2025 00:00:00 GMT+0000 (Greenwich Mean Time),IB,"PUBLISHED Autumn Campaign, CELESTYAL ONE","PROMO, TARIFF",GBP,329,109,0,0,412
Wed Oct 22 2025 01:00:00 GMT+0100 (British Summer Time),CD03251122,CD,Iconic Greek Islands - 3Nights (Mar & Nov),3DICONICWINTER,CUG,3,Sat Nov 22 2025 00:00:00 GMT+0000 (Greenwich Mean Time),XD,"PUBLISHED Autumn Campaign, CELESTYAL ONE","PROMO, TARIFF",AUD,789,209,419,379,1138
Wed Oct 22 2025 01:00:00 GMT+0100 (British Summer Time),CD03251122,CD,Iconic Greek Islands - 3Nights (Mar & Nov),3DICONICWINTER,BAR,3,Sat Nov 22 2025 00:00:00 GMT+0000 (Greenwich Mean Time),IC,"PUBLISHED Autumn Campaign, CELESTYAL ONE","PROMO, TARIFF",GBP,349,109,229,199,472
Wed Oct 22 2025 01:00:00 GMT+0100 (British Summer Time),CD03251122,CD,Iconic Greek Islands - 3Nights (Mar & Nov),3DICONICWINTER,CUG,3,Sat Nov 22 2025 00:00:00 GMT+0000 (Greenwich Mean Time),IB,"CELESTYAL ONE, Closed User Group rates","TARIFF, PROMO",USD,229,149,0,0,824
Wed Oct 22 2025 01:00:00 GMT+0100 (British Summer Time),CD03251122,CD,Iconic Greek Islands - 3Nights (Mar & Nov),3DICONICWINTER,BAR,3,Sat Nov 22 2025 00:00:00 GMT+0000 (Greenwich Mean Time),XD,"PUBLISHED Autumn Campaign, CELESTYAL ONE","PROMO, TARIFF",GBP,429,109,229,199,624
Wed Oct 22 2025 01:00:00 GMT+0100 (British Summer Time),CD03251122,CD,Iconic Greek Islands - 3Nights (Mar & Nov),3DICONICWINTER,CUG,3,Sat Nov 22 2025 00:00:00 GMT+0000 (Greenwich Mean Time),XC,"PUBLISHED Autumn Campaign, CELESTYAL ONE","PROMO, TARIFF",GBP,409,109,229,199,573
Wed Oct 22 2025 01:00:00 GMT+0100 (British Summer Time),CD03251122,CD,Iconic Greek Islands - 3Nights (Mar & Nov),3DICONICWINTER,BAR,3,Sat Nov 22 2025 00:00:00 GMT+0000 (Greenwich Mean Time),IC,"PUBLISHED Autumn Campaign, CELESTYAL ONE","PROMO, TARIFF",AUD,649,209,419,379,857
Wed Oct 22 2025 01:00:00 GMT+0100 (British Summer Time),CD03251122,CD,Iconic Greek Islands - 3Nights (Mar & Nov),3DICONICWINTER,CUG,3,Sat Nov 22 2025 00:00:00 GMT+0000 (Greenwich Mean Time),XB,"PUBLISHED Autumn Campaign, CELESTYAL ONE","PROMO, TARIFF",AUD,699,209,419,379,953
Wed Oct 22 2025 01:00:00 GMT+0100 (British Summer Time),CD03251122,CD,Iconic Greek Islands - 3Nights (Mar & Nov),3DICONICWINTER,CUG,3,Sat Nov 22 2025 00:00:00 GMT+0000 (Greenwich Mean Time),IC,"CELESTYAL ONE, Closed User Group rates","TARIFF, PROMO",USD,229,149,229,149,929
Wed Oct 22 2025 01:00:00 GMT+0100 (British Summer Time),CD03251122,CD,Iconic Greek Islands - 3Nights (Mar & Nov),3DICONICWINTER,BAR,3,Sat Nov 22 2025 00:00:00 GMT+0000 (Greenwich Mean Time),XD,"PUBLISHED Autumn Campaign, CELESTYAL ONE","PROMO, TARIFF",USD,569,149,299,269,810
Wed Oct 22 2025 01:00:00 GMT+0100 (British Summer Time),CD03251122,CD,Iconic Greek Islands - 3Nights (Mar & Nov),3DICONICWINTER,CUG,3,Sat Nov 22 2025 00:00:00 GMT+0000 (Greenwich Mean Time),XC,"CELESTYAL ONE, Closed User Group rates","TARIFF, PROMO",USD,289,149,229,149,1137
Wed Oct 22 2025 01:00:00 GMT+0100 (British Summer Time),CD03251122,CD,Iconic Greek Islands - 3Nights (Mar & Nov),3DICONICWINTER,BAR,3,Sat Nov 22 2025 00:00:00 GMT+0000 (Greenwich Mean Time),XA,"PUBLISHED Autumn Campaign, CELESTYAL ONE","PROMO, TARIFF",AUD,669,209,0,0,902
Wed Oct 22 2025 01:00:00 GMT+0100 (British Summer Time),CD03251122,CD,Iconic Greek Islands - 3Nights (Mar & Nov),3DICONICWINTER,BAR,3,Sat Nov 22 2025 00:00:00 GMT+0000 (Greenwich Mean Time),IC,"PUBLISHED Autumn Campaign, CELESTYAL ONE","PROMO, TARIFF",USD,469,149,299,269,609
Wed Oct 22 2025 01:00:00 GMT+0100 (British Summer Time),CD03251122,CD,Iconic Greek Islands - 3Nights (Mar & Nov),3DICONICWINTER,BAR,3,Sat Nov 22 2025 00:00:00 GMT+0000 (Greenwich Mean Time),XBO,"PUBLISHED Autumn Campaign, CELESTYAL ONE","PROMO, TARIFF",EUR,419,129,259,239,551
Wed Oct 22 2025 01:00:00 GMT+0100 (British Summer Time),CD03251122,CD,Iconic Greek Islands - 3Nights (Mar & Nov),3DICONICWINTER,CUG,3,Sat Nov 22 2025 00:00:00 GMT+0000 (Greenwich Mean Time),IC,"PUBLISHED Autumn Campaign, CELESTYAL ONE","PROMO, TARIFF",AUD,649,209,419,379,857
Wed Oct 22 2025 01:00:00 GMT+0100 (British Summer Time),CD03251122,CD,Iconic Greek Islands - 3Nights (Mar & Nov),3DICONICWINTER,BAR,3,Sat Nov 22 2025 00:00:00 GMT+0000 (Greenwich Mean Time),XD,"PUBLISHED Autumn Campaign, CELESTYAL ONE","PROMO, TARIFF",EUR,489,129,259,239,701
Wed Oct 22 2025 01:00:00 GMT+0100 (British Summer Time),CD03251122,CD,Iconic Greek Islands - 3Nights (Mar & Nov),3DICONICWINTER,CUG,3,Sat Nov 22 2025 00:00:00 GMT+0000 (Greenwich Mean Time),XD,"PUBLISHED Autumn Campaign, CELESTYAL ONE","PROMO, TARIFF",EUR,489,129,259,239,701
Wed Oct 22 2025 01:00:00 GMT+0100 (British Summer Time),CD03251122,CD,Iconic Greek Islands - 3Nights (Mar & Nov),3DICONICWINTER,CUG,3,Sat Nov 22 2025 00:00:00 GMT+0000 (Greenwich Mean Time),IC,"PUBLISHED Autumn Campaign, CELESTYAL ONE","PROMO, TARIFF",GBP,349,109,229,199,472
Wed Oct 22 2025 01:00:00 GMT+0100 (British Summer Time),CD03251122,CD,Iconic Greek Islands - 3Nights (Mar & Nov),3DICONICWINTER,CUG,3,Sat Nov 22 2025 00:00:00 GMT+0000 (Greenwich Mean Time),XD,"PUBLISHED Autumn Campaign, CELESTYAL ONE","PROMO, TARIFF",USD,569,149,299,269,810
Wed Oct 22 2025 01:00:00 GMT+0100 (British Summer Time),CD03251122,CD,Iconic Greek Islands - 3Nights (Mar & Nov),3DICONICWINTER,BAR,3,Sat Nov 22 2025 00:00:00 GMT+0000 (Greenwich Mean Time),XB,"PUBLISHED Autumn Campaign, CELESTYAL ONE","PROMO, TARIFF",AUD,699,209,419,379,953
Wed Oct 22 2025 01:00:00 GMT+0100 (British Summer Time),CD03251122,CD,Iconic Greek Islands - 3Nights (Mar & Nov),3DICONICWINTER,CUG,3,Sat Nov 22 2025 00:00:00 GMT+0000 (Greenwich Mean Time),XA,"CELESTYAL ONE, Closed User Group rates","TARIFF, PROMO",USD,289,149,0,0,975
Wed Oct 22 2025 01:00:00 GMT+0100 (British Summer Time),CD03251122,CD,Iconic Greek Islands - 3Nights (Mar & Nov),3DICONICWINTER,CUG,3,Sat Nov 22 2025 00:00:00 GMT+0000 (Greenwich Mean Time),XB,"CELESTYAL ONE, Closed User Group rates","TARIFF, PROMO",USD,289,149,229,149,1033
Wed Oct 22 2025 01:00:00 GMT+0100 (British Summer Time),CD03251212,CD,Iconic Arabia - 3Nights,3NARABIANICONIC,BAR,3,Fri Dec 12 2025 00:00:00 GMT+0000 (Greenwich Mean Time),XBO,"PUBLISHED Autumn Campaign, CELESTYAL ONE","PROMO, TARIFF",EUR,539,99,0,99,251
Wed Oct 22 2025 01:00:00 GMT+0100 (British Summer Time),CD03251212,CD,Iconic Arabia - 3Nights,3NARABIANICONIC,BAR,3,Fri Dec 12 2025 00:00:00 GMT+0000 (Greenwich Mean Time),XC,"PUBLISHED Autumn Campaign, CELESTYAL ONE","PROMO, TARIFF",GBP,549,89,299,89,252
Wed Oct 22 2025 01:00:00 GMT+0100 (British Summer Time),CD03251212,CD,Iconic Arabia - 3Nights,3NARABIANICONIC,BAR,3,Fri Dec 12 2025 00:00:00 GMT+0000 (Greenwich Mean Time),IB,"PUBLISHED Autumn Campaign, CELESTYAL ONE","PROMO, TARIFF",USD,539,109,0,0,243
Wed Oct 22 2025 01:00:00 GMT+0100 (British Summer Time),CD03251212,CD,Iconic Arabia - 3Nights,3NARABIANICONIC,BAR,3,Fri Dec 12 2025 00:00:00 GMT+0000 (Greenwich Mean Time),SH,"PUBLISHED Autumn Campaign, CELESTYAL ONE","PROMO, TARIFF",USD,1209,109,379,109,501
Wed Oct 22 2025 01:00:00 GMT+0100 (British Summer Time),CD03251212,CD,Iconic Arabia - 3Nights,3NARABIANICONIC,BAR,3,Fri Dec 12 2025 00:00:00 GMT+0000 (Greenwich Mean Time),XD,"PUBLISHED Autumn Campaign, CELESTYAL ONE","PROMO, TARIFF",EUR,659,99,329,99,311
Wed Oct 22 2025 01:00:00 GMT+0100 (British Summer Time),CD03251212,CD,Iconic Arabia - 3Nights,3NARABIANICONIC,BAR,3,Fri Dec 12 2025 00:00:00 GMT+0000 (Greenwich Mean Time),SG,"PUBLISHED Autumn Campaign, CELESTYAL ONE","PROMO, TARIFF",AUD,1609,159,539,159,673
Wed Oct 22 2025 01:00:00 GMT+0100 (British Summer Time),CD03251212,CD,Iconic Arabia - 3Nights,3NARABIANICONIC,BAR,3,Fri Dec 12 2025 00:00:00 GMT+0000 (Greenwich Mean Time),XB,"PUBLISHED Autumn Campaign, CELESTYAL ONE","PROMO, TARIFF",GBP,509,89,299,89,230
Wed Oct 22 2025 01:00:00 GMT+0100 (British Summer Time),CD03251212,CD,Iconic Arabia - 3Nights,3NARABIANICONIC,BAR,3,Fri Dec 12 2025 00:00:00 GMT+0000 (Greenwich Mean Time),IC,"PUBLISHED Autumn Campaign, CELESTYAL ONE","PROMO, TARIFF",GBP,459,89,0,89,209
Wed Oct 22 2025 01:00:00 GMT+0100 (British Summer Time),CD03251212,CD,Iconic Arabia - 3Nights,3NARABIANICONIC,CUG,3,Fri Dec 12 2025 00:00:00 GMT+0000 (Greenwich Mean Time),SJA,"CELESTYAL ONE, Closed User Group rates","TARIFF, PROMO",GBP,639,89,169,89,420
Wed Oct 22 2025 01:00:00 GMT+0100 (British Summer Time),CD03251212,CD,Iconic Arabia - 3Nights,3NARABIANICONIC,BAR,3,Fri Dec 12 2025 00:00:00 GMT+0000 (Greenwich Mean Time),SJB,"PUBLISHED Autumn Campaign, CELESTYAL ONE","PROMO, TARIFF",USD,1019,109,379,109,436
Wed Oct 22 2025 01:00:00 GMT+0100 (British Summer Time),CD03251212,CD,Iconic Arabia - 3Nights,3NARABIANICONIC,BAR,3,Fri Dec 12 2025 00:00:00 GMT+0000 (Greenwich Mean Time),IA,"PUBLISHED Autumn Campaign, CELESTYAL ONE","PROMO, TARIFF",AUD,689,159,0,159,297
Wed Oct 22 2025 01:00:00 GMT+0100 (British Summer Time),CD03251212,CD,Iconic Arabia - 3Nights,3NARABIANICONIC,CUG,3,Fri Dec 12 2025 00:00:00 GMT+0000 (Greenwich Mean Time),XD,"CELESTYAL ONE, Closed User Group rates","TARIFF, PROMO",AUD,569,159,309,159,1001
Wed Oct 22 2025 01:00:00 GMT+0100 (British Summer Time),CD03251212,CD,Iconic Arabia - 3Nights,3NARABIANICONIC,BAR,3,Fri Dec 12 2025 00:00:00 GMT+0000 (Greenwich Mean Time),SH,"PUBLISHED Autumn Campaign, CELESTYAL ONE","PROMO, TARIFF",AUD,1689,159,539,159,707
Wed Oct 22 2025 01:00:00 GMT+0100 (British Summer Time),CD03251212,CD,Iconic Arabia - 3Nights,3NARABIANICONIC,CUG,3,Fri Dec 12 2025 00:00:00 GMT+0000 (Greenwich Mean Time),IA,"CELESTYAL ONE, Closed User Group rates","TARIFF, PROMO",USD,279,109,0,109,422
Wed Oct 22 2025 01:00:00 GMT+0100 (British Summer Time),CD03251212,CD,Iconic Arabia - 3Nights,3NARABIANICONIC,CUG,3,Fri Dec 12 2025 00:00:00 GMT+0000 (Greenwich Mean Time),SH,"CELESTYAL ONE, Closed User Group rates","TARIFF, PROMO",USD,1019,109,209,109,691
Wed Oct 22 2025 01:00:00 GMT+0100 (British Summer Time),CD03251212,CD,Iconic Arabia - 3Nights,3NARABIANICONIC,CUG,3,Fri Dec 12 2025 00:00:00 GMT+0000 (Greenwich Mean Time),SH,"CELESTYAL ONE, Closed User Group rates","TARIFF, PROMO",GBP,779,89,169,89,539
Wed Oct 22 2025 01:00:00 GMT+0100 (British Summer Time),CD03251212,CD,Iconic Arabia - 3Nights,3NARABIANICONIC,CUG,3,Fri Dec 12 2025 00:00:00 GMT+0000 (Greenwich Mean Time),BA,"CELESTYAL ONE, Closed User Group rates","TARIFF, PROMO",AUD,909,159,0,0,839
Wed Oct 22 2025 01:00:00 GMT+0100 (British Summer Time),CD03251212,CD,Iconic Arabia - 3Nights,3NARABIANICONIC,BAR,3,Fri Dec 12 2025 00:00:00 GMT+0000 (Greenwich Mean Time),SH,"PUBLISHED Autumn Campaign, CELESTYAL ONE","PROMO, TARIFF",EUR,1049,99,329,99,431
Wed Oct 22 2025 01:00:00 GMT+0100 (British Summer Time),CD03251212,CD,Iconic Arabia - 3Nights,3NARABIANICONIC,CUG,3,Fri Dec 12 2025 00:00:00 GMT+0000 (Greenwich Mean Time),IB,"CELESTYAL ONE, Closed User Group rates","TARIFF, PROMO",EUR,269,99,0,0,411
Wed Oct 22 2025 01:00:00 GMT+0100 (British Summer Time),CD03251212,CD,Iconic Arabia - 3Nights,3NARABIANICONIC,BAR,3,Fri Dec 12 2025 00:00:00 GMT+0000 (Greenwich Mean Time),SJA,"PUBLISHED Autumn Campaign, CELESTYAL ONE","PROMO, TARIFF",GBP,749,89,299,89,310
Wed Oct 22 2025 01:00:00 GMT+0100 (British Summer Time),CD03251212,CD,Iconic Arabia - 3Nights,3NARABIANICONIC,BAR,3,Fri Dec 12 2025 00:00:00 GMT+0000 (Greenwich Mean Time),IC,"PUBLISHED Autumn Campaign, CELESTYAL ONE","PROMO, TARIFF",AUD,829,159,0,159,384
Wed Oct 22 2025 01:00:00 GMT+0100 (British Summer Time),CD03251212,CD,Iconic Arabia - 3Nights,3NARABIANICONIC,CUG,3,Fri Dec 12 2025 00:00:00 GMT+0000 (Greenwich Mean Time),SJB,"CELESTYAL ONE, Closed User Group rates","TARIFF, PROMO",USD,869,109,209,109,586
Wed Oct 22 2025 01:00:00 GMT+0100 (British Summer Time),CD03251212,CD,Iconic Arabia - 3Nights,3NARABIANICONIC,CUG,3,Fri Dec 12 2025 00:00:00 GMT+0000 (Greenwich Mean Time),IC,"CELESTYAL ONE, Closed User Group rates","TARIFF, PROMO",GBP,259,89,0,89,409
Wed Oct 22 2025 01:00:00 GMT+0100 (British Summer Time),CD03251212,CD,Iconic Arabia - 3Nights,3NARABIANICONIC,BAR,3,Fri Dec 12 2025 00:00:00 GMT+0000 (Greenwich Mean Time),XB,"PUBLISHED Autumn Campaign, CELESTYAL ONE","PROMO, TARIFF",USD,649,109,379,109,307
Wed Oct 22 2025 01:00:00 GMT+0100 (British Summer Time),CD03251212,CD,Iconic Arabia - 3Nights,3NARABIANICONIC,CUG,3,Fri Dec 12 2025 00:00:00 GMT+0000 (Greenwich Mean Time),SJA,"CELESTYAL ONE, Closed User Group rates","TARIFF, PROMO",AUD,1159,159,309,159,767
Wed Oct 22 2025 01:00:00 GMT+0100 (British Summer Time),CD03251212,CD,Iconic Arabia - 3Nights,3NARABIANICONIC,CUG,3,Fri Dec 12 2025 00:00:00 GMT+0000 (Greenwich Mean Time),XB,"CELESTYAL ONE, Closed User Group rates","TARIFF, PROMO",GBP,279,89,169,89,460
Wed Oct 22 2025 01:00:00 GMT+0100 (British Summer Time),CD03251212,CD,Iconic Arabia - 3Nights,3NARABIANICONIC,CUG,3,Fri Dec 12 2025 00:00:00 GMT+0000 (Greenwich Mean Time),XB,"CELESTYAL ONE, Closed User Group rates","TARIFF, PROMO",AUD,499,159,309,159,844
Wed Oct 22 2025 01:00:00 GMT+0100 (British Summer Time),CD03251212,CD,Iconic Arabia - 3Nights,3NARABIANICONIC,CUG,3,Fri Dec 12 2025 00:00:00 GMT+0000 (Greenwich Mean Time),SJA,"CELESTYAL ONE, Closed User Group rates","TARIFF, PROMO",EUR,719,99,189,99,471
Wed Oct 22 2025 01:00:00 GMT+0100 (British Summer Time),CD03251212,CD,Iconic Arabia - 3Nights,3NARABIANICONIC,CUG,3,Fri Dec 12 2025 00:00:00 GMT+0000 (Greenwich Mean Time),XBO,"CELESTYAL ONE, Closed User Group rates","TARIFF, PROMO",USD,339,109,0,109,571
Wed Oct 22 2025 01:00:00 GMT+0100 (British Summer Time),CD03251212,CD,Iconic Arabia - 3Nights,3NARABIANICONIC,CUG,3,Fri Dec 12 2025 00:00:00 GMT+0000 (Greenwich Mean Time),XC,"CELESTYAL ONE, Closed User Group rates","TARIFF, PROMO",EUR,329,99,189,99,571
Wed Oct 22 2025 01:00:00 GMT+0100 (British Summer Time),CD03251212,CD,Iconic Arabia - 3Nights,3NARABIANICONIC,CUG,3,Fri Dec 12 2025 00:00:00 GMT+0000 (Greenwich Mean Time),SH,"CELESTYAL ONE, Closed User Group rates","TARIFF, PROMO",AUD,1419,159,309,159,977
Wed Oct 22 2025 01:00:00 GMT+0100 (British Summer Time),CD03251212,CD,Iconic Arabia - 3Nights,3NARABIANICONIC,CUG,3,Fri Dec 12 2025 00:00:00 GMT+0000 (Greenwich Mean Time),IB,"CELESTYAL ONE, Closed User Group rates","TARIFF, PROMO",GBP,239,89,0,0,367
Wed Oct 22 2025 01:00:00 GMT+0100 (British Summer Time),CD03251212,CD,Iconic Arabia - 3Nights,3NARABIANICONIC,CUG,3,Fri Dec 12 2025 00:00:00 GMT+0000 (Greenwich Mean Time),XD,"CELESTYAL ONE, Closed User Group rates","TARIFF, PROMO",USD,399,109,209,109,720
Wed Oct 22 2025 01:00:00 GMT+0100 (British Summer Time),CD03251212,CD,Iconic Arabia - 3Nights,3NARABIANICONIC,CUG,3,Fri Dec 12 2025 00:00:00 GMT+0000 (Greenwich Mean Time),XC,"CELESTYAL ONE, Closed User Group rates","TARIFF, PROMO",GBP,299,89,169,89,502
Wed Oct 22 2025 01:00:00 GMT+0100 (British Summer Time),CD03251212,CD,Iconic Arabia - 3Nights,3NARABIANICONIC,CUG,3,Fri Dec 12 2025 00:00:00 GMT+0000 (Greenwich Mean Time),IC,"CELESTYAL ONE, Closed User Group rates","TARIFF, PROMO",USD,329,109,0,109,535
Wed Oct 22 2025 01:00:00 GMT+0100 (British Summer Time),CD03251212,CD,Iconic Arabia - 3Nights,3NARABIANICONIC,BAR,3,Fri Dec 12 2025 00:00:00 GMT+0000 (Greenwich Mean Time),IB,"PUBLISHED Autumn Campaign, CELESTYAL ONE","PROMO, TARIFF",EUR,469,99,0,0,211
Wed Oct 22 2025 01:00:00 GMT+0100 (British Summer Time),CD03251212,CD,Iconic Arabia - 3Nights,3NARABIANICONIC,BAR,3,Fri Dec 12 2025 00:00:00 GMT+0000 (Greenwich Mean Time),BA,"PUBLISHED Autumn Campaign, CELESTYAL ONE","PROMO, TARIFF",EUR,759,99,0,0,321
Wed Oct 22 2025 01:00:00 GMT+0100 (British Summer Time),CD03251212,CD,Iconic Arabia - 3Nights,3NARABIANICONIC,CUG,3,Fri Dec 12 2025 00:00:00 GMT+0000 (Greenwich Mean Time),IC,"CELESTYAL ONE, Closed User Group rates","TARIFF, PROMO",AUD,469,159,0,159,744
Wed Oct 22 2025 01:00:00 GMT+0100 (British Summer Time),CD03251212,CD,Iconic Arabia - 3Nights,3NARABIANICONIC,BAR,3,Fri Dec 12 2025 00:00:00 GMT+0000 (Greenwich Mean Time),SG,"PUBLISHED Autumn Campaign, CELESTYAL ONE","PROMO, TARIFF",EUR,999,99,329,99,411
Wed Oct 22 2025 01:00:00 GMT+0100 (British Summer Time),CD03251212,CD,Iconic Arabia - 3Nights,3NARABIANICONIC,BAR,3,Fri Dec 12 2025 00:00:00 GMT+0000 (Greenwich Mean Time),XD,"PUBLISHED Autumn Campaign, CELESTYAL ONE","PROMO, TARIFF",AUD,1059,159,539,159,511
Wed Oct 22 2025 01:00:00 GMT+0100 (British Summer Time),CD03251212,CD,Iconic Arabia - 3Nights,3NARABIANICONIC,CUG,3,Fri Dec 12 2025 00:00:00 GMT+0000 (Greenwich Mean Time),XBO,"CELESTYAL ONE, Closed User Group rates","TARIFF, PROMO",AUD,479,159,0,159,799
Wed Oct 22 2025 01:00:00 GMT+0100 (British Summer Time),CD03251212,CD,Iconic Arabia - 3Nights,3NARABIANICONIC,BAR,3,Fri Dec 12 2025 00:00:00 GMT+0000 (Greenwich Mean Time),BA,"PUBLISHED Autumn Campaign, CELESTYAL ONE","PROMO, TARIFF",AUD,1229,159,0,0,519
Wed Oct 22 2025 01:00:00 GMT+0100 (British Summer Time),CD03251212,CD,Iconic Arabia - 3Nights,3NARABIANICONIC,CUG,3,Fri Dec 12 2025 00:00:00 GMT+0000 (Greenwich Mean Time),XBO,"CELESTYAL ONE, Closed User Group rates","TARIFF, PROMO",EUR,299,99,0,99,491
Wed Oct 22 2025 01:00:00 GMT+0100 (British Summer Time),CD03251212,CD,Iconic Arabia - 3Nights,3NARABIANICONIC,CUG,3,Fri Dec 12 2025 00:00:00 GMT+0000 (Greenwich Mean Time),XBO,"CELESTYAL ONE, Closed User Group rates","TARIFF, PROMO",GBP,269,89,0,89,434
Wed Oct 22 2025 01:00:00 GMT+0100 (British Summer Time),CD03251212,CD,Iconic Arabia - 3Nights,3NARABIANICONIC,BAR,3,Fri Dec 12 2025 00:00:00 GMT+0000 (Greenwich Mean Time),XBO,"PUBLISHED Autumn Campaign, CELESTYAL ONE","PROMO, TARIFF",AUD,879,159,0,159,399
Wed Oct 22 2025 01:00:00 GMT+0100 (British Summer Time),CD03251212,CD,Iconic Arabia - 3Nights,3NARABIANICONIC,CUG,3,Fri Dec 12 2025 00:00:00 GMT+0000 (Greenwich Mean Time),IC,"CELESTYAL ONE, Closed User Group rates","TARIFF, PROMO",EUR,289,99,0,99,461
Wed Oct 22 2025 01:00:00 GMT+0100 (British Summer Time),CD03251212,CD,Iconic Arabia - 3Nights,3NARABIANICONIC,BAR,3,Fri Dec 12 2025 00:00:00 GMT+0000 (Greenwich Mean Time),XB,"PUBLISHED Autumn Campaign, CELESTYAL ONE","PROMO, TARIFF",AUD,919,159,539,159,424
Wed Oct 22 2025 01:00:00 GMT+0100 (British Summer Time),CD03251212,CD,Iconic Arabia - 3Nights,3NARABIANICONIC,CUG,3,Fri Dec 12 2025 00:00:00 GMT+0000 (Greenwich Mean Time),XB,"CELESTYAL ONE, Closed User Group rates","TARIFF, PROMO",USD,359,109,209,109,597
Wed Oct 22 2025 01:00:00 GMT+0100 (British Summer Time),CD03251212,CD,Iconic Arabia - 3Nights,3NARABIANICONIC,CUG,3,Fri Dec 12 2025 00:00:00 GMT+0000 (Greenwich Mean Time),SJA,"CELESTYAL ONE, Closed User Group rates","TARIFF, PROMO",USD,829,109,209,109,545
Wed Oct 22 2025 01:00:00 GMT+0100 (British Summer Time),CD03251212,CD,Iconic Arabia - 3Nights,3NARABIANICONIC,BAR,3,Fri Dec 12 2025 00:00:00 GMT+0000 (Greenwich Mean Time),SG,"PUBLISHED Autumn Campaign, CELESTYAL ONE","PROMO, TARIFF",USD,1149,109,379,109,480
Wed Oct 22 2025 01:00:00 GMT+0100 (British Summer Time),CD03251212,CD,Iconic Arabia - 3Nights,3NARABIANICONIC,CUG,3,Fri Dec 12 2025 00:00:00 GMT+0000 (Greenwich Mean Time),SJB,"CELESTYAL ONE, Closed User Group rates","TARIFF, PROMO",AUD,1219,159,309,159,820
Wed Oct 22 2025 01:00:00 GMT+0100 (British Summer Time),CD03251212,CD,Iconic Arabia - 3Nights,3NARABIANICONIC,BAR,3,Fri Dec 12 2025 00:00:00 GMT+0000 (Greenwich Mean Time),IB,"PUBLISHED Autumn Campaign, CELESTYAL ONE","PROMO, TARIFF",GBP,419,89,0,0,187
Wed Oct 22 2025 01:00:00 GMT+0100 (British Summer Time),CD03251212,CD,Iconic Arabia - 3Nights,3NARABIANICONIC,CUG,3,Fri Dec 12 2025 00:00:00 GMT+0000 (Greenwich Mean Time),SJB,"CELESTYAL ONE, Closed User Group rates","TARIFF, PROMO",EUR,759,99,189,99,501
Wed Oct 22 2025 01:00:00 GMT+0100 (British Summer Time),CD03251212,CD,Iconic Arabia - 3Nights,3NARABIANICONIC,BAR,3,Fri Dec 12 2025 00:00:00 GMT+0000 (Greenwich Mean Time),IC,"PUBLISHED Autumn Campaign, CELESTYAL ONE","PROMO, TARIFF",USD,589,109,0,109,275
Wed Oct 22 2025 01:00:00 GMT+0100 (British Summer Time),CD03251212,CD,Iconic Arabia - 3Nights,3NARABIANICONIC,BAR,3,Fri Dec 12 2025 00:00:00 GMT+0000 (Greenwich Mean Time),XC,"PUBLISHED Autumn Campaign, CELESTYAL ONE","PROMO, TARIFF",EUR,609,99,329,99,291
Wed Oct 22 2025 01:00:00 GMT+0100 (British Summer Time),CD03251212,CD,Iconic Arabia - 3Nights,3NARABIANICONIC,CUG,3,Fri Dec 12 2025 00:00:00 GMT+0000 (Greenwich Mean Time),IA,"CELESTYAL ONE, Closed User Group rates","TARIFF, PROMO",GBP,219,89,0,89,324
Wed Oct 22 2025 01:00:00 GMT+0100 (British Summer Time),CD03251212,CD,Iconic Arabia - 3Nights,3NARABIANICONIC,CUG,3,Fri Dec 12 2025 00:00:00 GMT+0000 (Greenwich Mean Time),SG,"CELESTYAL ONE, Closed User Group rates","TARIFF, PROMO",USD,969,109,209,109,660
Wed Oct 22 2025 01:00:00 GMT+0100 (British Summer Time),CD03251212,CD,Iconic Arabia - 3Nights,3NARABIANICONIC,BAR,3,Fri Dec 12 2025 00:00:00 GMT+0000 (Greenwich Mean Time),BA,"PUBLISHED Autumn Campaign, CELESTYAL ONE","PROMO, TARIFF",GBP,679,89,0,0,283
Wed Oct 22 2025 01:00:00 GMT+0100 (British Summer Time),CD03251212,CD,Iconic Arabia - 3Nights,3NARABIANICONIC,CUG,3,Fri Dec 12 2025 00:00:00 GMT+0000 (Greenwich Mean Time),XD,"CELESTYAL ONE, Closed User Group rates","TARIFF, PROMO",EUR,349,99,189,99,621
Wed Oct 22 2025 01:00:00 GMT+0100 (British Summer Time),CD03251212,CD,Iconic Arabia - 3Nights,3NARABIANICONIC,BAR,3,Fri Dec 12 2025 00:00:00 GMT+0000 (Greenwich Mean Time),IB,"PUBLISHED Autumn Campaign, CELESTYAL ONE","PROMO, TARIFF",AUD,759,159,0,0,341
Wed Oct 22 2025 01:00:00 GMT+0100 (British Summer Time),CD03251212,CD,Iconic Arabia - 3Nights,3NARABIANICONIC,BAR,3,Fri Dec 12 2025 00:00:00 GMT+0000 (Greenwich Mean Time),XBO,"PUBLISHED Autumn Campaign, CELESTYAL ONE","PROMO, TARIFF",GBP,479,89,0,89,224
Wed Oct 22 2025 01:00:00 GMT+0100 (British Summer Time),CD03251212,CD,Iconic Arabia - 3Nights,3NARABIANICONIC,BAR,3,Fri Dec 12 2025 00:00:00 GMT+0000 (Greenwich Mean Time),BA,"PUBLISHED Autumn Campaign, CELESTYAL ONE","PROMO, TARIFF",USD,879,109,0,0,367
Wed Oct 22 2025 01:00:00 GMT+0100 (British Summer Time),CD03251212,CD,Iconic Arabia - 3Nights,3NARABIANICONIC,BAR,3,Fri Dec 12 2025 00:00:00 GMT+0000 (Greenwich Mean Time),XBO,"PUBLISHED Autumn Campaign, CELESTYAL ONE","PROMO, TARIFF",USD,619,109,0,109,291
Wed Oct 22 2025 01:00:00 GMT+0100 (British Summer Time),CD03251212,CD,Iconic Arabia - 3Nights,3NARABIANICONIC,CUG,3,Fri Dec 12 2025 00:00:00 GMT+0000 (Greenwich Mean Time),XC,"CELESTYAL ONE, Closed User Group rates","TARIFF, PROMO",USD,379,109,209,109,659
Wed Oct 22 2025 01:00:00 GMT+0100 (British Summer Time),CD03251212,CD,Iconic Arabia - 3Nights,3NARABIANICONIC,CUG,3,Fri Dec 12 2025 00:00:00 GMT+0000 (Greenwich Mean Time),IB,"CELESTYAL ONE, Closed User Group rates","TARIFF, PROMO",AUD,429,159,0,0,671
Wed Oct 22 2025 01:00:00 GMT+0100 (British Summer Time),CD03251212,CD,Iconic Arabia - 3Nights,3NARABIANICONIC,BAR,3,Fri Dec 12 2025 00:00:00 GMT+0000 (Greenwich Mean Time),XC,"PUBLISHED Autumn Campaign, CELESTYAL ONE","PROMO, TARIFF",USD,699,109,379,109,339
Wed Oct 22 2025 01:00:00 GMT+0100 (British Summer Time),CD03251212,CD,Iconic Arabia - 3Nights,3NARABIANICONIC,CUG,3,Fri Dec 12 2025 00:00:00 GMT+0000 (Greenwich Mean Time),SG,"CELESTYAL ONE, Closed User Group rates","TARIFF, PROMO",AUD,1359,159,309,159,923
Wed Oct 22 2025 01:00:00 GMT+0100 (British Summer Time),CD03251212,CD,Iconic Arabia - 3Nights,3NARABIANICONIC,BAR,3,Fri Dec 12 2025 00:00:00 GMT+0000 (Greenwich Mean Time),SJB,"PUBLISHED Autumn Campaign, CELESTYAL ONE","PROMO, TARIFF",GBP,789,89,299,89,333
Wed Oct 22 2025 01:00:00 GMT+0100 (British Summer Time),CD03251212,CD,Iconic Arabia - 3Nights,3NARABIANICONIC,CUG,3,Fri Dec 12 2025 00:00:00 GMT+0000 (Greenwich Mean Time),IB,"CELESTYAL ONE, Closed User Group rates","TARIFF, PROMO",USD,309,109,0,0,473
Wed Oct 22 2025 01:00:00 GMT+0100 (British Summer Time),CD03251212,CD,Iconic Arabia - 3Nights,3NARABIANICONIC,BAR,3,Fri Dec 12 2025 00:00:00 GMT+0000 (Greenwich Mean Time),SJB,"PUBLISHED Autumn Campaign, CELESTYAL ONE","PROMO, TARIFF",AUD,1429,159,539,159,610
Wed Oct 22 2025 01:00:00 GMT+0100 (British Summer Time),CD03251212,CD,Iconic Arabia - 3Nights,3NARABIANICONIC,BAR,3,Fri Dec 12 2025 00:00:00 GMT+0000 (Greenwich Mean Time),SJB,"PUBLISHED Autumn Campaign, CELESTYAL ONE","PROMO, TARIFF",EUR,879,99,329,99,381
Wed Oct 22 2025 01:00:00 GMT+0100 (British Summer Time),CD03251212,CD,Iconic Arabia - 3Nights,3NARABIANICONIC,CUG,3,Fri Dec 12 2025 00:00:00 GMT+0000 (Greenwich Mean Time),SJB,"CELESTYAL ONE, Closed User Group rates","TARIFF, PROMO",GBP,669,89,169,89,453
Wed Oct 22 2025 01:00:00 GMT+0100 (British Summer Time),CD03251212,CD,Iconic Arabia - 3Nights,3NARABIANICONIC,BAR,3,Fri Dec 12 2025 00:00:00 GMT+0000 (Greenwich Mean Time),XC,"PUBLISHED Autumn Campaign, CELESTYAL ONE","PROMO, TARIFF",AUD,989,159,539,159,467
Wed Oct 22 2025 01:00:00 GMT+0100 (British Summer Time),CD03251212,CD,Iconic Arabia - 3Nights,3NARABIANICONIC,BAR,3,Fri Dec 12 2025 00:00:00 GMT+0000 (Greenwich Mean Time),SG,"PUBLISHED Autumn Campaign, CELESTYAL ONE","PROMO, TARIFF",GBP,889,89,299,89,366
Wed Oct 22 2025 01:00:00 GMT+0100 (British Summer Time),CD03251212,CD,Iconic Arabia - 3Nights,3NARABIANICONIC,BAR,3,Fri Dec 12 2025 00:00:00 GMT+0000 (Greenwich Mean Time),SJA,"PUBLISHED Autumn Campaign, CELESTYAL ONE","PROMO, TARIFF",USD,959,109,379,109,415
Wed Oct 22 2025 01:00:00 GMT+0100 (British Summer Time),CD03251212,CD,Iconic Arabia - 3Nights,3NARABIANICONIC,BAR,3,Fri Dec 12 2025 00:00:00 GMT+0000 (Greenwich Mean Time),XB,"PUBLISHED Autumn Campaign, CELESTYAL ONE","PROMO, TARIFF",EUR,569,99,329,99,261
Wed Oct 22 2025 01:00:00 GMT+0100 (British Summer Time),CD03251212,CD,Iconic Arabia - 3Nights,3NARABIANICONIC,BAR,3,Fri Dec 12 2025 00:00:00 GMT+0000 (Greenwich Mean Time),SH,"PUBLISHED Autumn Campaign, CELESTYAL ONE","PROMO, TARIFF",GBP,929,89,299,89,389
Wed Oct 22 2025 01:00:00 GMT+0100 (British Summer Time),CD03251212,CD,Iconic Arabia - 3Nights,3NARABIANICONIC,CUG,3,Fri Dec 12 2025 00:00:00 GMT+0000 (Greenwich Mean Time),IA,"CELESTYAL ONE, Closed User Group rates","TARIFF, PROMO",AUD,399,159,0,159,587
Wed Oct 22 2025 01:00:00 GMT+0100 (British Summer Time),CD03251212,CD,Iconic Arabia - 3Nights,3NARABIANICONIC,CUG,3,Fri Dec 12 2025 00:00:00 GMT+0000 (Greenwich Mean Time),BA,"CELESTYAL ONE, Closed User Group rates","TARIFF, PROMO",GBP,499,89,0,0,463
Wed Oct 22 2025 01:00:00 GMT+0100 (British Summer Time),CD03251212,CD,Iconic Arabia - 3Nights,3NARABIANICONIC,CUG,3,Fri Dec 12 2025 00:00:00 GMT+0000 (Greenwich Mean Time),XC,"CELESTYAL ONE, Closed User Group rates","TARIFF, PROMO",AUD,539,159,309,159,917
Wed Oct 22 2025 01:00:00 GMT+0100 (British Summer Time),CD03251212,CD,Iconic Arabia - 3Nights,3NARABIANICONIC,BAR,3,Fri Dec 12 2025 00:00:00 GMT+0000 (Greenwich Mean Time),IA,"PUBLISHED Autumn Campaign, CELESTYAL ONE","PROMO, TARIFF",GBP,379,89,0,89,164
Wed Oct 22 2025 01:00:00 GMT+0100 (British Summer Time),CD03251212,CD,Iconic Arabia - 3Nights,3NARABIANICONIC,CUG,3,Fri Dec 12 2025 00:00:00 GMT+0000 (Greenwich Mean Time),XD,"CELESTYAL ONE, Closed User Group rates","TARIFF, PROMO",GBP,309,89,169,89,555
Wed Oct 22 2025 01:00:00 GMT+0100 (British Summer Time),CD03251212,CD,Iconic Arabia - 3Nights,3NARABIANICONIC,BAR,3,Fri Dec 12 2025 00:00:00 GMT+0000 (Greenwich Mean Time),XD,"PUBLISHED Autumn Campaign, CELESTYAL ONE","PROMO, TARIFF",GBP,589,89,299,89,275
Wed Oct 22 2025 01:00:00 GMT+0100 (British Summer Time),CD03251212,CD,Iconic Arabia - 3Nights,3NARABIANICONIC,BAR,3,Fri Dec 12 2025 00:00:00 GMT+0000 (Greenwich Mean Time),IA,"PUBLISHED Autumn Campaign, CELESTYAL ONE","PROMO, TARIFF",USD,489,109,0,0,212
Wed Oct 22 2025 01:00:00 GMT+0100 (British Summer Time),CD03251212,CD,Iconic Arabia - 3Nights,3NARABIANICONIC,BAR,3,Fri Dec 12 2025 00:00:00 GMT+0000 (Greenwich Mean Time),SJA,"PUBLISHED Autumn Campaign, CELESTYAL ONE","PROMO, TARIFF",AUD,1349,159,539,159,577
Wed Oct 22 2025 01:00:00 GMT+0100 (British Summer Time),CD03251212,CD,Iconic Arabia - 3Nights,3NARABIANICONIC,BAR,3,Fri Dec 12 2025 00:00:00 GMT+0000 (Greenwich Mean Time),IC,"PUBLISHED Autumn Campaign, CELESTYAL ONE","PROMO, TARIFF",EUR,519,99,0,99,231
Wed Oct 22 2025 01:00:00 GMT+0100 (British Summer Time),CD03251212,CD,Iconic Arabia - 3Nights,3NARABIANICONIC,BAR,3,Fri Dec 12 2025 00:00:00 GMT+0000 (Greenwich Mean Time),SJA,"PUBLISHED Autumn Campaign, CELESTYAL ONE","PROMO, TARIFF",EUR,839,99,329,99,351
Wed Oct 22 2025 01:00:00 GMT+0100 (British Summer Time),CD03251212,CD,Iconic Arabia - 3Nights,3NARABIANICONIC,CUG,3,Fri Dec 12 2025 00:00:00 GMT+0000 (Greenwich Mean Time),BA,"CELESTYAL ONE, Closed User Group rates","TARIFF, PROMO",USD,649,109,0,0,597
Wed Oct 22 2025 01:00:00 GMT+0100 (British Summer Time),CD03251212,CD,Iconic Arabia - 3Nights,3NARABIANICONIC,CUG,3,Fri Dec 12 2025 00:00:00 GMT+0000 (Greenwich Mean Time),SG,"CELESTYAL ONE, Closed User Group rates","TARIFF, PROMO",GBP,749,89,169,89,506
Wed Oct 22 2025 01:00:00 GMT+0100 (British Summer Time),CD03251212,CD,Iconic Arabia - 3Nights,3NARABIANICONIC,CUG,3,Fri Dec 12 2025 00:00:00 GMT+0000 (Greenwich Mean Time),SH,"CELESTYAL ONE, Closed User Group rates","TARIFF, PROMO",EUR,879,99,189,99,601
Wed Oct 22 2025 01:00:00 GMT+0100 (British Summer Time),CD03251212,CD,Iconic Arabia - 3Nights,3NARABIANICONIC,CUG,3,Fri Dec 12 2025 00:00:00 GMT+0000 (Greenwich Mean Time),BA,"CELESTYAL ONE, Closed User Group rates","TARIFF, PROMO",EUR,569,99,0,0,511
Wed Oct 22 2025 01:00:00 GMT+0100 (British Summer Time),CD03251212,CD,Iconic Arabia - 3Nights,3NARABIANICONIC,CUG,3,Fri Dec 12 2025 00:00:00 GMT+0000 (Greenwich Mean Time),SG,"CELESTYAL ONE, Closed User Group rates","TARIFF, PROMO",EUR,839,99,189,99,571
Wed Oct 22 2025 01:00:00 GMT+0100 (British Summer Time),CD03251212,CD,Iconic Arabia - 3Nights,3NARABIANICONIC,BAR,3,Fri Dec 12 2025 00:00:00 GMT+0000 (Greenwich Mean Time),XD,"PUBLISHED Autumn Campaign, CELESTYAL ONE","PROMO, TARIFF",USD,759,109,379,109,360
Wed Oct 22 2025 01:00:00 GMT+0100 (British Summer Time),CD03251212,CD,Iconic Arabia - 3Nights,3NARABIANICONIC,CUG,3,Fri Dec 12 2025 00:00:00 GMT+0000 (Greenwich Mean Time),XB,"CELESTYAL ONE, Closed User Group rates","TARIFF, PROMO",EUR,309,99,189,99,521
Wed Oct 22 2025 01:00:00 GMT+0100 (British Summer Time),CD03251219,CD,Iconic Arabia - 3Nights,3NARABIANICONIC,CUG,3,Fri Dec 19 2025 00:00:00 GMT+0000 (Greenwich Mean Time),IC,"CELESTYAL ONE, Closed User Group rates","TARIFF, PROMO",AUD,469,159,0,159,744
Wed Oct 22 2025 01:00:00 GMT+0100 (British Summer Time),CD03251219,CD,Iconic Arabia - 3Nights,3NARABIANICONIC,BAR,3,Fri Dec 19 2025 00:00:00 GMT+0000 (Greenwich Mean Time),SJB,"PUBLISHED Autumn Campaign, CELESTYAL ONE","PROMO, TARIFF",GBP,829,89,409,89,293
Wed Oct 22 2025 01:00:00 GMT+0100 (British Summer Time),CD03251219,CD,Iconic Arabia - 3Nights,3NARABIANICONIC,BAR,3,Fri Dec 19 2025 00:00:00 GMT+0000 (Greenwich Mean Time),SJB,"PUBLISHED Autumn Campaign, CELESTYAL ONE","PROMO, TARIFF",USD,1079,109,529,109,376
Wed Oct 22 2025 01:00:00 GMT+0100 (British Summer Time),CD03251219,CD,Iconic Arabia - 3Nights,3NARABIANICONIC,BAR,3,Fri Dec 19 2025 00:00:00 GMT+0000 (Greenwich Mean Time),SJA,"PUBLISHED Autumn Campaign, CELESTYAL ONE","PROMO, TARIFF",USD,1019,109,529,109,355
Wed Oct 22 2025 01:00:00 GMT+0100 (British Summer Time),CD03251219,CD,Iconic Arabia - 3Nights,3NARABIANICONIC,CUG,3,Fri Dec 19 2025 00:00:00 GMT+0000 (Greenwich Mean Time),XB,"CELESTYAL ONE, Closed User Group rates","TARIFF, PROMO",GBP,279,89,169,89,460
Wed Oct 22 2025 01:00:00 GMT+0100 (British Summer Time),CD03251219,CD,Iconic Arabia - 3Nights,3NARABIANICONIC,BAR,3,Fri Dec 19 2025 00:00:00 GMT+0000 (Greenwich Mean Time),SH,"PUBLISHED Autumn Campaign, CELESTYAL ONE","PROMO, TARIFF",USD,1259,109,529,109,451
Wed Oct 22 2025 01:00:00 GMT+0100 (British Summer Time),CD03251219,CD,Iconic Arabia - 3Nights,3NARABIANICONIC,BAR,3,Fri Dec 19 2025 00:00:00 GMT+0000 (Greenwich Mean Time),IC,"PUBLISHED Autumn Campaign, CELESTYAL ONE","PROMO, TARIFF",USD,649,109,0,109,215
Wed Oct 22 2025 01:00:00 GMT+0100 (British Summer Time),CD03251219,CD,Iconic Arabia - 3Nights,3NARABIANICONIC,CUG,3,Fri Dec 19 2025 00:00:00 GMT+0000 (Greenwich Mean Time),IB,"CELESTYAL ONE, Closed User Group rates","TARIFF, PROMO",AUD,429,159,0,0,671
Wed Oct 22 2025 01:00:00 GMT+0100 (British Summer Time),CD03251219,CD,Iconic Arabia - 3Nights,3NARABIANICONIC,BAR,3,Fri Dec 19 2025 00:00:00 GMT+0000 (Greenwich Mean Time),XB,"PUBLISHED Autumn Campaign, CELESTYAL ONE","PROMO, TARIFF",GBP,559,89,409,89,180
Wed Oct 22 2025 01:00:00 GMT+0100 (British Summer Time),CD03251219,CD,Iconic Arabia - 3Nights,3NARABIANICONIC,BAR,3,Fri Dec 19 2025 00:00:00 GMT+0000 (Greenwich Mean Time),IB,"PUBLISHED Autumn Campaign, CELESTYAL ONE","PROMO, TARIFF",GBP,459,89,0,0,147
Wed Oct 22 2025 01:00:00 GMT+0100 (British Summer Time),CD03251219,CD,Iconic Arabia - 3Nights,3NARABIANICONIC,BAR,3,Fri Dec 19 2025 00:00:00 GMT+0000 (Greenwich Mean Time),BA,"PUBLISHED Autumn Campaign, CELESTYAL ONE","PROMO, TARIFF",USD,929,109,0,0,317
Wed Oct 22 2025 01:00:00 GMT+0100 (British Summer Time),CD03251219,CD,Iconic Arabia - 3Nights,3NARABIANICONIC,BAR,3,Fri Dec 19 2025 00:00:00 GMT+0000 (Greenwich Mean Time),SH,"PUBLISHED Autumn Campaign, CELESTYAL ONE","PROMO, TARIFF",GBP,969,89,409,89,349
Wed Oct 22 2025 01:00:00 GMT+0100 (British Summer Time),CD03251219,CD,Iconic Arabia - 3Nights,3NARABIANICONIC,BAR,3,Fri Dec 19 2025 00:00:00 GMT+0000 (Greenwich Mean Time),XC,"PUBLISHED Autumn Campaign, CELESTYAL ONE","PROMO, TARIFF",EUR,679,99,459,99,221
Wed Oct 22 2025 01:00:00 GMT+0100 (British Summer Time),CD03251219,CD,Iconic Arabia - 3Nights,3NARABIANICONIC,BAR,3,Fri Dec 19 2025 00:00:00 GMT+0000 (Greenwich Mean Time),XBO,"PUBLISHED Autumn Campaign, CELESTYAL ONE","PROMO, TARIFF",USD,689,109,0,109,221
Wed Oct 22 2025 01:00:00 GMT+0100 (British Summer Time),CD03251219,CD,Iconic Arabia - 3Nights,3NARABIANICONIC,BAR,3,Fri Dec 19 2025 00:00:00 GMT+0000 (Greenwich Mean Time),IB,"PUBLISHED Autumn Campaign, CELESTYAL ONE","PROMO, TARIFF",USD,599,109,0,0,183
Wed Oct 22 2025 01:00:00 GMT+0100 (British Summer Time),CD03251219,CD,Iconic Arabia - 3Nights,3NARABIANICONIC,BAR,3,Fri Dec 19 2025 00:00:00 GMT+0000 (Greenwich Mean Time),SJA,"PUBLISHED Autumn Campaign, CELESTYAL ONE","PROMO, TARIFF",EUR,889,99,459,99,301
Wed Oct 22 2025 01:00:00 GMT+0100 (British Summer Time),CD03251219,CD,Iconic Arabia - 3Nights,3NARABIANICONIC,BAR,3,Fri Dec 19 2025 00:00:00 GMT+0000 (Greenwich Mean Time),XB,"PUBLISHED Autumn Campaign, CELESTYAL ONE","PROMO, TARIFF",USD,719,109,529,109,237
Wed Oct 22 2025 01:00:00 GMT+0100 (British Summer Time),CD03251219,CD,Iconic Arabia - 3Nights,3NARABIANICONIC,BAR,3,Fri Dec 19 2025 00:00:00 GMT+0000 (Greenwich Mean Time),XC,"PUBLISHED Autumn Campaign, CELESTYAL ONE","PROMO, TARIFF",USD,779,109,529,109,259
Wed Oct 22 2025 01:00:00 GMT+0100 (British Summer Time),CD03251219,CD,Iconic Arabia - 3Nights,3NARABIANICONIC,CUG,3,Fri Dec 19 2025 00:00:00 GMT+0000 (Greenwich Mean Time),SJB,"CELESTYAL ONE, Closed User Group rates","TARIFF, PROMO",USD,869,109,209,109,586
Wed Oct 22 2025 01:00:00 GMT+0100 (British Summer Time),CD03251219,CD,Iconic Arabia - 3Nights,3NARABIANICONIC,CUG,3,Fri Dec 19 2025 00:00:00 GMT+0000 (Greenwich Mean Time),SJA,"CELESTYAL ONE, Closed User Group rates","TARIFF, PROMO",USD,829,109,209,109,545
Wed Oct 22 2025 01:00:00 GMT+0100 (British Summer Time),CD03251219,CD,Iconic Arabia - 3Nights,3NARABIANICONIC,CUG,3,Fri Dec 19 2025 00:00:00 GMT+0000 (Greenwich Mean Time),BA,"CELESTYAL ONE, Closed User Group rates","TARIFF, PROMO",GBP,499,89,0,0,463
Wed Oct 22 2025 01:00:00 GMT+0100 (British Summer Time),CD03251219,CD,Iconic Arabia - 3Nights,3NARABIANICONIC,CUG,3,Fri Dec 19 2025 00:00:00 GMT+0000 (Greenwich Mean Time),XA,"CELESTYAL ONE, Closed User Group rates","TARIFF, PROMO",AUD,479,159,0,0,799
Wed Oct 22 2025 01:00:00 GMT+0100 (British Summer Time),CD03251219,CD,Iconic Arabia - 3Nights,3NARABIANICONIC,BAR,3,Fri Dec 19 2025 00:00:00 GMT+0000 (Greenwich Mean Time),XD,"PUBLISHED Autumn Campaign, CELESTYAL ONE","PROMO, TARIFF",EUR,729,99,459,99,241
Wed Oct 22 2025 01:00:00 GMT+0100 (British Summer Time),CD03251219,CD,Iconic Arabia - 3Nights,3NARABIANICONIC,CUG,3,Fri Dec 19 2025 00:00:00 GMT+0000 (Greenwich Mean Time),SJB,"CELESTYAL ONE, Closed User Group rates","TARIFF, PROMO",AUD,1219,159,309,159,820
Wed Oct 22 2025 01:00:00 GMT+0100 (British Summer Time),CD03251219,CD,Iconic Arabia - 3Nights,3NARABIANICONIC,CUG,3,Fri Dec 19 2025 00:00:00 GMT+0000 (Greenwich Mean Time),IC,"CELESTYAL ONE, Closed User Group rates","TARIFF, PROMO",GBP,259,89,0,89,409
Wed Oct 22 2025 01:00:00 GMT+0100 (British Summer Time),CD03251219,CD,Iconic Arabia - 3Nights,3NARABIANICONIC,CUG,3,Fri Dec 19 2025 00:00:00 GMT+0000 (Greenwich Mean Time),XB,"CELESTYAL ONE, Closed User Group rates","TARIFF, PROMO",EUR,309,99,189,99,521
Wed Oct 22 2025 01:00:00 GMT+0100 (British Summer Time),CD03251219,CD,Iconic Arabia - 3Nights,3NARABIANICONIC,CUG,3,Fri Dec 19 2025 00:00:00 GMT+0000 (Greenwich Mean Time),XA,"CELESTYAL ONE, Closed User Group rates","TARIFF, PROMO",GBP,269,89,0,0,434
Wed Oct 22 2025 01:00:00 GMT+0100 (British Summer Time),CD03251219,CD,Iconic Arabia - 3Nights,3NARABIANICONIC,BAR,3,Fri Dec 19 2025 00:00:00 GMT+0000 (Greenwich Mean Time),BA,"PUBLISHED Autumn Campaign, CELESTYAL ONE","PROMO, TARIFF",GBP,719,89,0,0,243
Wed Oct 22 2025 01:00:00 GMT+0100 (British Summer Time),CD03251219,CD,Iconic Arabia - 3Nights,3NARABIANICONIC,CUG,3,Fri Dec 19 2025 00:00:00 GMT+0000 (Greenwich Mean Time),XC,"CELESTYAL ONE, Closed User Group rates","TARIFF, PROMO",EUR,329,99,189,99,571
Wed Oct 22 2025 01:00:00 GMT+0100 (British Summer Time),CD03251219,CD,Iconic Arabia - 3Nights,3NARABIANICONIC,CUG,3,Fri Dec 19 2025 00:00:00 GMT+0000 (Greenwich Mean Time),XBO,"CELESTYAL ONE, Closed User Group rates","TARIFF, PROMO",USD,339,109,0,109,571
Wed Oct 22 2025 01:00:00 GMT+0100 (British Summer Time),CD03251219,CD,Iconic Arabia - 3Nights,3NARABIANICONIC,CUG,3,Fri Dec 19 2025 00:00:00 GMT+0000 (Greenwich Mean Time),SG,"CELESTYAL ONE, Closed User Group rates","TARIFF, PROMO",GBP,749,89,169,89,506
Wed Oct 22 2025 01:00:00 GMT+0100 (British Summer Time),CD03251219,CD,Iconic Arabia - 3Nights,3NARABIANICONIC,BAR,3,Fri Dec 19 2025 00:00:00 GMT+0000 (Greenwich Mean Time),XD,"PUBLISHED Autumn Campaign, CELESTYAL ONE","PROMO, TARIFF",AUD,1179,159,739,159,391
Wed Oct 22 2025 01:00:00 GMT+0100 (British Summer Time),CD03251219,CD,Iconic Arabia - 3Nights,3NARABIANICONIC,BAR,3,Fri Dec 19 2025 00:00:00 GMT+0000 (Greenwich Mean Time),SG,"PUBLISHED Autumn Campaign, CELESTYAL ONE","PROMO, TARIFF",EUR,1039,99,459,99,371
Wed Oct 22 2025 01:00:00 GMT+0100 (British Summer Time),CD03251219,CD,Iconic Arabia - 3Nights,3NARABIANICONIC,BAR,3,Fri Dec 19 2025 00:00:00 GMT+0000 (Greenwich Mean Time),SH,"PUBLISHED Autumn Campaign, CELESTYAL ONE","PROMO, TARIFF",EUR,1089,99,459,99,391
Wed Oct 22 2025 01:00:00 GMT+0100 (British Summer Time),CD03251219,CD,Iconic Arabia - 3Nights,3NARABIANICONIC,BAR,3,Fri Dec 19 2025 00:00:00 GMT+0000 (Greenwich Mean Time),XA,"PUBLISHED Autumn Campaign, CELESTYAL ONE","PROMO, TARIFF",AUD,969,159,0,0,309
Wed Oct 22 2025 01:00:00 GMT+0100 (British Summer Time),CD03251219,CD,Iconic Arabia - 3Nights,3NARABIANICONIC,CUG,3,Fri Dec 19 2025 00:00:00 GMT+0000 (Greenwich Mean Time),SH,"CELESTYAL ONE, Closed User Group rates","TARIFF, PROMO",GBP,779,89,169,89,539
Wed Oct 22 2025 01:00:00 GMT+0100 (British Summer Time),CD03251219,CD,Iconic Arabia - 3Nights,3NARABIANICONIC,CUG,3,Fri Dec 19 2025 00:00:00 GMT+0000 (Greenwich Mean Time),SG,"CELESTYAL ONE, Closed User Group rates","TARIFF, PROMO",EUR,839,99,189,99,571
Wed Oct 22 2025 01:00:00 GMT+0100 (British Summer Time),CD03251219,CD,Iconic Arabia - 3Nights,3NARABIANICONIC,CUG,3,Fri Dec 19 2025 00:00:00 GMT+0000 (Greenwich Mean Time),XD,"CELESTYAL ONE, Closed User Group rates","TARIFF, PROMO",USD,399,109,209,109,720
Wed Oct 22 2025 01:00:00 GMT+0100 (British Summer Time),CD03251219,CD,Iconic Arabia - 3Nights,3NARABIANICONIC,BAR,3,Fri Dec 19 2025 00:00:00 GMT+0000 (Greenwich Mean Time),SG,"PUBLISHED Autumn Campaign, CELESTYAL ONE","PROMO, TARIFF",AUD,1689,159,739,159,593
Wed Oct 22 2025 01:00:00 GMT+0100 (British Summer Time),CD03251219,CD,Iconic Arabia - 3Nights,3NARABIANICONIC,CUG,3,Fri Dec 19 2025 00:00:00 GMT+0000 (Greenwich Mean Time),XC,"CELESTYAL ONE, Closed User Group rates","TARIFF, PROMO",GBP,299,89,169,89,502
Wed Oct 22 2025 01:00:00 GMT+0100 (British Summer Time),CD03251219,CD,Iconic Arabia - 3Nights,3NARABIANICONIC,BAR,3,Fri Dec 19 2025 00:00:00 GMT+0000 (Greenwich Mean Time),SG,"PUBLISHED Autumn Campaign, CELESTYAL ONE","PROMO, TARIFF",GBP,929,89,409,89,326
Wed Oct 22 2025 01:00:00 GMT+0100 (British Summer Time),CD03251219,CD,Iconic Arabia - 3Nights,3NARABIANICONIC,CUG,3,Fri Dec 19 2025 00:00:00 GMT+0000 (Greenwich Mean Time),XB,"CELESTYAL ONE, Closed User Group rates","TARIFF, PROMO",USD,359,109,209,109,597
Wed Oct 22 2025 01:00:00 GMT+0100 (British Summer Time),CD03251219,CD,Iconic Arabia - 3Nights,3NARABIANICONIC,CUG,3,Fri Dec 19 2025 00:00:00 GMT+0000 (Greenwich Mean Time),XD,"CELESTYAL ONE, Closed User Group rates","TARIFF, PROMO",AUD,569,159,309,159,1001
Wed Oct 22 2025 01:00:00 GMT+0100 (British Summer Time),CD03251219,CD,Iconic Arabia - 3Nights,3NARABIANICONIC,CUG,3,Fri Dec 19 2025 00:00:00 GMT+0000 (Greenwich Mean Time),BA,"CELESTYAL ONE, Closed User Group rates","TARIFF, PROMO",EUR,569,99,0,0,511
Wed Oct 22 2025 01:00:00 GMT+0100 (British Summer Time),CD03251219,CD,Iconic Arabia - 3Nights,3NARABIANICONIC,CUG,3,Fri Dec 19 2025 00:00:00 GMT+0000 (Greenwich Mean Time),SJA,"CELESTYAL ONE, Closed User Group rates","TARIFF, PROMO",EUR,719,99,189,99,471
Wed Oct 22 2025 01:00:00 GMT+0100 (British Summer Time),CD03251219,CD,Iconic Arabia - 3Nights,3NARABIANICONIC,BAR,3,Fri Dec 19 2025 00:00:00 GMT+0000 (Greenwich Mean Time),IB,"PUBLISHED Autumn Campaign, CELESTYAL ONE","PROMO, TARIFF",AUD,839,159,0,0,261
Wed Oct 22 2025 01:00:00 GMT+0100 (British Summer Time),CD03251219,CD,Iconic Arabia - 3Nights,3NARABIANICONIC,CUG,3,Fri Dec 19 2025 00:00:00 GMT+0000 (Greenwich Mean Time),SG,"CELESTYAL ONE, Closed User Group rates","TARIFF, PROMO",USD,969,109,209,109,660
Wed Oct 22 2025 01:00:00 GMT+0100 (British Summer Time),CD03251219,CD,Iconic Arabia - 3Nights,3NARABIANICONIC,CUG,3,Fri Dec 19 2025 00:00:00 GMT+0000 (Greenwich Mean Time),SH,"CELESTYAL ONE, Closed User Group rates","TARIFF, PROMO",USD,1019,109,209,109,691
Wed Oct 22 2025 01:00:00 GMT+0100 (British Summer Time),CD03251219,CD,Iconic Arabia - 3Nights,3NARABIANICONIC,BAR,3,Fri Dec 19 2025 00:00:00 GMT+0000 (Greenwich Mean Time),XBO,"PUBLISHED Autumn Campaign, CELESTYAL ONE","PROMO, TARIFF",AUD,969,159,0,159,309
Wed Oct 22 2025 01:00:00 GMT+0100 (British Summer Time),CD03251219,CD,Iconic Arabia - 3Nights,3NARABIANICONIC,CUG,3,Fri Dec 19 2025 00:00:00 GMT+0000 (Greenwich Mean Time),XB,"CELESTYAL ONE, Closed User Group rates","TARIFF, PROMO",AUD,499,159,309,159,844
Wed Oct 22 2025 01:00:00 GMT+0100 (British Summer Time),CD03251219,CD,Iconic Arabia - 3Nights,3NARABIANICONIC,BAR,3,Fri Dec 19 2025 00:00:00 GMT+0000 (Greenwich Mean Time),XA,"PUBLISHED Autumn Campaign, CELESTYAL ONE","PROMO, TARIFF",GBP,529,89,0,0,174
Wed Oct 22 2025 01:00:00 GMT+0100 (British Summer Time),CD03251219,CD,Iconic Arabia - 3Nights,3NARABIANICONIC,CUG,3,Fri Dec 19 2025 00:00:00 GMT+0000 (Greenwich Mean Time),SJA,"CELESTYAL ONE, Closed User Group rates","TARIFF, PROMO",GBP,639,89,169,89,420
Wed Oct 22 2025 01:00:00 GMT+0100 (British Summer Time),CD03251219,CD,Iconic Arabia - 3Nights,3NARABIANICONIC,CUG,3,Fri Dec 19 2025 00:00:00 GMT+0000 (Greenwich Mean Time),XC,"CELESTYAL ONE, Closed User Group rates","TARIFF, PROMO",AUD,539,159,309,159,917
Wed Oct 22 2025 01:00:00 GMT+0100 (British Summer Time),CD03251219,CD,Iconic Arabia - 3Nights,3NARABIANICONIC,CUG,3,Fri Dec 19 2025 00:00:00 GMT+0000 (Greenwich Mean Time),SH,"CELESTYAL ONE, Closed User Group rates","TARIFF, PROMO",EUR,879,99,189,99,601
Wed Oct 22 2025 01:00:00 GMT+0100 (British Summer Time),CD03251219,CD,Iconic Arabia - 3Nights,3NARABIANICONIC,BAR,3,Fri Dec 19 2025 00:00:00 GMT+0000 (Greenwich Mean Time),SJA,"PUBLISHED Autumn Campaign, CELESTYAL ONE","PROMO, TARIFF",AUD,1429,159,739,159,497
Wed Oct 22 2025 01:00:00 GMT+0100 (British Summer Time),CD03251219,CD,Iconic Arabia - 3Nights,3NARABIANICONIC,CUG,3,Fri Dec 19 2025 00:00:00 GMT+0000 (Greenwich Mean Time),IB,"CELESTYAL ONE, Closed User Group rates","TARIFF, PROMO",GBP,239,89,0,0,367
Wed Oct 22 2025 01:00:00 GMT+0100 (British Summer Time),CD03251219,CD,Iconic Arabia - 3Nights,3NARABIANICONIC,BAR,3,Fri Dec 19 2025 00:00:00 GMT+0000 (Greenwich Mean Time),XA,"PUBLISHED Autumn Campaign, CELESTYAL ONE","PROMO, TARIFF",USD,689,109,0,0,221
Wed Oct 22 2025 01:00:00 GMT+0100 (British Summer Time),CD03251219,CD,Iconic Arabia - 3Nights,3NARABIANICONIC,BAR,3,Fri Dec 19 2025 00:00:00 GMT+0000 (Greenwich Mean Time),XB,"PUBLISHED Autumn Campaign, CELESTYAL ONE","PROMO, TARIFF",AUD,1009,159,739,159,334
Wed Oct 22 2025 01:00:00 GMT+0100 (British Summer Time),CD03251219,CD,Iconic Arabia - 3Nights,3NARABIANICONIC,BAR,3,Fri Dec 19 2025 00:00:00 GMT+0000 (Greenwich Mean Time),XB,"PUBLISHED Autumn Campaign, CELESTYAL ONE","PROMO, TARIFF",EUR,629,99,459,99,201
Wed Oct 22 2025 01:00:00 GMT+0100 (British Summer Time),CD03251219,CD,Iconic Arabia - 3Nights,3NARABIANICONIC,BAR,3,Fri Dec 19 2025 00:00:00 GMT+0000 (Greenwich Mean Time),XBO,"PUBLISHED Autumn Campaign, CELESTYAL ONE","PROMO, TARIFF",EUR,599,99,0,99,191
Wed Oct 22 2025 01:00:00 GMT+0100 (British Summer Time),CD03251219,CD,Iconic Arabia - 3Nights,3NARABIANICONIC,BAR,3,Fri Dec 19 2025 00:00:00 GMT+0000 (Greenwich Mean Time),BA,"PUBLISHED Autumn Campaign, CELESTYAL ONE","PROMO, TARIFF",EUR,809,99,0,0,271
Wed Oct 22 2025 01:00:00 GMT+0100 (British Summer Time),CD03251219,CD,Iconic Arabia - 3Nights,3NARABIANICONIC,BAR,3,Fri Dec 19 2025 00:00:00 GMT+0000 (Greenwich Mean Time),SG,"PUBLISHED Autumn Campaign, CELESTYAL ONE","PROMO, TARIFF",USD,1199,109,529,109,430
Wed Oct 22 2025 01:00:00 GMT+0100 (British Summer Time),CD03251219,CD,Iconic Arabia - 3Nights,3NARABIANICONIC,CUG,3,Fri Dec 19 2025 00:00:00 GMT+0000 (Greenwich Mean Time),BA,"CELESTYAL ONE, Closed User Group rates","TARIFF, PROMO",AUD,909,159,0,0,839
Wed Oct 22 2025 01:00:00 GMT+0100 (British Summer Time),CD03251219,CD,Iconic Arabia - 3Nights,3NARABIANICONIC,CUG,3,Fri Dec 19 2025 00:00:00 GMT+0000 (Greenwich Mean Time),IC,"CELESTYAL ONE, Closed User Group rates","TARIFF, PROMO",EUR,289,99,0,99,461
Wed Oct 22 2025 01:00:00 GMT+0100 (British Summer Time),CD03251219,CD,Iconic Arabia - 3Nights,3NARABIANICONIC,CUG,3,Fri Dec 19 2025 00:00:00 GMT+0000 (Greenwich Mean Time),SH,"CELESTYAL ONE, Closed User Group rates","TARIFF, PROMO",AUD,1419,159,309,159,977
Wed Oct 22 2025 01:00:00 GMT+0100 (British Summer Time),CD03251219,CD,Iconic Arabia - 3Nights,3NARABIANICONIC,BAR,3,Fri Dec 19 2025 00:00:00 GMT+0000 (Greenwich Mean Time),SJB,"PUBLISHED Autumn Campaign, CELESTYAL ONE","PROMO, TARIFF",EUR,939,99,459,99,321
Wed Oct 22 2025 01:00:00 GMT+0100 (British Summer Time),CD03251219,CD,Iconic Arabia - 3Nights,3NARABIANICONIC,CUG,3,Fri Dec 19 2025 00:00:00 GMT+0000 (Greenwich Mean Time),BA,"CELESTYAL ONE, Closed User Group rates","TARIFF, PROMO",USD,649,109,0,0,597
Wed Oct 22 2025 01:00:00 GMT+0100 (British Summer Time),CD03251219,CD,Iconic Arabia - 3Nights,3NARABIANICONIC,BAR,3,Fri Dec 19 2025 00:00:00 GMT+0000 (Greenwich Mean Time),IC,"PUBLISHED Autumn Campaign, CELESTYAL ONE","PROMO, TARIFF",EUR,569,99,0,99,181
Wed Oct 22 2025 01:00:00 GMT+0100 (British Summer Time),CD03251219,CD,Iconic Arabia - 3Nights,3NARABIANICONIC,BAR,3,Fri Dec 19 2025 00:00:00 GMT+0000 (Greenwich Mean Time),IC,"PUBLISHED Autumn Campaign, CELESTYAL ONE","PROMO, TARIFF",AUD,919,159,0,159,294
Wed Oct 22 2025 01:00:00 GMT+0100 (British Summer Time),CD03251219,CD,Iconic Arabia - 3Nights,3NARABIANICONIC,CUG,3,Fri Dec 19 2025 00:00:00 GMT+0000 (Greenwich Mean Time),XC,"CELESTYAL ONE, Closed User Group rates","TARIFF, PROMO",USD,379,109,209,109,659
Wed Oct 22 2025 01:00:00 GMT+0100 (British Summer Time),CD03251219,CD,Iconic Arabia - 3Nights,3NARABIANICONIC,CUG,3,Fri Dec 19 2025 00:00:00 GMT+0000 (Greenwich Mean Time),IB,"CELESTYAL ONE, Closed User Group rates","TARIFF, PROMO",EUR,269,99,0,0,411
Wed Oct 22 2025 01:00:00 GMT+0100 (British Summer Time),CD03251219,CD,Iconic Arabia - 3Nights,3NARABIANICONIC,BAR,3,Fri Dec 19 2025 00:00:00 GMT+0000 (Greenwich Mean Time),SJA,"PUBLISHED Autumn Campaign, CELESTYAL ONE","PROMO, TARIFF",GBP,789,89,409,89,270
Wed Oct 22 2025 01:00:00 GMT+0100 (British Summer Time),CD03251219,CD,Iconic Arabia - 3Nights,3NARABIANICONIC,BAR,3,Fri Dec 19 2025 00:00:00 GMT+0000 (Greenwich Mean Time),XC,"PUBLISHED Autumn Campaign, CELESTYAL ONE","PROMO, TARIFF",GBP,599,89,409,89,202
Wed Oct 22 2025 01:00:00 GMT+0100 (British Summer Time),CD03251219,CD,Iconic Arabia - 3Nights,3NARABIANICONIC,CUG,3,Fri Dec 19 2025 00:00:00 GMT+0000 (Greenwich Mean Time),SJA,"CELESTYAL ONE, Closed User Group rates","TARIFF, PROMO",AUD,1159,159,309,159,767
Wed Oct 22 2025 01:00:00 GMT+0100 (British Summer Time),CD03251219,CD,Iconic Arabia - 3Nights,3NARABIANICONIC,CUG,3,Fri Dec 19 2025 00:00:00 GMT+0000 (Greenwich Mean Time),XBO,"CELESTYAL ONE, Closed User Group rates","TARIFF, PROMO",EUR,299,99,0,99,491
Wed Oct 22 2025 01:00:00 GMT+0100 (British Summer Time),CD03251219,CD,Iconic Arabia - 3Nights,3NARABIANICONIC,BAR,3,Fri Dec 19 2025 00:00:00 GMT+0000 (Greenwich Mean Time),IB,"PUBLISHED Autumn Campaign, CELESTYAL ONE","PROMO, TARIFF",EUR,519,99,0,0,161
Wed Oct 22 2025 01:00:00 GMT+0100 (British Summer Time),CD03251219,CD,Iconic Arabia - 3Nights,3NARABIANICONIC,BAR,3,Fri Dec 19 2025 00:00:00 GMT+0000 (Greenwich Mean Time),SJB,"PUBLISHED Autumn Campaign, CELESTYAL ONE","PROMO, TARIFF",AUD,1509,159,739,159,530
Wed Oct 22 2025 01:00:00 GMT+0100 (British Summer Time),CD03251219,CD,Iconic Arabia - 3Nights,3NARABIANICONIC,CUG,3,Fri Dec 19 2025 00:00:00 GMT+0000 (Greenwich Mean Time),XBO,"CELESTYAL ONE, Closed User Group rates","TARIFF, PROMO",GBP,269,89,0,89,434
Wed Oct 22 2025 01:00:00 GMT+0100 (British Summer Time),CD03251219,CD,Iconic Arabia - 3Nights,3NARABIANICONIC,CUG,3,Fri Dec 19 2025 00:00:00 GMT+0000 (Greenwich Mean Time),SJB,"CELESTYAL ONE, Closed User Group rates","TARIFF, PROMO",GBP,669,89,169,89,453
Wed Oct 22 2025 01:00:00 GMT+0100 (British Summer Time),CD03251219,CD,Iconic Arabia - 3Nights,3NARABIANICONIC,CUG,3,Fri Dec 19 2025 00:00:00 GMT+0000 (Greenwich Mean Time),XD,"CELESTYAL ONE, Closed User Group rates","TARIFF, PROMO",GBP,309,89,169,89,555
Wed Oct 22 2025 01:00:00 GMT+0100 (British Summer Time),CD03251219,CD,Iconic Arabia - 3Nights,3NARABIANICONIC,CUG,3,Fri Dec 19 2025 00:00:00 GMT+0000 (Greenwich Mean Time),XA,"CELESTYAL ONE, Closed User Group rates","TARIFF, PROMO",USD,339,109,0,0,571
Wed Oct 22 2025 01:00:00 GMT+0100 (British Summer Time),CD03251219,CD,Iconic Arabia - 3Nights,3NARABIANICONIC,BAR,3,Fri Dec 19 2025 00:00:00 GMT+0000 (Greenwich Mean Time),SH,"PUBLISHED Autumn Campaign, CELESTYAL ONE","PROMO, TARIFF",AUD,1769,159,739,159,627
Wed Oct 22 2025 01:00:00 GMT+0100 (British Summer Time),CD03251219,CD,Iconic Arabia - 3Nights,3NARABIANICONIC,BAR,3,Fri Dec 19 2025 00:00:00 GMT+0000 (Greenwich Mean Time),XD,"PUBLISHED Autumn Campaign, CELESTYAL ONE","PROMO, TARIFF",USD,839,109,529,109,280
Wed Oct 22 2025 01:00:00 GMT+0100 (British Summer Time),CD03251219,CD,Iconic Arabia - 3Nights,3NARABIANICONIC,CUG,3,Fri Dec 19 2025 00:00:00 GMT+0000 (Greenwich Mean Time),XA,"CELESTYAL ONE, Closed User Group rates","TARIFF, PROMO",EUR,299,99,0,0,491
Wed Oct 22 2025 01:00:00 GMT+0100 (British Summer Time),CD03251219,CD,Iconic Arabia - 3Nights,3NARABIANICONIC,CUG,3,Fri Dec 19 2025 00:00:00 GMT+0000 (Greenwich Mean Time),IB,"CELESTYAL ONE, Closed User Group rates","TARIFF, PROMO",USD,309,109,0,0,473
Wed Oct 22 2025 01:00:00 GMT+0100 (British Summer Time),CD03251219,CD,Iconic Arabia - 3Nights,3NARABIANICONIC,BAR,3,Fri Dec 19 2025 00:00:00 GMT+0000 (Greenwich Mean Time),XBO,"PUBLISHED Autumn Campaign, CELESTYAL ONE","PROMO, TARIFF",GBP,529,89,0,89,174
Wed Oct 22 2025 01:00:00 GMT+0100 (British Summer Time),CD03251219,CD,Iconic Arabia - 3Nights,3NARABIANICONIC,BAR,3,Fri Dec 19 2025 00:00:00 GMT+0000 (Greenwich Mean Time),IC,"PUBLISHED Autumn Campaign, CELESTYAL ONE","PROMO, TARIFF",GBP,509,89,0,89,159
Wed Oct 22 2025 01:00:00 GMT+0100 (British Summer Time),CD03251219,CD,Iconic Arabia - 3Nights,3NARABIANICONIC,BAR,3,Fri Dec 19 2025 00:00:00 GMT+0000 (Greenwich Mean Time),XD,"PUBLISHED Autumn Campaign, CELESTYAL ONE","PROMO, TARIFF",GBP,649,89,409,89,215
Wed Oct 22 2025 01:00:00 GMT+0100 (British Summer Time),CD03251219,CD,Iconic Arabia - 3Nights,3NARABIANICONIC,BAR,3,Fri Dec 19 2025 00:00:00 GMT+0000 (Greenwich Mean Time),BA,"PUBLISHED Autumn Campaign, CELESTYAL ONE","PROMO, TARIFF",AUD,1299,159,0,0,449
Wed Oct 22 2025 01:00:00 GMT+0100 (British Summer Time),CD03251219,CD,Iconic Arabia - 3Nights,3NARABIANICONIC,BAR,3,Fri Dec 19 2025 00:00:00 GMT+0000 (Greenwich Mean Time),XC,"PUBLISHED Autumn Campaign, CELESTYAL ONE","PROMO, TARIFF",AUD,1089,159,739,159,367
Wed Oct 22 2025 01:00:00 GMT+0100 (British Summer Time),CD03251219,CD,Iconic Arabia - 3Nights,3NARABIANICONIC,CUG,3,Fri Dec 19 2025 00:00:00 GMT+0000 (Greenwich Mean Time),XBO,"CELESTYAL ONE, Closed User Group rates","TARIFF, PROMO",AUD,479,159,0,159,799
Wed Oct 22 2025 01:00:00 GMT+0100 (British Summer Time),CD03251219,CD,Iconic Arabia - 3Nights,3NARABIANICONIC,BAR,3,Fri Dec 19 2025 00:00:00 GMT+0000 (Greenwich Mean Time),XA,"PUBLISHED Autumn Campaign, CELESTYAL ONE","PROMO, TARIFF",EUR,599,99,0,0,191
Wed Oct 22 2025 01:00:00 GMT+0100 (British Summer Time),CD03251219,CD,Iconic Arabia - 3Nights,3NARABIANICONIC,CUG,3,Fri Dec 19 2025 00:00:00 GMT+0000 (Greenwich Mean Time),XD,"CELESTYAL ONE, Closed User Group rates","TARIFF, PROMO",EUR,349,99,189,99,621
Wed Oct 22 2025 01:00:00 GMT+0100 (British Summer Time),CD03251219,CD,Iconic Arabia - 3Nights,3NARABIANICONIC,CUG,3,Fri Dec 19 2025 00:00:00 GMT+0000 (Greenwich Mean Time),SJB,"CELESTYAL ONE, Closed User Group rates","TARIFF, PROMO",EUR,759,99,189,99,501
Wed Oct 22 2025 01:00:00 GMT+0100 (British Summer Time),CD03251219,CD,Iconic Arabia - 3Nights,3NARABIANICONIC,CUG,3,Fri Dec 19 2025 00:00:00 GMT+0000 (Greenwich Mean Time),IC,"CELESTYAL ONE, Closed User Group rates","TARIFF, PROMO",USD,329,109,0,109,535
Wed Oct 22 2025 01:00:00 GMT+0100 (British Summer Time),CD03251219,CD,Iconic Arabia - 3Nights,3NARABIANICONIC,CUG,3,Fri Dec 19 2025 00:00:00 GMT+0000 (Greenwich Mean Time),SG,"CELESTYAL ONE, Closed User Group rates","TARIFF, PROMO",AUD,1359,159,309,159,923
Wed Oct 22 2025 01:00:00 GMT+0100 (British Summer Time),CD03251226,CD,Iconic Arabia - 3Nights,3NARABIANICONIC,BAR,3,Fri Dec 26 2025 00:00:00 GMT+0000 (Greenwich Mean Time),BA,"PUBLISHED Autumn Campaign, CELESTYAL ONE","PROMO, TARIFF",USD,929,109,0,0,317
Wed Oct 22 2025 01:00:00 GMT+0100 (British Summer Time),CD03251226,CD,Iconic Arabia - 3Nights,3NARABIANICONIC,CUG,3,Fri Dec 26 2025 00:00:00 GMT+0000 (Greenwich Mean Time),IB,"CELESTYAL ONE, Closed User Group rates","TARIFF, PROMO",GBP,239,89,0,0,367
Wed Oct 22 2025 01:00:00 GMT+0100 (British Summer Time),CD03251226,CD,Iconic Arabia - 3Nights,3NARABIANICONIC,CUG,3,Fri Dec 26 2025 00:00:00 GMT+0000 (Greenwich Mean Time),SG,"CELESTYAL ONE, Closed User Group rates","TARIFF, PROMO",GBP,749,89,169,89,506
Wed Oct 22 2025 01:00:00 GMT+0100 (British Summer Time),CD03251226,CD,Iconic Arabia - 3Nights,3NARABIANICONIC,CUG,3,Fri Dec 26 2025 00:00:00 GMT+0000 (Greenwich Mean Time),XBO,"CELESTYAL ONE, Closed User Group rates","TARIFF, PROMO",AUD,479,159,0,159,799
Wed Oct 22 2025 01:00:00 GMT+0100 (British Summer Time),CD03251226,CD,Iconic Arabia - 3Nights,3NARABIANICONIC,BAR,3,Fri Dec 26 2025 00:00:00 GMT+0000 (Greenwich Mean Time),XA,"PUBLISHED Autumn Campaign, CELESTYAL ONE","PROMO, TARIFF",USD,689,109,0,0,221
Wed Oct 22 2025 01:00:00 GMT+0100 (British Summer Time),CD03251226,CD,Iconic Arabia - 3Nights,3NARABIANICONIC,BAR,3,Fri Dec 26 2025 00:00:00 GMT+0000 (Greenwich Mean Time),XBO,"PUBLISHED Autumn Campaign, CELESTYAL ONE","PROMO, TARIFF",USD,689,109,0,109,221
Wed Oct 22 2025 01:00:00 GMT+0100 (British Summer Time),CD03251226,CD,Iconic Arabia - 3Nights,3NARABIANICONIC,CUG,3,Fri Dec 26 2025 00:00:00 GMT+0000 (Greenwich Mean Time),IC,"CELESTYAL ONE, Closed User Group rates","TARIFF, PROMO",AUD,469,159,0,159,744
Wed Oct 22 2025 01:00:00 GMT+0100 (British Summer Time),CD03251226,CD,Iconic Arabia - 3Nights,3NARABIANICONIC,BAR,3,Fri Dec 26 2025 00:00:00 GMT+0000 (Greenwich Mean Time),XC,"PUBLISHED Autumn Campaign, CELESTYAL ONE","PROMO, TARIFF",GBP,599,89,409,89,202
Wed Oct 22 2025 01:00:00 GMT+0100 (British Summer Time),CD03251226,CD,Iconic Arabia - 3Nights,3NARABIANICONIC,BAR,3,Fri Dec 26 2025 00:00:00 GMT+0000 (Greenwich Mean Time),XBO,"PUBLISHED Autumn Campaign, CELESTYAL ONE","PROMO, TARIFF",GBP,529,89,0,89,174
Wed Oct 22 2025 01:00:00 GMT+0100 (British Summer Time),CD03251226,CD,Iconic Arabia - 3Nights,3NARABIANICONIC,BAR,3,Fri Dec 26 2025 00:00:00 GMT+0000 (Greenwich Mean Time),IB,"PUBLISHED Autumn Campaign, CELESTYAL ONE","PROMO, TARIFF",USD,599,109,0,0,183
Wed Oct 22 2025 01:00:00 GMT+0100 (British Summer Time),CD03251226,CD,Iconic Arabia - 3Nights,3NARABIANICONIC,CUG,3,Fri Dec 26 2025 00:00:00 GMT+0000 (Greenwich Mean Time),XB,"CELESTYAL ONE, Closed User Group rates","TARIFF, PROMO",GBP,279,89,169,89,460
Wed Oct 22 2025 01:00:00 GMT+0100 (British Summer Time),CD03251226,CD,Iconic Arabia - 3Nights,3NARABIANICONIC,CUG,3,Fri Dec 26 2025 00:00:00 GMT+0000 (Greenwich Mean Time),XA,"CELESTYAL ONE, Closed User Group rates","TARIFF, PROMO",AUD,479,159,0,0,799
Wed Oct 22 2025 01:00:00 GMT+0100 (British Summer Time),CD03251226,CD,Iconic Arabia - 3Nights,3NARABIANICONIC,BAR,3,Fri Dec 26 2025 00:00:00 GMT+0000 (Greenwich Mean Time),XA,"PUBLISHED Autumn Campaign, CELESTYAL ONE","PROMO, TARIFF",EUR,599,99,0,0,191
Wed Oct 22 2025 01:00:00 GMT+0100 (British Summer Time),CD03251226,CD,Iconic Arabia - 3Nights,3NARABIANICONIC,BAR,3,Fri Dec 26 2025 00:00:00 GMT+0000 (Greenwich Mean Time),IB,"PUBLISHED Autumn Campaign, CELESTYAL ONE","PROMO, TARIFF",GBP,459,89,0,0,147
Wed Oct 22 2025 01:00:00 GMT+0100 (British Summer Time),CD03251226,CD,Iconic Arabia - 3Nights,3NARABIANICONIC,BAR,3,Fri Dec 26 2025 00:00:00 GMT+0000 (Greenwich Mean Time),SG,"PUBLISHED Autumn Campaign, CELESTYAL ONE","PROMO, TARIFF",USD,1199,109,529,109,430
Wed Oct 22 2025 01:00:00 GMT+0100 (British Summer Time),CD03251226,CD,Iconic Arabia - 3Nights,3NARABIANICONIC,BAR,3,Fri Dec 26 2025 00:00:00 GMT+0000 (Greenwich Mean Time),XC,"PUBLISHED Autumn Campaign, CELESTYAL ONE","PROMO, TARIFF",USD,779,109,529,109,259
Wed Oct 22 2025 01:00:00 GMT+0100 (British Summer Time),CD03251226,CD,Iconic Arabia - 3Nights,3NARABIANICONIC,BAR,3,Fri Dec 26 2025 00:00:00 GMT+0000 (Greenwich Mean Time),XD,"PUBLISHED Autumn Campaign, CELESTYAL ONE","PROMO, TARIFF",USD,839,109,529,109,280
Wed Oct 22 2025 01:00:00 GMT+0100 (British Summer Time),CD03251226,CD,Iconic Arabia - 3Nights,3NARABIANICONIC,CUG,3,Fri Dec 26 2025 00:00:00 GMT+0000 (Greenwich Mean Time),XB,"CELESTYAL ONE, Closed User Group rates","TARIFF, PROMO",EUR,309,99,189,99,521
Wed Oct 22 2025 01:00:00 GMT+0100 (British Summer Time),CD03251226,CD,Iconic Arabia - 3Nights,3NARABIANICONIC,BAR,3,Fri Dec 26 2025 00:00:00 GMT+0000 (Greenwich Mean Time),XC,"PUBLISHED Autumn Campaign, CELESTYAL ONE","PROMO, TARIFF",EUR,679,99,459,99,221
Wed Oct 22 2025 01:00:00 GMT+0100 (British Summer Time),CD03251226,CD,Iconic Arabia - 3Nights,3NARABIANICONIC,BAR,3,Fri Dec 26 2025 00:00:00 GMT+0000 (Greenwich Mean Time),SG,"PUBLISHED Autumn Campaign, CELESTYAL ONE","PROMO, TARIFF",EUR,1039,99,459,99,371
Wed Oct 22 2025 01:00:00 GMT+0100 (British Summer Time),CD03251226,CD,Iconic Arabia - 3Nights,3NARABIANICONIC,BAR,3,Fri Dec 26 2025 00:00:00 GMT+0000 (Greenwich Mean Time),IC,"PUBLISHED Autumn Campaign, CELESTYAL ONE","PROMO, TARIFF",GBP,509,89,0,89,159
Wed Oct 22 2025 01:00:00 GMT+0100 (British Summer Time),CD03251226,CD,Iconic Arabia - 3Nights,3NARABIANICONIC,BAR,3,Fri Dec 26 2025 00:00:00 GMT+0000 (Greenwich Mean Time),XA,"PUBLISHED Autumn Campaign, CELESTYAL ONE","PROMO, TARIFF",GBP,529,89,0,0,174
Wed Oct 22 2025 01:00:00 GMT+0100 (British Summer Time),CD03251226,CD,Iconic Arabia - 3Nights,3NARABIANICONIC,CUG,3,Fri Dec 26 2025 00:00:00 GMT+0000 (Greenwich Mean Time),IA,"CELESTYAL ONE, Closed User Group rates","TARIFF, PROMO",AUD,399,159,0,159,587
Wed Oct 22 2025 01:00:00 GMT+0100 (British Summer Time),CD03251226,CD,Iconic Arabia - 3Nights,3NARABIANICONIC,BAR,3,Fri Dec 26 2025 00:00:00 GMT+0000 (Greenwich Mean Time),IC,"PUBLISHED Autumn Campaign, CELESTYAL ONE","PROMO, TARIFF",AUD,919,159,0,159,294
Wed Oct 22 2025 01:00:00 GMT+0100 (British Summer Time),CD03251226,CD,Iconic Arabia - 3Nights,3NARABIANICONIC,BAR,3,Fri Dec 26 2025 00:00:00 GMT+0000 (Greenwich Mean Time),SJB,"PUBLISHED Autumn Campaign, CELESTYAL ONE","PROMO, TARIFF",AUD,1509,159,739,159,530
Wed Oct 22 2025 01:00:00 GMT+0100 (British Summer Time),CD03251226,CD,Iconic Arabia - 3Nights,3NARABIANICONIC,CUG,3,Fri Dec 26 2025 00:00:00 GMT+0000 (Greenwich Mean Time),XB,"CELESTYAL ONE, Closed User Group rates","TARIFF, PROMO",USD,359,109,209,109,597
Wed Oct 22 2025 01:00:00 GMT+0100 (British Summer Time),CD03251226,CD,Iconic Arabia - 3Nights,3NARABIANICONIC,CUG,3,Fri Dec 26 2025 00:00:00 GMT+0000 (Greenwich Mean Time),XC,"CELESTYAL ONE, Closed User Group rates","TARIFF, PROMO",USD,379,109,209,109,659
Wed Oct 22 2025 01:00:00 GMT+0100 (British Summer Time),CD03251226,CD,Iconic Arabia - 3Nights,3NARABIANICONIC,BAR,3,Fri Dec 26 2025 00:00:00 GMT+0000 (Greenwich Mean Time),SJB,"PUBLISHED Autumn Campaign, CELESTYAL ONE","PROMO, TARIFF",USD,1079,109,529,109,376
Wed Oct 22 2025 01:00:00 GMT+0100 (British Summer Time),CD03251226,CD,Iconic Arabia - 3Nights,3NARABIANICONIC,CUG,3,Fri Dec 26 2025 00:00:00 GMT+0000 (Greenwich Mean Time),XD,"CELESTYAL ONE, Closed User Group rates","TARIFF, PROMO",GBP,309,89,169,89,555
Wed Oct 22 2025 01:00:00 GMT+0100 (British Summer Time),CD03251226,CD,Iconic Arabia - 3Nights,3NARABIANICONIC,CUG,3,Fri Dec 26 2025 00:00:00 GMT+0000 (Greenwich Mean Time),XC,"CELESTYAL ONE, Closed User Group rates","TARIFF, PROMO",GBP,299,89,169,89,502
Wed Oct 22 2025 01:00:00 GMT+0100 (British Summer Time),CD03251226,CD,Iconic Arabia - 3Nights,3NARABIANICONIC,BAR,3,Fri Dec 26 2025 00:00:00 GMT+0000 (Greenwich Mean Time),IA,"PUBLISHED Autumn Campaign, CELESTYAL ONE","PROMO, TARIFF",GBP,419,89,0,89,124
Wed Oct 22 2025 01:00:00 GMT+0100 (British Summer Time),CD03251226,CD,Iconic Arabia - 3Nights,3NARABIANICONIC,CUG,3,Fri Dec 26 2025 00:00:00 GMT+0000 (Greenwich Mean Time),IA,"CELESTYAL ONE, Closed User Group rates","TARIFF, PROMO",USD,279,109,0,109,422
Wed Oct 22 2025 01:00:00 GMT+0100 (British Summer Time),CD03251226,CD,Iconic Arabia - 3Nights,3NARABIANICONIC,CUG,3,Fri Dec 26 2025 00:00:00 GMT+0000 (Greenwich Mean Time),IB,"CELESTYAL ONE, Closed User Group rates","TARIFF, PROMO",USD,309,109,0,0,473
Wed Oct 22 2025 01:00:00 GMT+0100 (British Summer Time),CD03251226,CD,Iconic Arabia - 3Nights,3NARABIANICONIC,CUG,3,Fri Dec 26 2025 00:00:00 GMT+0000 (Greenwich Mean Time),XB,"CELESTYAL ONE, Closed User Group rates","TARIFF, PROMO",AUD,499,159,309,159,844
Wed Oct 22 2025 01:00:00 GMT+0100 (British Summer Time),CD03251226,CD,Iconic Arabia - 3Nights,3NARABIANICONIC,BAR,3,Fri Dec 26 2025 00:00:00 GMT+0000 (Greenwich Mean Time),IA,"PUBLISHED Autumn Campaign, CELESTYAL ONE","PROMO, TARIFF",AUD,759,159,0,159,227
Wed Oct 22 2025 01:00:00 GMT+0100 (British Summer Time),CD03251226,CD,Iconic Arabia - 3Nights,3NARABIANICONIC,CUG,3,Fri Dec 26 2025 00:00:00 GMT+0000 (Greenwich Mean Time),XA,"CELESTYAL ONE, Closed User Group rates","TARIFF, PROMO",GBP,269,89,0,0,434
Wed Oct 22 2025 01:00:00 GMT+0100 (British Summer Time),CD03251226,CD,Iconic Arabia - 3Nights,3NARABIANICONIC,BAR,3,Fri Dec 26 2025 00:00:00 GMT+0000 (Greenwich Mean Time),XB,"PUBLISHED Autumn Campaign, CELESTYAL ONE","PROMO, TARIFF",AUD,1009,159,739,159,334
Wed Oct 22 2025 01:00:00 GMT+0100 (British Summer Time),CD03251226,CD,Iconic Arabia - 3Nights,3NARABIANICONIC,BAR,3,Fri Dec 26 2025 00:00:00 GMT+0000 (Greenwich Mean Time),SG,"PUBLISHED Autumn Campaign, CELESTYAL ONE","PROMO, TARIFF",AUD,1689,159,739,159,593
Wed Oct 22 2025 01:00:00 GMT+0100 (British Summer Time),CD03251226,CD,Iconic Arabia - 3Nights,3NARABIANICONIC,CUG,3,Fri Dec 26 2025 00:00:00 GMT+0000 (Greenwich Mean Time),IB,"CELESTYAL ONE, Closed User Group rates","TARIFF, PROMO",EUR,269,99,0,0,411
Wed Oct 22 2025 01:00:00 GMT+0100 (British Summer Time),CD03251226,CD,Iconic Arabia - 3Nights,3NARABIANICONIC,BAR,3,Fri Dec 26 2025 00:00:00 GMT+0000 (Greenwich Mean Time),IA,"PUBLISHED Autumn Campaign, CELESTYAL ONE","PROMO, TARIFF",USD,539,109,0,109,162
Wed Oct 22 2025 01:00:00 GMT+0100 (British Summer Time),CD03251226,CD,Iconic Arabia - 3Nights,3NARABIANICONIC,CUG,3,Fri Dec 26 2025 00:00:00 GMT+0000 (Greenwich Mean Time),SJB,"CELESTYAL ONE, Closed User Group rates","TARIFF, PROMO",USD,869,109,209,109,586
Wed Oct 22 2025 01:00:00 GMT+0100 (British Summer Time),CD03251226,CD,Iconic Arabia - 3Nights,3NARABIANICONIC,CUG,3,Fri Dec 26 2025 00:00:00 GMT+0000 (Greenwich Mean Time),IC,"CELESTYAL ONE, Closed User Group rates","TARIFF, PROMO",USD,329,109,0,109,535
Wed Oct 22 2025 01:00:00 GMT+0100 (British Summer Time),CD03251226,CD,Iconic Arabia - 3Nights,3NARABIANICONIC,BAR,3,Fri Dec 26 2025 00:00:00 GMT+0000 (Greenwich Mean Time),XD,"PUBLISHED Autumn Campaign, CELESTYAL ONE","PROMO, TARIFF",EUR,729,99,459,99,241
Wed Oct 22 2025 01:00:00 GMT+0100 (British Summer Time),CD03251226,CD,Iconic Arabia - 3Nights,3NARABIANICONIC,CUG,3,Fri Dec 26 2025 00:00:00 GMT+0000 (Greenwich Mean Time),IC,"CELESTYAL ONE, Closed User Group rates","TARIFF, PROMO",GBP,259,89,0,89,409
Wed Oct 22 2025 01:00:00 GMT+0100 (British Summer Time),CD03251226,CD,Iconic Arabia - 3Nights,3NARABIANICONIC,CUG,3,Fri Dec 26 2025 00:00:00 GMT+0000 (Greenwich Mean Time),BA,"CELESTYAL ONE, Closed User Group rates","TARIFF, PROMO",USD,649,109,0,0,597
Wed Oct 22 2025 01:00:00 GMT+0100 (British Summer Time),CD03251226,CD,Iconic Arabia - 3Nights,3NARABIANICONIC,CUG,3,Fri Dec 26 2025 00:00:00 GMT+0000 (Greenwich Mean Time),IA,"CELESTYAL ONE, Closed User Group rates","TARIFF, PROMO",GBP,219,89,0,89,324
Wed Oct 22 2025 01:00:00 GMT+0100 (British Summer Time),CD03251226,CD,Iconic Arabia - 3Nights,3NARABIANICONIC,CUG,3,Fri Dec 26 2025 00:00:00 GMT+0000 (Greenwich Mean Time),IC,"CELESTYAL ONE, Closed User Group rates","TARIFF, PROMO",EUR,289,99,0,99,461
Wed Oct 22 2025 01:00:00 GMT+0100 (British Summer Time),CD03251226,CD,Iconic Arabia - 3Nights,3NARABIANICONIC,CUG,3,Fri Dec 26 2025 00:00:00 GMT+0000 (Greenwich Mean Time),IB,"CELESTYAL ONE, Closed User Group rates","TARIFF, PROMO",AUD,429,159,0,0,671
Wed Oct 22 2025 01:00:00 GMT+0100 (British Summer Time),CD03251226,CD,Iconic Arabia - 3Nights,3NARABIANICONIC,BAR,3,Fri Dec 26 2025 00:00:00 GMT+0000 (Greenwich Mean Time),XBO,"PUBLISHED Autumn Campaign, CELESTYAL ONE","PROMO, TARIFF",AUD,969,159,0,159,309
Wed Oct 22 2025 01:00:00 GMT+0100 (British Summer Time),CD03251226,CD,Iconic Arabia - 3Nights,3NARABIANICONIC,BAR,3,Fri Dec 26 2025 00:00:00 GMT+0000 (Greenwich Mean Time),SJB,"PUBLISHED Autumn Campaign, CELESTYAL ONE","PROMO, TARIFF",EUR,939,99,459,99,321
Wed Oct 22 2025 01:00:00 GMT+0100 (British Summer Time),CD03251226,CD,Iconic Arabia - 3Nights,3NARABIANICONIC,CUG,3,Fri Dec 26 2025 00:00:00 GMT+0000 (Greenwich Mean Time),BA,"CELESTYAL ONE, Closed User Group rates","TARIFF, PROMO",GBP,499,89,0,0,463
Wed Oct 22 2025 01:00:00 GMT+0100 (British Summer Time),CD03251226,CD,Iconic Arabia - 3Nights,3NARABIANICONIC,CUG,3,Fri Dec 26 2025 00:00:00 GMT+0000 (Greenwich Mean Time),XBO,"CELESTYAL ONE, Closed User Group rates","TARIFF, PROMO",EUR,299,99,0,99,491
Wed Oct 22 2025 01:00:00 GMT+0100 (British Summer Time),CD03251226,CD,Iconic Arabia - 3Nights,3NARABIANICONIC,CUG,3,Fri Dec 26 2025 00:00:00 GMT+0000 (Greenwich Mean Time),BA,"CELESTYAL ONE, Closed User Group rates","TARIFF, PROMO",EUR,569,99,0,0,511
Wed Oct 22 2025 01:00:00 GMT+0100 (British Summer Time),CD03251226,CD,Iconic Arabia - 3Nights,3NARABIANICONIC,CUG,3,Fri Dec 26 2025 00:00:00 GMT+0000 (Greenwich Mean Time),XD,"CELESTYAL ONE, Closed User Group rates","TARIFF, PROMO",EUR,349,99,189,99,621
Wed Oct 22 2025 01:00:00 GMT+0100 (British Summer Time),CD03251226,CD,Iconic Arabia - 3Nights,3NARABIANICONIC,BAR,3,Fri Dec 26 2025 00:00:00 GMT+0000 (Greenwich Mean Time),SG,"PUBLISHED Autumn Campaign, CELESTYAL ONE","PROMO, TARIFF",GBP,929,89,409,89,326
Wed Oct 22 2025 01:00:00 GMT+0100 (British Summer Time),CD03251226,CD,Iconic Arabia - 3Nights,3NARABIANICONIC,BAR,3,Fri Dec 26 2025 00:00:00 GMT+0000 (Greenwich Mean Time),BA,"PUBLISHED Autumn Campaign, CELESTYAL ONE","PROMO, TARIFF",EUR,809,99,0,0,271
Wed Oct 22 2025 01:00:00 GMT+0100 (British Summer Time),CD03251226,CD,Iconic Arabia - 3Nights,3NARABIANICONIC,BAR,3,Fri Dec 26 2025 00:00:00 GMT+0000 (Greenwich Mean Time),XD,"PUBLISHED Autumn Campaign, CELESTYAL ONE","PROMO, TARIFF",GBP,649,89,409,89,215
Wed Oct 22 2025 01:00:00 GMT+0100 (British Summer Time),CD03251226,CD,Iconic Arabia - 3Nights,3NARABIANICONIC,CUG,3,Fri Dec 26 2025 00:00:00 GMT+0000 (Greenwich Mean Time),BA,"CELESTYAL ONE, Closed User Group rates","TARIFF, PROMO",AUD,909,159,0,0,839
Wed Oct 22 2025 01:00:00 GMT+0100 (British Summer Time),CD03251226,CD,Iconic Arabia - 3Nights,3NARABIANICONIC,BAR,3,Fri Dec 26 2025 00:00:00 GMT+0000 (Greenwich Mean Time),IB,"PUBLISHED Autumn Campaign, CELESTYAL ONE","PROMO, TARIFF",AUD,839,159,0,0,261
Wed Oct 22 2025 01:00:00 GMT+0100 (British Summer Time),CD03251226,CD,Iconic Arabia - 3Nights,3NARABIANICONIC,BAR,3,Fri Dec 26 2025 00:00:00 GMT+0000 (Greenwich Mean Time),XD,"PUBLISHED Autumn Campaign, CELESTYAL ONE","PROMO, TARIFF",AUD,1179,159,739,159,391
Wed Oct 22 2025 01:00:00 GMT+0100 (British Summer Time),CD03251226,CD,Iconic Arabia - 3Nights,3NARABIANICONIC,CUG,3,Fri Dec 26 2025 00:00:00 GMT+0000 (Greenwich Mean Time),XA,"CELESTYAL ONE, Closed User Group rates","TARIFF, PROMO",EUR,299,99,0,0,491
Wed Oct 22 2025 01:00:00 GMT+0100 (British Summer Time),CD03251226,CD,Iconic Arabia - 3Nights,3NARABIANICONIC,CUG,3,Fri Dec 26 2025 00:00:00 GMT+0000 (Greenwich Mean Time),XC,"CELESTYAL ONE, Closed User Group rates","TARIFF, PROMO",EUR,329,99,189,99,571
Wed Oct 22 2025 01:00:00 GMT+0100 (British Summer Time),CD03251226,CD,Iconic Arabia - 3Nights,3NARABIANICONIC,BAR,3,Fri Dec 26 2025 00:00:00 GMT+0000 (Greenwich Mean Time),XB,"PUBLISHED Autumn Campaign, CELESTYAL ONE","PROMO, TARIFF",USD,719,109,529,109,237
Wed Oct 22 2025 01:00:00 GMT+0100 (British Summer Time),CD03251226,CD,Iconic Arabia - 3Nights,3NARABIANICONIC,CUG,3,Fri Dec 26 2025 00:00:00 GMT+0000 (Greenwich Mean Time),XD,"CELESTYAL ONE, Closed User Group rates","TARIFF, PROMO",USD,399,109,209,109,720
Wed Oct 22 2025 01:00:00 GMT+0100 (British Summer Time),CD03251226,CD,Iconic Arabia - 3Nights,3NARABIANICONIC,BAR,3,Fri Dec 26 2025 00:00:00 GMT+0000 (Greenwich Mean Time),IB,"PUBLISHED Autumn Campaign, CELESTYAL ONE","PROMO, TARIFF",EUR,519,99,0,0,161
Wed Oct 22 2025 01:00:00 GMT+0100 (British Summer Time),CD03251226,CD,Iconic Arabia - 3Nights,3NARABIANICONIC,BAR,3,Fri Dec 26 2025 00:00:00 GMT+0000 (Greenwich Mean Time),IA,"PUBLISHED Autumn Campaign, CELESTYAL ONE","PROMO, TARIFF",EUR,469,99,0,99,141
Wed Oct 22 2025 01:00:00 GMT+0100 (British Summer Time),CD03251226,CD,Iconic Arabia - 3Nights,3NARABIANICONIC,CUG,3,Fri Dec 26 2025 00:00:00 GMT+0000 (Greenwich Mean Time),XBO,"CELESTYAL ONE, Closed User Group rates","TARIFF, PROMO",USD,339,109,0,109,571
Wed Oct 22 2025 01:00:00 GMT+0100 (British Summer Time),CD03251226,CD,Iconic Arabia - 3Nights,3NARABIANICONIC,BAR,3,Fri Dec 26 2025 00:00:00 GMT+0000 (Greenwich Mean Time),SJB,"PUBLISHED Autumn Campaign, CELESTYAL ONE","PROMO, TARIFF",GBP,829,89,409,89,293
Wed Oct 22 2025 01:00:00 GMT+0100 (British Summer Time),CD03251226,CD,Iconic Arabia - 3Nights,3NARABIANICONIC,BAR,3,Fri Dec 26 2025 00:00:00 GMT+0000 (Greenwich Mean Time),IC,"PUBLISHED Autumn Campaign, CELESTYAL ONE","PROMO, TARIFF",EUR,569,99,0,99,181
Wed Oct 22 2025 01:00:00 GMT+0100 (British Summer Time),CD03251226,CD,Iconic Arabia - 3Nights,3NARABIANICONIC,CUG,3,Fri Dec 26 2025 00:00:00 GMT+0000 (Greenwich Mean Time),XA,"CELESTYAL ONE, Closed User Group rates","TARIFF, PROMO",USD,339,109,0,0,571
Wed Oct 22 2025 01:00:00 GMT+0100 (British Summer Time),CD03251226,CD,Iconic Arabia - 3Nights,3NARABIANICONIC,BAR,3,Fri Dec 26 2025 00:00:00 GMT+0000 (Greenwich Mean Time),XC,"PUBLISHED Autumn Campaign, CELESTYAL ONE","PROMO, TARIFF",AUD,1089,159,739,159,367
Wed Oct 22 2025 01:00:00 GMT+0100 (British Summer Time),CD03251226,CD,Iconic Arabia - 3Nights,3NARABIANICONIC,CUG,3,Fri Dec 26 2025 00:00:00 GMT+0000 (Greenwich Mean Time),XBO,"CELESTYAL ONE, Closed User Group rates","TARIFF, PROMO",GBP,269,89,0,89,434
Wed Oct 22 2025 01:00:00 GMT+0100 (British Summer Time),CD03251226,CD,Iconic Arabia - 3Nights,3NARABIANICONIC,CUG,3,Fri Dec 26 2025 00:00:00 GMT+0000 (Greenwich Mean Time),SJB,"CELESTYAL ONE, Closed User Group rates","TARIFF, PROMO",GBP,669,89,169,89,453
Wed Oct 22 2025 01:00:00 GMT+0100 (British Summer Time),CD03251226,CD,Iconic Arabia - 3Nights,3NARABIANICONIC,BAR,3,Fri Dec 26 2025 00:00:00 GMT+0000 (Greenwich Mean Time),XA,"PUBLISHED Autumn Campaign, CELESTYAL ONE","PROMO, TARIFF",AUD,969,159,0,0,309
Wed Oct 22 2025 01:00:00 GMT+0100 (British Summer Time),CD03251226,CD,Iconic Arabia - 3Nights,3NARABIANICONIC,BAR,3,Fri Dec 26 2025 00:00:00 GMT+0000 (Greenwich Mean Time),BA,"PUBLISHED Autumn Campaign, CELESTYAL ONE","PROMO, TARIFF",GBP,719,89,0,0,243
Wed Oct 22 2025 01:00:00 GMT+0100 (British Summer Time),CD03251226,CD,Iconic Arabia - 3Nights,3NARABIANICONIC,CUG,3,Fri Dec 26 2025 00:00:00 GMT+0000 (Greenwich Mean Time),SG,"CELESTYAL ONE, Closed User Group rates","TARIFF, PROMO",USD,969,109,209,109,660
Wed Oct 22 2025 01:00:00 GMT+0100 (British Summer Time),CD03251226,CD,Iconic Arabia - 3Nights,3NARABIANICONIC,CUG,3,Fri Dec 26 2025 00:00:00 GMT+0000 (Greenwich Mean Time),SJB,"CELESTYAL ONE, Closed User Group rates","TARIFF, PROMO",EUR,759,99,189,99,501
Wed Oct 22 2025 01:00:00 GMT+0100 (British Summer Time),CD03251226,CD,Iconic Arabia - 3Nights,3NARABIANICONIC,BAR,3,Fri Dec 26 2025 00:00:00 GMT+0000 (Greenwich Mean Time),BA,"PUBLISHED Autumn Campaign, CELESTYAL ONE","PROMO, TARIFF",AUD,1299,159,0,0,449
Wed Oct 22 2025 01:00:00 GMT+0100 (British Summer Time),CD03251226,CD,Iconic Arabia - 3Nights,3NARABIANICONIC,CUG,3,Fri Dec 26 2025 00:00:00 GMT+0000 (Greenwich Mean Time),SJB,"CELESTYAL ONE, Closed User Group rates","TARIFF, PROMO",AUD,1219,159,309,159,820
Wed Oct 22 2025 01:00:00 GMT+0100 (British Summer Time),CD03251226,CD,Iconic Arabia - 3Nights,3NARABIANICONIC,CUG,3,Fri Dec 26 2025 00:00:00 GMT+0000 (Greenwich Mean Time),SG,"CELESTYAL ONE, Closed User Group rates","TARIFF, PROMO",EUR,839,99,189,99,571
Wed Oct 22 2025 01:00:00 GMT+0100 (British Summer Time),CD03251226,CD,Iconic Arabia - 3Nights,3NARABIANICONIC,CUG,3,Fri Dec 26 2025 00:00:00 GMT+0000 (Greenwich Mean Time),SG,"CELESTYAL ONE, Closed User Group rates","TARIFF, PROMO",AUD,1359,159,309,159,923
Wed Oct 22 2025 01:00:00 GMT+0100 (British Summer Time),CD03251226,CD,Iconic Arabia - 3Nights,3NARABIANICONIC,BAR,3,Fri Dec 26 2025 00:00:00 GMT+0000 (Greenwich Mean Time),XB,"PUBLISHED Autumn Campaign, CELESTYAL ONE","PROMO, TARIFF",EUR,629,99,459,99,201
Wed Oct 22 2025 01:00:00 GMT+0100 (British Summer Time),CD03251226,CD,Iconic Arabia - 3Nights,3NARABIANICONIC,BAR,3,Fri Dec 26 2025 00:00:00 GMT+0000 (Greenwich Mean Time),IC,"PUBLISHED Autumn Campaign, CELESTYAL ONE","PROMO, TARIFF",USD,649,109,0,109,215
Wed Oct 22 2025 01:00:00 GMT+0100 (British Summer Time),CD03251226,CD,Iconic Arabia - 3Nights,3NARABIANICONIC,CUG,3,Fri Dec 26 2025 00:00:00 GMT+0000 (Greenwich Mean Time),XC,"CELESTYAL ONE, Closed User Group rates","TARIFF, PROMO",AUD,539,159,309,159,917
Wed Oct 22 2025 01:00:00 GMT+0100 (British Summer Time),CD03251226,CD,Iconic Arabia - 3Nights,3NARABIANICONIC,BAR,3,Fri Dec 26 2025 00:00:00 GMT+0000 (Greenwich Mean Time),XB,"PUBLISHED Autumn Campaign, CELESTYAL ONE","PROMO, TARIFF",GBP,559,89,409,89,180
Wed Oct 22 2025 01:00:00 GMT+0100 (British Summer Time),CD03251226,CD,Iconic Arabia - 3Nights,3NARABIANICONIC,BAR,3,Fri Dec 26 2025 00:00:00 GMT+0000 (Greenwich Mean Time),XBO,"PUBLISHED Autumn Campaign, CELESTYAL ONE","PROMO, TARIFF",EUR,599,99,0,99,191
Wed Oct 22 2025 01:00:00 GMT+0100 (British Summer Time),CD03251226,CD,Iconic Arabia - 3Nights,3NARABIANICONIC,CUG,3,Fri Dec 26 2025 00:00:00 GMT+0000 (Greenwich Mean Time),IA,"CELESTYAL ONE, Closed User Group rates","TARIFF, PROMO",EUR,249,99,0,99,361
Wed Oct 22 2025 01:00:00 GMT+0100 (British Summer Time),CD03251226,CD,Iconic Arabia - 3Nights,3NARABIANICONIC,CUG,3,Fri Dec 26 2025 00:00:00 GMT+0000 (Greenwich Mean Time),XD,"CELESTYAL ONE, Closed User Group rates","TARIFF, PROMO",AUD,569,159,309,159,1001
Wed Oct 22 2025 01:00:00 GMT+0100 (British Summer Time),CD03260102,CD,Iconic Arabia - 3Nights,3NARABIANICONIC,CUG,3,Fri Jan 02 2026 00:00:00 GMT+0000 (Greenwich Mean Time),IB,"CELESTYAL ONE, Closed User Group rates","TARIFF, PROMO",EUR,269,99,0,0,411
Wed Oct 22 2025 01:00:00 GMT+0100 (British Summer Time),CD03260102,CD,Iconic Arabia - 3Nights,3NARABIANICONIC,BAR,3,Fri Jan 02 2026 00:00:00 GMT+0000 (Greenwich Mean Time),SJB,"PUBLISHED Autumn Campaign, CELESTYAL ONE","PROMO, TARIFF",USD,1079,109,529,109,376
Wed Oct 22 2025 01:00:00 GMT+0100 (British Summer Time),CD03260102,CD,Iconic Arabia - 3Nights,3NARABIANICONIC,BAR,3,Fri Jan 02 2026 00:00:00 GMT+0000 (Greenwich Mean Time),IB,"PUBLISHED Autumn Campaign, CELESTYAL ONE","PROMO, TARIFF",USD,599,109,0,0,183
Wed Oct 22 2025 01:00:00 GMT+0100 (British Summer Time),CD03260102,CD,Iconic Arabia - 3Nights,3NARABIANICONIC,BAR,3,Fri Jan 02 2026 00:00:00 GMT+0000 (Greenwich Mean Time),IC,"PUBLISHED Autumn Campaign, CELESTYAL ONE","PROMO, TARIFF",USD,649,109,0,109,215
Wed Oct 22 2025 01:00:00 GMT+0100 (British Summer Time),CD03260102,CD,Iconic Arabia - 3Nights,3NARABIANICONIC,BAR,3,Fri Jan 02 2026 00:00:00 GMT+0000 (Greenwich Mean Time),XB,"PUBLISHED Autumn Campaign, CELESTYAL ONE","PROMO, TARIFF",GBP,559,89,409,89,180
Wed Oct 22 2025 01:00:00 GMT+0100 (British Summer Time),CD03260102,CD,Iconic Arabia - 3Nights,3NARABIANICONIC,CUG,3,Fri Jan 02 2026 00:00:00 GMT+0000 (Greenwich Mean Time),XC,"CELESTYAL ONE, Closed User Group rates","TARIFF, PROMO",GBP,299,89,169,89,502
Wed Oct 22 2025 01:00:00 GMT+0100 (British Summer Time),CD03260102,CD,Iconic Arabia - 3Nights,3NARABIANICONIC,BAR,3,Fri Jan 02 2026 00:00:00 GMT+0000 (Greenwich Mean Time),XD,"PUBLISHED Autumn Campaign, CELESTYAL ONE","PROMO, TARIFF",EUR,729,99,459,99,241
Wed Oct 22 2025 01:00:00 GMT+0100 (British Summer Time),CD03260102,CD,Iconic Arabia - 3Nights,3NARABIANICONIC,BAR,3,Fri Jan 02 2026 00:00:00 GMT+0000 (Greenwich Mean Time),XA,"PUBLISHED Autumn Campaign, CELESTYAL ONE","PROMO, TARIFF",EUR,599,99,0,0,191
Wed Oct 22 2025 01:00:00 GMT+0100 (British Summer Time),CD03260102,CD,Iconic Arabia - 3Nights,3NARABIANICONIC,CUG,3,Fri Jan 02 2026 00:00:00 GMT+0000 (Greenwich Mean Time),BA,"CELESTYAL ONE, Closed User Group rates","TARIFF, PROMO",EUR,569,99,0,0,511
Wed Oct 22 2025 01:00:00 GMT+0100 (British Summer Time),CD03260102,CD,Iconic Arabia - 3Nights,3NARABIANICONIC,CUG,3,Fri Jan 02 2026 00:00:00 GMT+0000 (Greenwich Mean Time),IB,"CELESTYAL ONE, Closed User Group rates","TARIFF, PROMO",USD,309,109,0,0,473
Wed Oct 22 2025 01:00:00 GMT+0100 (British Summer Time),CD03260102,CD,Iconic Arabia - 3Nights,3NARABIANICONIC,CUG,3,Fri Jan 02 2026 00:00:00 GMT+0000 (Greenwich Mean Time),XBO,"CELESTYAL ONE, Closed User Group rates","TARIFF, PROMO",EUR,299,99,0,99,491
Wed Oct 22 2025 01:00:00 GMT+0100 (British Summer Time),CD03260102,CD,Iconic Arabia - 3Nights,3NARABIANICONIC,CUG,3,Fri Jan 02 2026 00:00:00 GMT+0000 (Greenwich Mean Time),XB,"CELESTYAL ONE, Closed User Group rates","TARIFF, PROMO",AUD,499,159,309,159,844
Wed Oct 22 2025 01:00:00 GMT+0100 (British Summer Time),CD03260102,CD,Iconic Arabia - 3Nights,3NARABIANICONIC,BAR,3,Fri Jan 02 2026 00:00:00 GMT+0000 (Greenwich Mean Time),IC,"PUBLISHED Autumn Campaign, CELESTYAL ONE","PROMO, TARIFF",EUR,569,99,0,99,181
Wed Oct 22 2025 01:00:00 GMT+0100 (British Summer Time),CD03260102,CD,Iconic Arabia - 3Nights,3NARABIANICONIC,BAR,3,Fri Jan 02 2026 00:00:00 GMT+0000 (Greenwich Mean Time),XD,"PUBLISHED Autumn Campaign, CELESTYAL ONE","PROMO, TARIFF",AUD,1179,159,739,159,391
Wed Oct 22 2025 01:00:00 GMT+0100 (British Summer Time),CD03260102,CD,Iconic Arabia - 3Nights,3NARABIANICONIC,CUG,3,Fri Jan 02 2026 00:00:00 GMT+0000 (Greenwich Mean Time),BA,"CELESTYAL ONE, Closed User Group rates","TARIFF, PROMO",GBP,499,89,0,0,463
Wed Oct 22 2025 01:00:00 GMT+0100 (British Summer Time),CD03260102,CD,Iconic Arabia - 3Nights,3NARABIANICONIC,BAR,3,Fri Jan 02 2026 00:00:00 GMT+0000 (Greenwich Mean Time),XA,"PUBLISHED Autumn Campaign, CELESTYAL ONE","PROMO, TARIFF",GBP,529,89,0,0,174
Wed Oct 22 2025 01:00:00 GMT+0100 (British Summer Time),CD03260102,CD,Iconic Arabia - 3Nights,3NARABIANICONIC,CUG,3,Fri Jan 02 2026 00:00:00 GMT+0000 (Greenwich Mean Time),XA,"CELESTYAL ONE, Closed User Group rates","TARIFF, PROMO",EUR,299,99,0,0,491
Wed Oct 22 2025 01:00:00 GMT+0100 (British Summer Time),CD03260102,CD,Iconic Arabia - 3Nights,3NARABIANICONIC,CUG,3,Fri Jan 02 2026 00:00:00 GMT+0000 (Greenwich Mean Time),BA,"CELESTYAL ONE, Closed User Group rates","TARIFF, PROMO",AUD,909,159,0,0,839
Wed Oct 22 2025 01:00:00 GMT+0100 (British Summer Time),CD03260102,CD,Iconic Arabia - 3Nights,3NARABIANICONIC,CUG,3,Fri Jan 02 2026 00:00:00 GMT+0000 (Greenwich Mean Time),XB,"CELESTYAL ONE, Closed User Group rates","TARIFF, PROMO",EUR,309,99,189,99,521
Wed Oct 22 2025 01:00:00 GMT+0100 (British Summer Time),CD03260102,CD,Iconic Arabia - 3Nights,3NARABIANICONIC,CUG,3,Fri Jan 02 2026 00:00:00 GMT+0000 (Greenwich Mean Time),SJB,"CELESTYAL ONE, Closed User Group rates","TARIFF, PROMO",USD,869,109,209,109,586
Wed Oct 22 2025 01:00:00 GMT+0100 (British Summer Time),CD03260102,CD,Iconic Arabia - 3Nights,3NARABIANICONIC,BAR,3,Fri Jan 02 2026 00:00:00 GMT+0000 (Greenwich Mean Time),XD,"PUBLISHED Autumn Campaign, CELESTYAL ONE","PROMO, TARIFF",USD,839,109,529,109,280
Wed Oct 22 2025 01:00:00 GMT+0100 (British Summer Time),CD03260102,CD,Iconic Arabia - 3Nights,3NARABIANICONIC,BAR,3,Fri Jan 02 2026 00:00:00 GMT+0000 (Greenwich Mean Time),BA,"PUBLISHED Autumn Campaign, CELESTYAL ONE","PROMO, TARIFF",GBP,719,89,0,0,243
Wed Oct 22 2025 01:00:00 GMT+0100 (British Summer Time),CD03260102,CD,Iconic Arabia - 3Nights,3NARABIANICONIC,CUG,3,Fri Jan 02 2026 00:00:00 GMT+0000 (Greenwich Mean Time),XD,"CELESTYAL ONE, Closed User Group rates","TARIFF, PROMO",USD,399,109,209,109,720
Wed Oct 22 2025 01:00:00 GMT+0100 (British Summer Time),CD03260102,CD,Iconic Arabia - 3Nights,3NARABIANICONIC,CUG,3,Fri Jan 02 2026 00:00:00 GMT+0000 (Greenwich Mean Time),XD,"CELESTYAL ONE, Closed User Group rates","TARIFF, PROMO",AUD,569,159,309,159,1001
Wed Oct 22 2025 01:00:00 GMT+0100 (British Summer Time),CD03260102,CD,Iconic Arabia - 3Nights,3NARABIANICONIC,BAR,3,Fri Jan 02 2026 00:00:00 GMT+0000 (Greenwich Mean Time),XD,"PUBLISHED Autumn Campaign, CELESTYAL ONE","PROMO, TARIFF",GBP,649,89,409,89,215
Wed Oct 22 2025 01:00:00 GMT+0100 (British Summer Time),CD03260102,CD,Iconic Arabia - 3Nights,3NARABIANICONIC,CUG,3,Fri Jan 02 2026 00:00:00 GMT+0000 (Greenwich Mean Time),XB,"CELESTYAL ONE, Closed User Group rates","TARIFF, PROMO",GBP,279,89,169,89,460
Wed Oct 22 2025 01:00:00 GMT+0100 (British Summer Time),CD03260102,CD,Iconic Arabia - 3Nights,3NARABIANICONIC,BAR,3,Fri Jan 02 2026 00:00:00 GMT+0000 (Greenwich Mean Time),IB,"PUBLISHED Autumn Campaign, CELESTYAL ONE","PROMO, TARIFF",EUR,519,99,0,0,161
Wed Oct 22 2025 01:00:00 GMT+0100 (British Summer Time),CD03260102,CD,Iconic Arabia - 3Nights,3NARABIANICONIC,CUG,3,Fri Jan 02 2026 00:00:00 GMT+0000 (Greenwich Mean Time),XD,"CELESTYAL ONE, Closed User Group rates","TARIFF, PROMO",GBP,309,89,169,89,555
Wed Oct 22 2025 01:00:00 GMT+0100 (British Summer Time),CD03260102,CD,Iconic Arabia - 3Nights,3NARABIANICONIC,BAR,3,Fri Jan 02 2026 00:00:00 GMT+0000 (Greenwich Mean Time),SJB,"PUBLISHED Autumn Campaign, CELESTYAL ONE","PROMO, TARIFF",EUR,939,99,459,99,321
Wed Oct 22 2025 01:00:00 GMT+0100 (British Summer Time),CD03260102,CD,Iconic Arabia - 3Nights,3NARABIANICONIC,CUG,3,Fri Jan 02 2026 00:00:00 GMT+0000 (Greenwich Mean Time),XC,"CELESTYAL ONE, Closed User Group rates","TARIFF, PROMO",EUR,329,99,189,99,571
Wed Oct 22 2025 01:00:00 GMT+0100 (British Summer Time),CD03260102,CD,Iconic Arabia - 3Nights,3NARABIANICONIC,BAR,3,Fri Jan 02 2026 00:00:00 GMT+0000 (Greenwich Mean Time),IC,"PUBLISHED Autumn Campaign, CELESTYAL ONE","PROMO, TARIFF",AUD,919,159,0,159,294
Wed Oct 22 2025 01:00:00 GMT+0100 (British Summer Time),CD03260102,CD,Iconic Arabia - 3Nights,3NARABIANICONIC,CUG,3,Fri Jan 02 2026 00:00:00 GMT+0000 (Greenwich Mean Time),IC,"CELESTYAL ONE, Closed User Group rates","TARIFF, PROMO",EUR,289,99,0,99,461
Wed Oct 22 2025 01:00:00 GMT+0100 (British Summer Time),CD03260102,CD,Iconic Arabia - 3Nights,3NARABIANICONIC,CUG,3,Fri Jan 02 2026 00:00:00 GMT+0000 (Greenwich Mean Time),IB,"CELESTYAL ONE, Closed User Group rates","TARIFF, PROMO",AUD,429,159,0,0,671
Wed Oct 22 2025 01:00:00 GMT+0100 (British Summer Time),CD03260102,CD,Iconic Arabia - 3Nights,3NARABIANICONIC,CUG,3,Fri Jan 02 2026 00:00:00 GMT+0000 (Greenwich Mean Time),SJB,"CELESTYAL ONE, Closed User Group rates","TARIFF, PROMO",EUR,759,99,189,99,501
Wed Oct 22 2025 01:00:00 GMT+0100 (British Summer Time),CD03260102,CD,Iconic Arabia - 3Nights,3NARABIANICONIC,BAR,3,Fri Jan 02 2026 00:00:00 GMT+0000 (Greenwich Mean Time),XA,"PUBLISHED Autumn Campaign, CELESTYAL ONE","PROMO, TARIFF",AUD,969,159,0,0,309
Wed Oct 22 2025 01:00:00 GMT+0100 (British Summer Time),CD03260102,CD,Iconic Arabia - 3Nights,3NARABIANICONIC,CUG,3,Fri Jan 02 2026 00:00:00 GMT+0000 (Greenwich Mean Time),SJB,"CELESTYAL ONE, Closed User Group rates","TARIFF, PROMO",GBP,669,89,169,89,453
Wed Oct 22 2025 01:00:00 GMT+0100 (British Summer Time),CD03260102,CD,Iconic Arabia - 3Nights,3NARABIANICONIC,CUG,3,Fri Jan 02 2026 00:00:00 GMT+0000 (Greenwich Mean Time),IC,"CELESTYAL ONE, Closed User Group rates","TARIFF, PROMO",USD,329,109,0,109,535
Wed Oct 22 2025 01:00:00 GMT+0100 (British Summer Time),CD03260102,CD,Iconic Arabia - 3Nights,3NARABIANICONIC,BAR,3,Fri Jan 02 2026 00:00:00 GMT+0000 (Greenwich Mean Time),BA,"PUBLISHED Autumn Campaign, CELESTYAL ONE","PROMO, TARIFF",AUD,1299,159,0,0,449
Wed Oct 22 2025 01:00:00 GMT+0100 (British Summer Time),CD03260102,CD,Iconic Arabia - 3Nights,3NARABIANICONIC,CUG,3,Fri Jan 02 2026 00:00:00 GMT+0000 (Greenwich Mean Time),XBO,"CELESTYAL ONE, Closed User Group rates","TARIFF, PROMO",GBP,269,89,0,89,434
Wed Oct 22 2025 01:00:00 GMT+0100 (British Summer Time),CD03260102,CD,Iconic Arabia - 3Nights,3NARABIANICONIC,BAR,3,Fri Jan 02 2026 00:00:00 GMT+0000 (Greenwich Mean Time),SJB,"PUBLISHED Autumn Campaign, CELESTYAL ONE","PROMO, TARIFF",GBP,829,89,409,89,293
Wed Oct 22 2025 01:00:00 GMT+0100 (British Summer Time),CD03260102,CD,Iconic Arabia - 3Nights,3NARABIANICONIC,CUG,3,Fri Jan 02 2026 00:00:00 GMT+0000 (Greenwich Mean Time),XC,"CELESTYAL ONE, Closed User Group rates","TARIFF, PROMO",AUD,539,159,309,159,917
Wed Oct 22 2025 01:00:00 GMT+0100 (British Summer Time),CD03260102,CD,Iconic Arabia - 3Nights,3NARABIANICONIC,BAR,3,Fri Jan 02 2026 00:00:00 GMT+0000 (Greenwich Mean Time),XBO,"PUBLISHED Autumn Campaign, CELESTYAL ONE","PROMO, TARIFF",USD,689,109,0,109,221
Wed Oct 22 2025 01:00:00 GMT+0100 (British Summer Time),CD03260102,CD,Iconic Arabia - 3Nights,3NARABIANICONIC,CUG,3,Fri Jan 02 2026 00:00:00 GMT+0000 (Greenwich Mean Time),XB,"CELESTYAL ONE, Closed User Group rates","TARIFF, PROMO",USD,359,109,209,109,597
Wed Oct 22 2025 01:00:00 GMT+0100 (British Summer Time),CD03260102,CD,Iconic Arabia - 3Nights,3NARABIANICONIC,CUG,3,Fri Jan 02 2026 00:00:00 GMT+0000 (Greenwich Mean Time),SJB,"CELESTYAL ONE, Closed User Group rates","TARIFF, PROMO",AUD,1219,159,309,159,820
Wed Oct 22 2025 01:00:00 GMT+0100 (British Summer Time),CD03260102,CD,Iconic Arabia - 3Nights,3NARABIANICONIC,BAR,3,Fri Jan 02 2026 00:00:00 GMT+0000 (Greenwich Mean Time),XC,"PUBLISHED Autumn Campaign, CELESTYAL ONE","PROMO, TARIFF",GBP,599,89,409,89,202
Wed Oct 22 2025 01:00:00 GMT+0100 (British Summer Time),CD03260102,CD,Iconic Arabia - 3Nights,3NARABIANICONIC,CUG,3,Fri Jan 02 2026 00:00:00 GMT+0000 (Greenwich Mean Time),XA,"CELESTYAL ONE, Closed User Group rates","TARIFF, PROMO",AUD,479,159,0,0,799
Wed Oct 22 2025 01:00:00 GMT+0100 (British Summer Time),CD03260102,CD,Iconic Arabia - 3Nights,3NARABIANICONIC,CUG,3,Fri Jan 02 2026 00:00:00 GMT+0000 (Greenwich Mean Time),IC,"CELESTYAL ONE, Closed User Group rates","TARIFF, PROMO",GBP,259,89,0,89,409
Wed Oct 22 2025 01:00:00 GMT+0100 (British Summer Time),CD03260102,CD,Iconic Arabia - 3Nights,3NARABIANICONIC,CUG,3,Fri Jan 02 2026 00:00:00 GMT+0000 (Greenwich Mean Time),IC,"CELESTYAL ONE, Closed User Group rates","TARIFF, PROMO",AUD,469,159,0,159,744
Wed Oct 22 2025 01:00:00 GMT+0100 (British Summer Time),CD03260102,CD,Iconic Arabia - 3Nights,3NARABIANICONIC,BAR,3,Fri Jan 02 2026 00:00:00 GMT+0000 (Greenwich Mean Time),IB,"PUBLISHED Autumn Campaign, CELESTYAL ONE","PROMO, TARIFF",GBP,459,89,0,0,147
Wed Oct 22 2025 01:00:00 GMT+0100 (British Summer Time),CD03260102,CD,Iconic Arabia - 3Nights,3NARABIANICONIC,BAR,3,Fri Jan 02 2026 00:00:00 GMT+0000 (Greenwich Mean Time),XC,"PUBLISHED Autumn Campaign, CELESTYAL ONE","PROMO, TARIFF",USD,779,109,529,109,259
Wed Oct 22 2025 01:00:00 GMT+0100 (British Summer Time),CD03260102,CD,Iconic Arabia - 3Nights,3NARABIANICONIC,BAR,3,Fri Jan 02 2026 00:00:00 GMT+0000 (Greenwich Mean Time),BA,"PUBLISHED Autumn Campaign, CELESTYAL ONE","PROMO, TARIFF",USD,929,109,0,0,317
Wed Oct 22 2025 01:00:00 GMT+0100 (British Summer Time),CD03260102,CD,Iconic Arabia - 3Nights,3NARABIANICONIC,CUG,3,Fri Jan 02 2026 00:00:00 GMT+0000 (Greenwich Mean Time),XBO,"CELESTYAL ONE, Closed User Group rates","TARIFF, PROMO",USD,339,109,0,109,571
Wed Oct 22 2025 01:00:00 GMT+0100 (British Summer Time),CD03260102,CD,Iconic Arabia - 3Nights,3NARABIANICONIC,CUG,3,Fri Jan 02 2026 00:00:00 GMT+0000 (Greenwich Mean Time),XD,"CELESTYAL ONE, Closed User Group rates","TARIFF, PROMO",EUR,349,99,189,99,621
Wed Oct 22 2025 01:00:00 GMT+0100 (British Summer Time),CD03260102,CD,Iconic Arabia - 3Nights,3NARABIANICONIC,BAR,3,Fri Jan 02 2026 00:00:00 GMT+0000 (Greenwich Mean Time),XC,"PUBLISHED Autumn Campaign, CELESTYAL ONE","PROMO, TARIFF",AUD,1089,159,739,159,367
Wed Oct 22 2025 01:00:00 GMT+0100 (British Summer Time),CD03260102,CD,Iconic Arabia - 3Nights,3NARABIANICONIC,BAR,3,Fri Jan 02 2026 00:00:00 GMT+0000 (Greenwich Mean Time),IC,"PUBLISHED Autumn Campaign, CELESTYAL ONE","PROMO, TARIFF",GBP,509,89,0,89,159
Wed Oct 22 2025 01:00:00 GMT+0100 (British Summer Time),CD03260102,CD,Iconic Arabia - 3Nights,3NARABIANICONIC,BAR,3,Fri Jan 02 2026 00:00:00 GMT+0000 (Greenwich Mean Time),IB,"PUBLISHED Autumn Campaign, CELESTYAL ONE","PROMO, TARIFF",AUD,839,159,0,0,261
Wed Oct 22 2025 01:00:00 GMT+0100 (British Summer Time),CD03260102,CD,Iconic Arabia - 3Nights,3NARABIANICONIC,CUG,3,Fri Jan 02 2026 00:00:00 GMT+0000 (Greenwich Mean Time),XA,"CELESTYAL ONE, Closed User Group rates","TARIFF, PROMO",GBP,269,89,0,0,434
Wed Oct 22 2025 01:00:00 GMT+0100 (British Summer Time),CD03260102,CD,Iconic Arabia - 3Nights,3NARABIANICONIC,BAR,3,Fri Jan 02 2026 00:00:00 GMT+0000 (Greenwich Mean Time),XB,"PUBLISHED Autumn Campaign, CELESTYAL ONE","PROMO, TARIFF",USD,719,109,529,109,237
Wed Oct 22 2025 01:00:00 GMT+0100 (British Summer Time),CD03260102,CD,Iconic Arabia - 3Nights,3NARABIANICONIC,BAR,3,Fri Jan 02 2026 00:00:00 GMT+0000 (Greenwich Mean Time),XB,"PUBLISHED Autumn Campaign, CELESTYAL ONE","PROMO, TARIFF",EUR,629,99,459,99,201
Wed Oct 22 2025 01:00:00 GMT+0100 (British Summer Time),CD03260102,CD,Iconic Arabia - 3Nights,3NARABIANICONIC,BAR,3,Fri Jan 02 2026 00:00:00 GMT+0000 (Greenwich Mean Time),XC,"PUBLISHED Autumn Campaign, CELESTYAL ONE","PROMO, TARIFF",EUR,679,99,459,99,221
Wed Oct 22 2025 01:00:00 GMT+0100 (British Summer Time),CD03260102,CD,Iconic Arabia - 3Nights,3NARABIANICONIC,CUG,3,Fri Jan 02 2026 00:00:00 GMT+0000 (Greenwich Mean Time),BA,"CELESTYAL ONE, Closed User Group rates","TARIFF, PROMO",USD,649,109,0,0,597
Wed Oct 22 2025 01:00:00 GMT+0100 (British Summer Time),CD03260102,CD,Iconic Arabia - 3Nights,3NARABIANICONIC,BAR,3,Fri Jan 02 2026 00:00:00 GMT+0000 (Greenwich Mean Time),XBO,"PUBLISHED Autumn Campaign, CELESTYAL ONE","PROMO, TARIFF",GBP,529,89,0,89,174
Wed Oct 22 2025 01:00:00 GMT+0100 (British Summer Time),CD03260102,CD,Iconic Arabia - 3Nights,3NARABIANICONIC,BAR,3,Fri Jan 02 2026 00:00:00 GMT+0000 (Greenwich Mean Time),BA,"PUBLISHED Autumn Campaign, CELESTYAL ONE","PROMO, TARIFF",EUR,809,99,0,0,271
Wed Oct 22 2025 01:00:00 GMT+0100 (British Summer Time),CD03260102,CD,Iconic Arabia - 3Nights,3NARABIANICONIC,BAR,3,Fri Jan 02 2026 00:00:00 GMT+0000 (Greenwich Mean Time),XB,"PUBLISHED Autumn Campaign, CELESTYAL ONE","PROMO, TARIFF",AUD,1009,159,739,159,334
Wed Oct 22 2025 01:00:00 GMT+0100 (British Summer Time),CD03260102,CD,Iconic Arabia - 3Nights,3NARABIANICONIC,BAR,3,Fri Jan 02 2026 00:00:00 GMT+0000 (Greenwich Mean Time),XBO,"PUBLISHED Autumn Campaign, CELESTYAL ONE","PROMO, TARIFF",AUD,969,159,0,159,309
Wed Oct 22 2025 01:00:00 GMT+0100 (British Summer Time),CD03260102,CD,Iconic Arabia - 3Nights,3NARABIANICONIC,BAR,3,Fri Jan 02 2026 00:00:00 GMT+0000 (Greenwich Mean Time),XBO,"PUBLISHED Autumn Campaign, CELESTYAL ONE","PROMO, TARIFF",EUR,599,99,0,99,191
Wed Oct 22 2025 01:00:00 GMT+0100 (British Summer Time),CD03260102,CD,Iconic Arabia - 3Nights,3NARABIANICONIC,BAR,3,Fri Jan 02 2026 00:00:00 GMT+0000 (Greenwich Mean Time),XA,"PUBLISHED Autumn Campaign, CELESTYAL ONE","PROMO, TARIFF",USD,689,109,0,0,221
Wed Oct 22 2025 01:00:00 GMT+0100 (British Summer Time),CD03260102,CD,Iconic Arabia - 3Nights,3NARABIANICONIC,CUG,3,Fri Jan 02 2026 00:00:00 GMT+0000 (Greenwich Mean Time),XBO,"CELESTYAL ONE, Closed User Group rates","TARIFF, PROMO",AUD,479,159,0,159,799
Wed Oct 22 2025 01:00:00 GMT+0100 (British Summer Time),CD03260102,CD,Iconic Arabia - 3Nights,3NARABIANICONIC,CUG,3,Fri Jan 02 2026 00:00:00 GMT+0000 (Greenwich Mean Time),XC,"CELESTYAL ONE, Closed User Group rates","TARIFF, PROMO",USD,379,109,209,109,659
Wed Oct 22 2025 01:00:00 GMT+0100 (British Summer Time),CD03260102,CD,Iconic Arabia - 3Nights,3NARABIANICONIC,CUG,3,Fri Jan 02 2026 00:00:00 GMT+0000 (Greenwich Mean Time),IB,"CELESTYAL ONE, Closed User Group rates","TARIFF, PROMO",GBP,239,89,0,0,367
Wed Oct 22 2025 01:00:00 GMT+0100 (British Summer Time),CD03260102,CD,Iconic Arabia - 3Nights,3NARABIANICONIC,BAR,3,Fri Jan 02 2026 00:00:00 GMT+0000 (Greenwich Mean Time),SJB,"PUBLISHED Autumn Campaign, CELESTYAL ONE","PROMO, TARIFF",AUD,1509,159,739,159,530
Wed Oct 22 2025 01:00:00 GMT+0100 (British Summer Time),CD03260102,CD,Iconic Arabia - 3Nights,3NARABIANICONIC,CUG,3,Fri Jan 02 2026 00:00:00 GMT+0000 (Greenwich Mean Time),XA,"CELESTYAL ONE, Closed User Group rates","TARIFF, PROMO",USD,339,109,0,0,571
Wed Oct 22 2025 01:00:00 GMT+0100 (British Summer Time),CD03260109,CD,Iconic Arabia - 3Nights,3NARABIANICONIC,BAR,3,Fri Jan 09 2026 00:00:00 GMT+0000 (Greenwich Mean Time),SJB,"PUBLISHED Autumn Campaign, CELESTYAL ONE","PROMO, TARIFF",USD,1019,109,379,109,436
Wed Oct 22 2025 01:00:00 GMT+0100 (British Summer Time),CD03260109,CD,Iconic Arabia - 3Nights,3NARABIANICONIC,BAR,3,Fri Jan 09 2026 00:00:00 GMT+0000 (Greenwich Mean Time),IB,"PUBLISHED Autumn Campaign, CELESTYAL ONE","PROMO, TARIFF",GBP,419,89,0,0,187
Wed Oct 22 2025 01:00:00 GMT+0100 (British Summer Time),CD03260109,CD,Iconic Arabia - 3Nights,3NARABIANICONIC,CUG,3,Fri Jan 09 2026 00:00:00 GMT+0000 (Greenwich Mean Time),BA,"CELESTYAL ONE, Closed User Group rates","TARIFF, PROMO",USD,649,109,0,0,597
Wed Oct 22 2025 01:00:00 GMT+0100 (British Summer Time),CD03260109,CD,Iconic Arabia - 3Nights,3NARABIANICONIC,CUG,3,Fri Jan 09 2026 00:00:00 GMT+0000 (Greenwich Mean Time),XB,"CELESTYAL ONE, Closed User Group rates","TARIFF, PROMO",GBP,279,89,169,89,460
Wed Oct 22 2025 01:00:00 GMT+0100 (British Summer Time),CD03260109,CD,Iconic Arabia - 3Nights,3NARABIANICONIC,CUG,3,Fri Jan 09 2026 00:00:00 GMT+0000 (Greenwich Mean Time),XBO,"CELESTYAL ONE, Closed User Group rates","TARIFF, PROMO",EUR,299,99,0,99,491
Wed Oct 22 2025 01:00:00 GMT+0100 (British Summer Time),CD03260109,CD,Iconic Arabia - 3Nights,3NARABIANICONIC,BAR,3,Fri Jan 09 2026 00:00:00 GMT+0000 (Greenwich Mean Time),XB,"PUBLISHED Autumn Campaign, CELESTYAL ONE","PROMO, TARIFF",AUD,919,159,539,159,424
Wed Oct 22 2025 01:00:00 GMT+0100 (British Summer Time),CD03260109,CD,Iconic Arabia - 3Nights,3NARABIANICONIC,BAR,3,Fri Jan 09 2026 00:00:00 GMT+0000 (Greenwich Mean Time),XD,"PUBLISHED Autumn Campaign, CELESTYAL ONE","PROMO, TARIFF",EUR,659,99,329,99,311
Wed Oct 22 2025 01:00:00 GMT+0100 (British Summer Time),CD03260109,CD,Iconic Arabia - 3Nights,3NARABIANICONIC,BAR,3,Fri Jan 09 2026 00:00:00 GMT+0000 (Greenwich Mean Time),XC,"PUBLISHED Autumn Campaign, CELESTYAL ONE","PROMO, TARIFF",USD,699,109,379,109,339
Wed Oct 22 2025 01:00:00 GMT+0100 (British Summer Time),CD03260109,CD,Iconic Arabia - 3Nights,3NARABIANICONIC,BAR,3,Fri Jan 09 2026 00:00:00 GMT+0000 (Greenwich Mean Time),XC,"PUBLISHED Autumn Campaign, CELESTYAL ONE","PROMO, TARIFF",GBP,549,89,299,89,252
Wed Oct 22 2025 01:00:00 GMT+0100 (British Summer Time),CD03260109,CD,Iconic Arabia - 3Nights,3NARABIANICONIC,CUG,3,Fri Jan 09 2026 00:00:00 GMT+0000 (Greenwich Mean Time),IB,"CELESTYAL ONE, Closed User Group rates","TARIFF, PROMO",GBP,239,89,0,0,367
Wed Oct 22 2025 01:00:00 GMT+0100 (British Summer Time),CD03260109,CD,Iconic Arabia - 3Nights,3NARABIANICONIC,CUG,3,Fri Jan 09 2026 00:00:00 GMT+0000 (Greenwich Mean Time),SJB,"CELESTYAL ONE, Closed User Group rates","TARIFF, PROMO",AUD,1219,159,309,159,820
Wed Oct 22 2025 01:00:00 GMT+0100 (British Summer Time),CD03260109,CD,Iconic Arabia - 3Nights,3NARABIANICONIC,CUG,3,Fri Jan 09 2026 00:00:00 GMT+0000 (Greenwich Mean Time),XD,"CELESTYAL ONE, Closed User Group rates","TARIFF, PROMO",AUD,569,159,309,159,1001
Wed Oct 22 2025 01:00:00 GMT+0100 (British Summer Time),CD03260109,CD,Iconic Arabia - 3Nights,3NARABIANICONIC,CUG,3,Fri Jan 09 2026 00:00:00 GMT+0000 (Greenwich Mean Time),IB,"CELESTYAL ONE, Closed User Group rates","TARIFF, PROMO",USD,309,109,0,0,473
Wed Oct 22 2025 01:00:00 GMT+0100 (British Summer Time),CD03260109,CD,Iconic Arabia - 3Nights,3NARABIANICONIC,CUG,3,Fri Jan 09 2026 00:00:00 GMT+0000 (Greenwich Mean Time),IB,"CELESTYAL ONE, Closed User Group rates","TARIFF, PROMO",EUR,269,99,0,0,411
Wed Oct 22 2025 01:00:00 GMT+0100 (British Summer Time),CD03260109,CD,Iconic Arabia - 3Nights,3NARABIANICONIC,BAR,3,Fri Jan 09 2026 00:00:00 GMT+0000 (Greenwich Mean Time),IB,"PUBLISHED Autumn Campaign, CELESTYAL ONE","PROMO, TARIFF",AUD,759,159,0,0,341
Wed Oct 22 2025 01:00:00 GMT+0100 (British Summer Time),CD03260109,CD,Iconic Arabia - 3Nights,3NARABIANICONIC,CUG,3,Fri Jan 09 2026 00:00:00 GMT+0000 (Greenwich Mean Time),XBO,"CELESTYAL ONE, Closed User Group rates","TARIFF, PROMO",AUD,479,159,0,159,799
Wed Oct 22 2025 01:00:00 GMT+0100 (British Summer Time),CD03260109,CD,Iconic Arabia - 3Nights,3NARABIANICONIC,BAR,3,Fri Jan 09 2026 00:00:00 GMT+0000 (Greenwich Mean Time),XC,"PUBLISHED Autumn Campaign, CELESTYAL ONE","PROMO, TARIFF",AUD,989,159,539,159,467
Wed Oct 22 2025 01:00:00 GMT+0100 (British Summer Time),CD03260109,CD,Iconic Arabia - 3Nights,3NARABIANICONIC,CUG,3,Fri Jan 09 2026 00:00:00 GMT+0000 (Greenwich Mean Time),XA,"CELESTYAL ONE, Closed User Group rates","TARIFF, PROMO",AUD,479,159,0,0,799
Wed Oct 22 2025 01:00:00 GMT+0100 (British Summer Time),CD03260109,CD,Iconic Arabia - 3Nights,3NARABIANICONIC,BAR,3,Fri Jan 09 2026 00:00:00 GMT+0000 (Greenwich Mean Time),SJB,"PUBLISHED Autumn Campaign, CELESTYAL ONE","PROMO, TARIFF",AUD,1429,159,539,159,610
Wed Oct 22 2025 01:00:00 GMT+0100 (British Summer Time),CD03260109,CD,Iconic Arabia - 3Nights,3NARABIANICONIC,BAR,3,Fri Jan 09 2026 00:00:00 GMT+0000 (Greenwich Mean Time),XBO,"PUBLISHED Autumn Campaign, CELESTYAL ONE","PROMO, TARIFF",AUD,879,159,0,159,399
Wed Oct 22 2025 01:00:00 GMT+0100 (British Summer Time),CD03260109,CD,Iconic Arabia - 3Nights,3NARABIANICONIC,BAR,3,Fri Jan 09 2026 00:00:00 GMT+0000 (Greenwich Mean Time),XB,"PUBLISHED Autumn Campaign, CELESTYAL ONE","PROMO, TARIFF",USD,649,109,379,109,307
Wed Oct 22 2025 01:00:00 GMT+0100 (British Summer Time),CD03260109,CD,Iconic Arabia - 3Nights,3NARABIANICONIC,BAR,3,Fri Jan 09 2026 00:00:00 GMT+0000 (Greenwich Mean Time),XA,"PUBLISHED Autumn Campaign, CELESTYAL ONE","PROMO, TARIFF",EUR,539,99,0,0,251
Wed Oct 22 2025 01:00:00 GMT+0100 (British Summer Time),CD03260109,CD,Iconic Arabia - 3Nights,3NARABIANICONIC,CUG,3,Fri Jan 09 2026 00:00:00 GMT+0000 (Greenwich Mean Time),BA,"CELESTYAL ONE, Closed User Group rates","TARIFF, PROMO",GBP,499,89,0,0,463
Wed Oct 22 2025 01:00:00 GMT+0100 (British Summer Time),CD03260109,CD,Iconic Arabia - 3Nights,3NARABIANICONIC,BAR,3,Fri Jan 09 2026 00:00:00 GMT+0000 (Greenwich Mean Time),XA,"PUBLISHED Autumn Campaign, CELESTYAL ONE","PROMO, TARIFF",USD,619,109,0,0,291
Wed Oct 22 2025 01:00:00 GMT+0100 (British Summer Time),CD03260109,CD,Iconic Arabia - 3Nights,3NARABIANICONIC,BAR,3,Fri Jan 09 2026 00:00:00 GMT+0000 (Greenwich Mean Time),XA,"PUBLISHED Autumn Campaign, CELESTYAL ONE","PROMO, TARIFF",AUD,879,159,0,0,399
Wed Oct 22 2025 01:00:00 GMT+0100 (British Summer Time),CD03260109,CD,Iconic Arabia - 3Nights,3NARABIANICONIC,BAR,3,Fri Jan 09 2026 00:00:00 GMT+0000 (Greenwich Mean Time),BA,"PUBLISHED Autumn Campaign, CELESTYAL ONE","PROMO, TARIFF",GBP,679,89,0,0,283
Wed Oct 22 2025 01:00:00 GMT+0100 (British Summer Time),CD03260109,CD,Iconic Arabia - 3Nights,3NARABIANICONIC,CUG,3,Fri Jan 09 2026 00:00:00 GMT+0000 (Greenwich Mean Time),XA,"CELESTYAL ONE, Closed User Group rates","TARIFF, PROMO",GBP,269,89,0,0,434
Wed Oct 22 2025 01:00:00 GMT+0100 (British Summer Time),CD03260109,CD,Iconic Arabia - 3Nights,3NARABIANICONIC,BAR,3,Fri Jan 09 2026 00:00:00 GMT+0000 (Greenwich Mean Time),XBO,"PUBLISHED Autumn Campaign, CELESTYAL ONE","PROMO, TARIFF",USD,619,109,0,109,291
Wed Oct 22 2025 01:00:00 GMT+0100 (British Summer Time),CD03260109,CD,Iconic Arabia - 3Nights,3NARABIANICONIC,BAR,3,Fri Jan 09 2026 00:00:00 GMT+0000 (Greenwich Mean Time),XBO,"PUBLISHED Autumn Campaign, CELESTYAL ONE","PROMO, TARIFF",EUR,539,99,0,99,251
Wed Oct 22 2025 01:00:00 GMT+0100 (British Summer Time),CD03260109,CD,Iconic Arabia - 3Nights,3NARABIANICONIC,CUG,3,Fri Jan 09 2026 00:00:00 GMT+0000 (Greenwich Mean Time),SJB,"CELESTYAL ONE, Closed User Group rates","TARIFF, PROMO",GBP,669,89,169,89,453
Wed Oct 22 2025 01:00:00 GMT+0100 (British Summer Time),CD03260109,CD,Iconic Arabia - 3Nights,3NARABIANICONIC,CUG,3,Fri Jan 09 2026 00:00:00 GMT+0000 (Greenwich Mean Time),BA,"CELESTYAL ONE, Closed User Group rates","TARIFF, PROMO",EUR,569,99,0,0,511
Wed Oct 22 2025 01:00:00 GMT+0100 (British Summer Time),CD03260109,CD,Iconic Arabia - 3Nights,3NARABIANICONIC,CUG,3,Fri Jan 09 2026 00:00:00 GMT+0000 (Greenwich Mean Time),XD,"CELESTYAL ONE, Closed User Group rates","TARIFF, PROMO",GBP,309,89,169,89,555
Wed Oct 22 2025 01:00:00 GMT+0100 (British Summer Time),CD03260109,CD,Iconic Arabia - 3Nights,3NARABIANICONIC,BAR,3,Fri Jan 09 2026 00:00:00 GMT+0000 (Greenwich Mean Time),BA,"PUBLISHED Autumn Campaign, CELESTYAL ONE","PROMO, TARIFF",EUR,759,99,0,0,321
Wed Oct 22 2025 01:00:00 GMT+0100 (British Summer Time),CD03260109,CD,Iconic Arabia - 3Nights,3NARABIANICONIC,CUG,3,Fri Jan 09 2026 00:00:00 GMT+0000 (Greenwich Mean Time),SJB,"CELESTYAL ONE, Closed User Group rates","TARIFF, PROMO",USD,869,109,209,109,586
Wed Oct 22 2025 01:00:00 GMT+0100 (British Summer Time),CD03260109,CD,Iconic Arabia - 3Nights,3NARABIANICONIC,BAR,3,Fri Jan 09 2026 00:00:00 GMT+0000 (Greenwich Mean Time),XB,"PUBLISHED Autumn Campaign, CELESTYAL ONE","PROMO, TARIFF",EUR,569,99,329,99,261
Wed Oct 22 2025 01:00:00 GMT+0100 (British Summer Time),CD03260109,CD,Iconic Arabia - 3Nights,3NARABIANICONIC,CUG,3,Fri Jan 09 2026 00:00:00 GMT+0000 (Greenwich Mean Time),XA,"CELESTYAL ONE, Closed User Group rates","TARIFF, PROMO",EUR,299,99,0,0,491
Wed Oct 22 2025 01:00:00 GMT+0100 (British Summer Time),CD03260109,CD,Iconic Arabia - 3Nights,3NARABIANICONIC,BAR,3,Fri Jan 09 2026 00:00:00 GMT+0000 (Greenwich Mean Time),IC,"PUBLISHED Autumn Campaign, CELESTYAL ONE","PROMO, TARIFF",AUD,829,159,0,159,384
Wed Oct 22 2025 01:00:00 GMT+0100 (British Summer Time),CD03260109,CD,Iconic Arabia - 3Nights,3NARABIANICONIC,BAR,3,Fri Jan 09 2026 00:00:00 GMT+0000 (Greenwich Mean Time),SJB,"PUBLISHED Autumn Campaign, CELESTYAL ONE","PROMO, TARIFF",EUR,879,99,329,99,381
Wed Oct 22 2025 01:00:00 GMT+0100 (British Summer Time),CD03260109,CD,Iconic Arabia - 3Nights,3NARABIANICONIC,BAR,3,Fri Jan 09 2026 00:00:00 GMT+0000 (Greenwich Mean Time),IC,"PUBLISHED Autumn Campaign, CELESTYAL ONE","PROMO, TARIFF",EUR,519,99,0,99,231
Wed Oct 22 2025 01:00:00 GMT+0100 (British Summer Time),CD03260109,CD,Iconic Arabia - 3Nights,3NARABIANICONIC,CUG,3,Fri Jan 09 2026 00:00:00 GMT+0000 (Greenwich Mean Time),XD,"CELESTYAL ONE, Closed User Group rates","TARIFF, PROMO",USD,399,109,209,109,720
Wed Oct 22 2025 01:00:00 GMT+0100 (British Summer Time),CD03260109,CD,Iconic Arabia - 3Nights,3NARABIANICONIC,CUG,3,Fri Jan 09 2026 00:00:00 GMT+0000 (Greenwich Mean Time),XA,"CELESTYAL ONE, Closed User Group rates","TARIFF, PROMO",USD,339,109,0,0,571
Wed Oct 22 2025 01:00:00 GMT+0100 (British Summer Time),CD03260109,CD,Iconic Arabia - 3Nights,3NARABIANICONIC,BAR,3,Fri Jan 09 2026 00:00:00 GMT+0000 (Greenwich Mean Time),IC,"PUBLISHED Autumn Campaign, CELESTYAL ONE","PROMO, TARIFF",GBP,459,89,0,89,209
Wed Oct 22 2025 01:00:00 GMT+0100 (British Summer Time),CD03260109,CD,Iconic Arabia - 3Nights,3NARABIANICONIC,CUG,3,Fri Jan 09 2026 00:00:00 GMT+0000 (Greenwich Mean Time),IB,"CELESTYAL ONE, Closed User Group rates","TARIFF, PROMO",AUD,429,159,0,0,671
Wed Oct 22 2025 01:00:00 GMT+0100 (British Summer Time),CD03260109,CD,Iconic Arabia - 3Nights,3NARABIANICONIC,CUG,3,Fri Jan 09 2026 00:00:00 GMT+0000 (Greenwich Mean Time),XC,"CELESTYAL ONE, Closed User Group rates","TARIFF, PROMO",USD,379,109,209,109,659
Wed Oct 22 2025 01:00:00 GMT+0100 (British Summer Time),CD03260109,CD,Iconic Arabia - 3Nights,3NARABIANICONIC,CUG,3,Fri Jan 09 2026 00:00:00 GMT+0000 (Greenwich Mean Time),IC,"CELESTYAL ONE, Closed User Group rates","TARIFF, PROMO",EUR,289,99,0,99,461
Wed Oct 22 2025 01:00:00 GMT+0100 (British Summer Time),CD03260109,CD,Iconic Arabia - 3Nights,3NARABIANICONIC,BAR,3,Fri Jan 09 2026 00:00:00 GMT+0000 (Greenwich Mean Time),XC,"PUBLISHED Autumn Campaign, CELESTYAL ONE","PROMO, TARIFF",EUR,609,99,329,99,291
Wed Oct 22 2025 01:00:00 GMT+0100 (British Summer Time),CD03260109,CD,Iconic Arabia - 3Nights,3NARABIANICONIC,CUG,3,Fri Jan 09 2026 00:00:00 GMT+0000 (Greenwich Mean Time),XB,"CELESTYAL ONE, Closed User Group rates","TARIFF, PROMO",USD,359,109,209,109,597
Wed Oct 22 2025 01:00:00 GMT+0100 (British Summer Time),CD03260109,CD,Iconic Arabia - 3Nights,3NARABIANICONIC,CUG,3,Fri Jan 09 2026 00:00:00 GMT+0000 (Greenwich Mean Time),IC,"CELESTYAL ONE, Closed User Group rates","TARIFF, PROMO",AUD,469,159,0,159,744
Wed Oct 22 2025 01:00:00 GMT+0100 (British Summer Time),CD03260109,CD,Iconic Arabia - 3Nights,3NARABIANICONIC,CUG,3,Fri Jan 09 2026 00:00:00 GMT+0000 (Greenwich Mean Time),XD,"CELESTYAL ONE, Closed User Group rates","TARIFF, PROMO",EUR,349,99,189,99,621
Wed Oct 22 2025 01:00:00 GMT+0100 (British Summer Time),CD03260109,CD,Iconic Arabia - 3Nights,3NARABIANICONIC,BAR,3,Fri Jan 09 2026 00:00:00 GMT+0000 (Greenwich Mean Time),XD,"PUBLISHED Autumn Campaign, CELESTYAL ONE","PROMO, TARIFF",AUD,1059,159,539,159,511
Wed Oct 22 2025 01:00:00 GMT+0100 (British Summer Time),CD03260109,CD,Iconic Arabia - 3Nights,3NARABIANICONIC,CUG,3,Fri Jan 09 2026 00:00:00 GMT+0000 (Greenwich Mean Time),XC,"CELESTYAL ONE, Closed User Group rates","TARIFF, PROMO",EUR,329,99,189,99,571
Wed Oct 22 2025 01:00:00 GMT+0100 (British Summer Time),CD03260109,CD,Iconic Arabia - 3Nights,3NARABIANICONIC,BAR,3,Fri Jan 09 2026 00:00:00 GMT+0000 (Greenwich Mean Time),XD,"PUBLISHED Autumn Campaign, CELESTYAL ONE","PROMO, TARIFF",USD,759,109,379,109,360
Wed Oct 22 2025 01:00:00 GMT+0100 (British Summer Time),CD03260109,CD,Iconic Arabia - 3Nights,3NARABIANICONIC,CUG,3,Fri Jan 09 2026 00:00:00 GMT+0000 (Greenwich Mean Time),XC,"CELESTYAL ONE, Closed User Group rates","TARIFF, PROMO",GBP,299,89,169,89,502
Wed Oct 22 2025 01:00:00 GMT+0100 (British Summer Time),CD03260109,CD,Iconic Arabia - 3Nights,3NARABIANICONIC,BAR,3,Fri Jan 09 2026 00:00:00 GMT+0000 (Greenwich Mean Time),XA,"PUBLISHED Autumn Campaign, CELESTYAL ONE","PROMO, TARIFF",GBP,479,89,0,0,224
Wed Oct 22 2025 01:00:00 GMT+0100 (British Summer Time),CD03260109,CD,Iconic Arabia - 3Nights,3NARABIANICONIC,BAR,3,Fri Jan 09 2026 00:00:00 GMT+0000 (Greenwich Mean Time),XB,"PUBLISHED Autumn Campaign, CELESTYAL ONE","PROMO, TARIFF",GBP,509,89,299,89,230
Wed Oct 22 2025 01:00:00 GMT+0100 (British Summer Time),CD03260109,CD,Iconic Arabia - 3Nights,3NARABIANICONIC,BAR,3,Fri Jan 09 2026 00:00:00 GMT+0000 (Greenwich Mean Time),XD,"PUBLISHED Autumn Campaign, CELESTYAL ONE","PROMO, TARIFF",GBP,589,89,299,89,275
Wed Oct 22 2025 01:00:00 GMT+0100 (British Summer Time),CD03260109,CD,Iconic Arabia - 3Nights,3NARABIANICONIC,CUG,3,Fri Jan 09 2026 00:00:00 GMT+0000 (Greenwich Mean Time),BA,"CELESTYAL ONE, Closed User Group rates","TARIFF, PROMO",AUD,909,159,0,0,839
Wed Oct 22 2025 01:00:00 GMT+0100 (British Summer Time),CD03260109,CD,Iconic Arabia - 3Nights,3NARABIANICONIC,CUG,3,Fri Jan 09 2026 00:00:00 GMT+0000 (Greenwich Mean Time),IC,"CELESTYAL ONE, Closed User Group rates","TARIFF, PROMO",USD,329,109,0,109,535
Wed Oct 22 2025 01:00:00 GMT+0100 (British Summer Time),CD03260109,CD,Iconic Arabia - 3Nights,3NARABIANICONIC,BAR,3,Fri Jan 09 2026 00:00:00 GMT+0000 (Greenwich Mean Time),IC,"PUBLISHED Autumn Campaign, CELESTYAL ONE","PROMO, TARIFF",USD,589,109,0,109,275
Wed Oct 22 2025 01:00:00 GMT+0100 (British Summer Time),CD03260109,CD,Iconic Arabia - 3Nights,3NARABIANICONIC,CUG,3,Fri Jan 09 2026 00:00:00 GMT+0000 (Greenwich Mean Time),IC,"CELESTYAL ONE, Closed User Group rates","TARIFF, PROMO",GBP,259,89,0,89,409
Wed Oct 22 2025 01:00:00 GMT+0100 (British Summer Time),CD03260109,CD,Iconic Arabia - 3Nights,3NARABIANICONIC,BAR,3,Fri Jan 09 2026 00:00:00 GMT+0000 (Greenwich Mean Time),BA,"PUBLISHED Autumn Campaign, CELESTYAL ONE","PROMO, TARIFF",USD,879,109,0,0,367
Wed Oct 22 2025 01:00:00 GMT+0100 (British Summer Time),CD03260109,CD,Iconic Arabia - 3Nights,3NARABIANICONIC,BAR,3,Fri Jan 09 2026 00:00:00 GMT+0000 (Greenwich Mean Time),XBO,"PUBLISHED Autumn Campaign, CELESTYAL ONE","PROMO, TARIFF",GBP,479,89,0,89,224
Wed Oct 22 2025 01:00:00 GMT+0100 (British Summer Time),CD03260109,CD,Iconic Arabia - 3Nights,3NARABIANICONIC,CUG,3,Fri Jan 09 2026 00:00:00 GMT+0000 (Greenwich Mean Time),XB,"CELESTYAL ONE, Closed User Group rates","TARIFF, PROMO",AUD,499,159,309,159,844
Wed Oct 22 2025 01:00:00 GMT+0100 (British Summer Time),CD03260109,CD,Iconic Arabia - 3Nights,3NARABIANICONIC,CUG,3,Fri Jan 09 2026 00:00:00 GMT+0000 (Greenwich Mean Time),SJB,"CELESTYAL ONE, Closed User Group rates","TARIFF, PROMO",EUR,759,99,189,99,501
Wed Oct 22 2025 01:00:00 GMT+0100 (British Summer Time),CD03260109,CD,Iconic Arabia - 3Nights,3NARABIANICONIC,CUG,3,Fri Jan 09 2026 00:00:00 GMT+0000 (Greenwich Mean Time),XBO,"CELESTYAL ONE, Closed User Group rates","TARIFF, PROMO",USD,339,109,0,109,571
Wed Oct 22 2025 01:00:00 GMT+0100 (British Summer Time),CD03260109,CD,Iconic Arabia - 3Nights,3NARABIANICONIC,BAR,3,Fri Jan 09 2026 00:00:00 GMT+0000 (Greenwich Mean Time),IB,"PUBLISHED Autumn Campaign, CELESTYAL ONE","PROMO, TARIFF",USD,539,109,0,0,243
Wed Oct 22 2025 01:00:00 GMT+0100 (British Summer Time),CD03260109,CD,Iconic Arabia - 3Nights,3NARABIANICONIC,CUG,3,Fri Jan 09 2026 00:00:00 GMT+0000 (Greenwich Mean Time),XC,"CELESTYAL ONE, Closed User Group rates","TARIFF, PROMO",AUD,539,159,309,159,917
Wed Oct 22 2025 01:00:00 GMT+0100 (British Summer Time),CD03260109,CD,Iconic Arabia - 3Nights,3NARABIANICONIC,BAR,3,Fri Jan 09 2026 00:00:00 GMT+0000 (Greenwich Mean Time),SJB,"PUBLISHED Autumn Campaign, CELESTYAL ONE","PROMO, TARIFF",GBP,789,89,299,89,333
Wed Oct 22 2025 01:00:00 GMT+0100 (British Summer Time),CD03260109,CD,Iconic Arabia - 3Nights,3NARABIANICONIC,BAR,3,Fri Jan 09 2026 00:00:00 GMT+0000 (Greenwich Mean Time),IB,"PUBLISHED Autumn Campaign, CELESTYAL ONE","PROMO, TARIFF",EUR,469,99,0,0,211
Wed Oct 22 2025 01:00:00 GMT+0100 (British Summer Time),CD03260109,CD,Iconic Arabia - 3Nights,3NARABIANICONIC,BAR,3,Fri Jan 09 2026 00:00:00 GMT+0000 (Greenwich Mean Time),BA,"PUBLISHED Autumn Campaign, CELESTYAL ONE","PROMO, TARIFF",AUD,1229,159,0,0,519
Wed Oct 22 2025 01:00:00 GMT+0100 (British Summer Time),CD03260109,CD,Iconic Arabia - 3Nights,3NARABIANICONIC,CUG,3,Fri Jan 09 2026 00:00:00 GMT+0000 (Greenwich Mean Time),XBO,"CELESTYAL ONE, Closed User Group rates","TARIFF, PROMO",GBP,269,89,0,89,434
Wed Oct 22 2025 01:00:00 GMT+0100 (British Summer Time),CD03260109,CD,Iconic Arabia - 3Nights,3NARABIANICONIC,CUG,3,Fri Jan 09 2026 00:00:00 GMT+0000 (Greenwich Mean Time),XB,"CELESTYAL ONE, Closed User Group rates","TARIFF, PROMO",EUR,309,99,189,99,521
Wed Oct 22 2025 01:00:00 GMT+0100 (British Summer Time),CD03260116,CD,Iconic Arabia - 3Nights,3NARABIANICONIC,BAR,3,Fri Jan 16 2026 00:00:00 GMT+0000 (Greenwich Mean Time),XB,"PUBLISHED Autumn Campaign, CELESTYAL ONE","PROMO, TARIFF",GBP,509,89,299,89,230
Wed Oct 22 2025 01:00:00 GMT+0100 (British Summer Time),CD03260116,CD,Iconic Arabia - 3Nights,3NARABIANICONIC,CUG,3,Fri Jan 16 2026 00:00:00 GMT+0000 (Greenwich Mean Time),IC,"CELESTYAL ONE, Closed User Group rates","TARIFF, PROMO",AUD,469,159,0,159,744
Wed Oct 22 2025 01:00:00 GMT+0100 (British Summer Time),CD03260116,CD,Iconic Arabia - 3Nights,3NARABIANICONIC,BAR,3,Fri Jan 16 2026 00:00:00 GMT+0000 (Greenwich Mean Time),XC,"PUBLISHED Autumn Campaign, CELESTYAL ONE","PROMO, TARIFF",USD,699,109,379,109,339
Wed Oct 22 2025 01:00:00 GMT+0100 (British Summer Time),CD03260116,CD,Iconic Arabia - 3Nights,3NARABIANICONIC,BAR,3,Fri Jan 16 2026 00:00:00 GMT+0000 (Greenwich Mean Time),XD,"PUBLISHED Autumn Campaign, CELESTYAL ONE","PROMO, TARIFF",GBP,589,89,299,89,275
Wed Oct 22 2025 01:00:00 GMT+0100 (British Summer Time),CD03260116,CD,Iconic Arabia - 3Nights,3NARABIANICONIC,CUG,3,Fri Jan 16 2026 00:00:00 GMT+0000 (Greenwich Mean Time),XB,"CELESTYAL ONE, Closed User Group rates","TARIFF, PROMO",GBP,279,89,169,89,460
Wed Oct 22 2025 01:00:00 GMT+0100 (British Summer Time),CD03260116,CD,Iconic Arabia - 3Nights,3NARABIANICONIC,BAR,3,Fri Jan 16 2026 00:00:00 GMT+0000 (Greenwich Mean Time),XB,"PUBLISHED Autumn Campaign, CELESTYAL ONE","PROMO, TARIFF",EUR,569,99,329,99,261
Wed Oct 22 2025 01:00:00 GMT+0100 (British Summer Time),CD03260116,CD,Iconic Arabia - 3Nights,3NARABIANICONIC,BAR,3,Fri Jan 16 2026 00:00:00 GMT+0000 (Greenwich Mean Time),XC,"PUBLISHED Autumn Campaign, CELESTYAL ONE","PROMO, TARIFF",AUD,989,159,539,159,467
Wed Oct 22 2025 01:00:00 GMT+0100 (British Summer Time),CD03260116,CD,Iconic Arabia - 3Nights,3NARABIANICONIC,BAR,3,Fri Jan 16 2026 00:00:00 GMT+0000 (Greenwich Mean Time),XBO,"PUBLISHED Autumn Campaign, CELESTYAL ONE","PROMO, TARIFF",GBP,479,89,0,89,224
Wed Oct 22 2025 01:00:00 GMT+0100 (British Summer Time),CD03260116,CD,Iconic Arabia - 3Nights,3NARABIANICONIC,BAR,3,Fri Jan 16 2026 00:00:00 GMT+0000 (Greenwich Mean Time),BA,"PUBLISHED Autumn Campaign, CELESTYAL ONE","PROMO, TARIFF",USD,879,109,0,0,367
Wed Oct 22 2025 01:00:00 GMT+0100 (British Summer Time),CD03260116,CD,Iconic Arabia - 3Nights,3NARABIANICONIC,CUG,3,Fri Jan 16 2026 00:00:00 GMT+0000 (Greenwich Mean Time),XB,"CELESTYAL ONE, Closed User Group rates","TARIFF, PROMO",EUR,309,99,189,99,521
Wed Oct 22 2025 01:00:00 GMT+0100 (British Summer Time),CD03260116,CD,Iconic Arabia - 3Nights,3NARABIANICONIC,CUG,3,Fri Jan 16 2026 00:00:00 GMT+0000 (Greenwich Mean Time),XC,"CELESTYAL ONE, Closed User Group rates","TARIFF, PROMO",GBP,299,89,169,89,502
Wed Oct 22 2025 01:00:00 GMT+0100 (British Summer Time),CD03260116,CD,Iconic Arabia - 3Nights,3NARABIANICONIC,CUG,3,Fri Jan 16 2026 00:00:00 GMT+0000 (Greenwich Mean Time),XA,"CELESTYAL ONE, Closed User Group rates","TARIFF, PROMO",AUD,479,159,0,0,799
Wed Oct 22 2025 01:00:00 GMT+0100 (British Summer Time),CD03260116,CD,Iconic Arabia - 3Nights,3NARABIANICONIC,BAR,3,Fri Jan 16 2026 00:00:00 GMT+0000 (Greenwich Mean Time),IB,"PUBLISHED Autumn Campaign, CELESTYAL ONE","PROMO, TARIFF",USD,539,109,0,0,243
Wed Oct 22 2025 01:00:00 GMT+0100 (British Summer Time),CD03260116,CD,Iconic Arabia - 3Nights,3NARABIANICONIC,CUG,3,Fri Jan 16 2026 00:00:00 GMT+0000 (Greenwich Mean Time),IB,"CELESTYAL ONE, Closed User Group rates","TARIFF, PROMO",EUR,269,99,0,0,411
Wed Oct 22 2025 01:00:00 GMT+0100 (British Summer Time),CD03260116,CD,Iconic Arabia - 3Nights,3NARABIANICONIC,CUG,3,Fri Jan 16 2026 00:00:00 GMT+0000 (Greenwich Mean Time),SJB,"CELESTYAL ONE, Closed User Group rates","TARIFF, PROMO",EUR,759,99,189,99,501
Wed Oct 22 2025 01:00:00 GMT+0100 (British Summer Time),CD03260116,CD,Iconic Arabia - 3Nights,3NARABIANICONIC,CUG,3,Fri Jan 16 2026 00:00:00 GMT+0000 (Greenwich Mean Time),XB,"CELESTYAL ONE, Closed User Group rates","TARIFF, PROMO",AUD,499,159,309,159,844
Wed Oct 22 2025 01:00:00 GMT+0100 (British Summer Time),CD03260116,CD,Iconic Arabia - 3Nights,3NARABIANICONIC,BAR,3,Fri Jan 16 2026 00:00:00 GMT+0000 (Greenwich Mean Time),IB,"PUBLISHED Autumn Campaign, CELESTYAL ONE","PROMO, TARIFF",AUD,759,159,0,0,341
Wed Oct 22 2025 01:00:00 GMT+0100 (British Summer Time),CD03260116,CD,Iconic Arabia - 3Nights,3NARABIANICONIC,CUG,3,Fri Jan 16 2026 00:00:00 GMT+0000 (Greenwich Mean Time),IB,"CELESTYAL ONE, Closed User Group rates","TARIFF, PROMO",USD,309,109,0,0,473
Wed Oct 22 2025 01:00:00 GMT+0100 (British Summer Time),CD03260116,CD,Iconic Arabia - 3Nights,3NARABIANICONIC,BAR,3,Fri Jan 16 2026 00:00:00 GMT+0000 (Greenwich Mean Time),SJB,"PUBLISHED Autumn Campaign, CELESTYAL ONE","PROMO, TARIFF",EUR,879,99,329,99,381
Wed Oct 22 2025 01:00:00 GMT+0100 (British Summer Time),CD03260116,CD,Iconic Arabia - 3Nights,3NARABIANICONIC,BAR,3,Fri Jan 16 2026 00:00:00 GMT+0000 (Greenwich Mean Time),IC,"PUBLISHED Autumn Campaign, CELESTYAL ONE","PROMO, TARIFF",GBP,459,89,0,89,209
Wed Oct 22 2025 01:00:00 GMT+0100 (British Summer Time),CD03260116,CD,Iconic Arabia - 3Nights,3NARABIANICONIC,CUG,3,Fri Jan 16 2026 00:00:00 GMT+0000 (Greenwich Mean Time),XC,"CELESTYAL ONE, Closed User Group rates","TARIFF, PROMO",USD,379,109,209,109,659
Wed Oct 22 2025 01:00:00 GMT+0100 (British Summer Time),CD03260116,CD,Iconic Arabia - 3Nights,3NARABIANICONIC,CUG,3,Fri Jan 16 2026 00:00:00 GMT+0000 (Greenwich Mean Time),XBO,"CELESTYAL ONE, Closed User Group rates","TARIFF, PROMO",AUD,479,159,0,159,799
Wed Oct 22 2025 01:00:00 GMT+0100 (British Summer Time),CD03260116,CD,Iconic Arabia - 3Nights,3NARABIANICONIC,BAR,3,Fri Jan 16 2026 00:00:00 GMT+0000 (Greenwich Mean Time),XD,"PUBLISHED Autumn Campaign, CELESTYAL ONE","PROMO, TARIFF",AUD,1059,159,539,159,511
Wed Oct 22 2025 01:00:00 GMT+0100 (British Summer Time),CD03260116,CD,Iconic Arabia - 3Nights,3NARABIANICONIC,CUG,3,Fri Jan 16 2026 00:00:00 GMT+0000 (Greenwich Mean Time),XD,"CELESTYAL ONE, Closed User Group rates","TARIFF, PROMO",GBP,309,89,169,89,555
Wed Oct 22 2025 01:00:00 GMT+0100 (British Summer Time),CD03260116,CD,Iconic Arabia - 3Nights,3NARABIANICONIC,CUG,3,Fri Jan 16 2026 00:00:00 GMT+0000 (Greenwich Mean Time),XA,"CELESTYAL ONE, Closed User Group rates","TARIFF, PROMO",GBP,269,89,0,0,434
Wed Oct 22 2025 01:00:00 GMT+0100 (British Summer Time),CD03260116,CD,Iconic Arabia - 3Nights,3NARABIANICONIC,BAR,3,Fri Jan 16 2026 00:00:00 GMT+0000 (Greenwich Mean Time),XD,"PUBLISHED Autumn Campaign, CELESTYAL ONE","PROMO, TARIFF",EUR,659,99,329,99,311
Wed Oct 22 2025 01:00:00 GMT+0100 (British Summer Time),CD03260116,CD,Iconic Arabia - 3Nights,3NARABIANICONIC,BAR,3,Fri Jan 16 2026 00:00:00 GMT+0000 (Greenwich Mean Time),XBO,"PUBLISHED Autumn Campaign, CELESTYAL ONE","PROMO, TARIFF",USD,619,109,0,109,291
Wed Oct 22 2025 01:00:00 GMT+0100 (British Summer Time),CD03260116,CD,Iconic Arabia - 3Nights,3NARABIANICONIC,BAR,3,Fri Jan 16 2026 00:00:00 GMT+0000 (Greenwich Mean Time),XD,"PUBLISHED Autumn Campaign, CELESTYAL ONE","PROMO, TARIFF",USD,759,109,379,109,360
Wed Oct 22 2025 01:00:00 GMT+0100 (British Summer Time),CD03260116,CD,Iconic Arabia - 3Nights,3NARABIANICONIC,BAR,3,Fri Jan 16 2026 00:00:00 GMT+0000 (Greenwich Mean Time),SJB,"PUBLISHED Autumn Campaign, CELESTYAL ONE","PROMO, TARIFF",AUD,1429,159,539,159,610
Wed Oct 22 2025 01:00:00 GMT+0100 (British Summer Time),CD03260116,CD,Iconic Arabia - 3Nights,3NARABIANICONIC,CUG,3,Fri Jan 16 2026 00:00:00 GMT+0000 (Greenwich Mean Time),IB,"CELESTYAL ONE, Closed User Group rates","TARIFF, PROMO",GBP,239,89,0,0,367
Wed Oct 22 2025 01:00:00 GMT+0100 (British Summer Time),CD03260116,CD,Iconic Arabia - 3Nights,3NARABIANICONIC,BAR,3,Fri Jan 16 2026 00:00:00 GMT+0000 (Greenwich Mean Time),IB,"PUBLISHED Autumn Campaign, CELESTYAL ONE","PROMO, TARIFF",EUR,469,99,0,0,211
Wed Oct 22 2025 01:00:00 GMT+0100 (British Summer Time),CD03260116,CD,Iconic Arabia - 3Nights,3NARABIANICONIC,CUG,3,Fri Jan 16 2026 00:00:00 GMT+0000 (Greenwich Mean Time),XA,"CELESTYAL ONE, Closed User Group rates","TARIFF, PROMO",EUR,299,99,0,0,491
Wed Oct 22 2025 01:00:00 GMT+0100 (British Summer Time),CD03260116,CD,Iconic Arabia - 3Nights,3NARABIANICONIC,CUG,3,Fri Jan 16 2026 00:00:00 GMT+0000 (Greenwich Mean Time),SJB,"CELESTYAL ONE, Closed User Group rates","TARIFF, PROMO",GBP,669,89,169,89,453
Wed Oct 22 2025 01:00:00 GMT+0100 (British Summer Time),CD03260116,CD,Iconic Arabia - 3Nights,3NARABIANICONIC,CUG,3,Fri Jan 16 2026 00:00:00 GMT+0000 (Greenwich Mean Time),SJB,"CELESTYAL ONE, Closed User Group rates","TARIFF, PROMO",USD,869,109,209,109,586
Wed Oct 22 2025 01:00:00 GMT+0100 (British Summer Time),CD03260116,CD,Iconic Arabia - 3Nights,3NARABIANICONIC,CUG,3,Fri Jan 16 2026 00:00:00 GMT+0000 (Greenwich Mean Time),XC,"CELESTYAL ONE, Closed User Group rates","TARIFF, PROMO",EUR,329,99,189,99,571
Wed Oct 22 2025 01:00:00 GMT+0100 (British Summer Time),CD03260116,CD,Iconic Arabia - 3Nights,3NARABIANICONIC,BAR,3,Fri Jan 16 2026 00:00:00 GMT+0000 (Greenwich Mean Time),BA,"PUBLISHED Autumn Campaign, CELESTYAL ONE","PROMO, TARIFF",EUR,759,99,0,0,321
Wed Oct 22 2025 01:00:00 GMT+0100 (British Summer Time),CD03260116,CD,Iconic Arabia - 3Nights,3NARABIANICONIC,CUG,3,Fri Jan 16 2026 00:00:00 GMT+0000 (Greenwich Mean Time),XB,"CELESTYAL ONE, Closed User Group rates","TARIFF, PROMO",USD,359,109,209,109,597
Wed Oct 22 2025 01:00:00 GMT+0100 (British Summer Time),CD03260116,CD,Iconic Arabia - 3Nights,3NARABIANICONIC,BAR,3,Fri Jan 16 2026 00:00:00 GMT+0000 (Greenwich Mean Time),SJB,"PUBLISHED Autumn Campaign, CELESTYAL ONE","PROMO, TARIFF",USD,1019,109,379,109,436
Wed Oct 22 2025 01:00:00 GMT+0100 (British Summer Time),CD03260116,CD,Iconic Arabia - 3Nights,3NARABIANICONIC,CUG,3,Fri Jan 16 2026 00:00:00 GMT+0000 (Greenwich Mean Time),BA,"CELESTYAL ONE, Closed User Group rates","TARIFF, PROMO",AUD,909,159,0,0,839
Wed Oct 22 2025 01:00:00 GMT+0100 (British Summer Time),CD03260116,CD,Iconic Arabia - 3Nights,3NARABIANICONIC,CUG,3,Fri Jan 16 2026 00:00:00 GMT+0000 (Greenwich Mean Time),XD,"CELESTYAL ONE, Closed User Group rates","TARIFF, PROMO",EUR,349,99,189,99,621
Wed Oct 22 2025 01:00:00 GMT+0100 (British Summer Time),CD03260116,CD,Iconic Arabia - 3Nights,3NARABIANICONIC,CUG,3,Fri Jan 16 2026 00:00:00 GMT+0000 (Greenwich Mean Time),IC,"CELESTYAL ONE, Closed User Group rates","TARIFF, PROMO",EUR,289,99,0,99,461
Wed Oct 22 2025 01:00:00 GMT+0100 (British Summer Time),CD03260116,CD,Iconic Arabia - 3Nights,3NARABIANICONIC,CUG,3,Fri Jan 16 2026 00:00:00 GMT+0000 (Greenwich Mean Time),XD,"CELESTYAL ONE, Closed User Group rates","TARIFF, PROMO",AUD,569,159,309,159,1001
Wed Oct 22 2025 01:00:00 GMT+0100 (British Summer Time),CD03260116,CD,Iconic Arabia - 3Nights,3NARABIANICONIC,BAR,3,Fri Jan 16 2026 00:00:00 GMT+0000 (Greenwich Mean Time),XBO,"PUBLISHED Autumn Campaign, CELESTYAL ONE","PROMO, TARIFF",EUR,539,99,0,99,251
Wed Oct 22 2025 01:00:00 GMT+0100 (British Summer Time),CD03260116,CD,Iconic Arabia - 3Nights,3NARABIANICONIC,CUG,3,Fri Jan 16 2026 00:00:00 GMT+0000 (Greenwich Mean Time),XBO,"CELESTYAL ONE, Closed User Group rates","TARIFF, PROMO",GBP,269,89,0,89,434
Wed Oct 22 2025 01:00:00 GMT+0100 (British Summer Time),CD03260116,CD,Iconic Arabia - 3Nights,3NARABIANICONIC,CUG,3,Fri Jan 16 2026 00:00:00 GMT+0000 (Greenwich Mean Time),XC,"CELESTYAL ONE, Closed User Group rates","TARIFF, PROMO",AUD,539,159,309,159,917
Wed Oct 22 2025 01:00:00 GMT+0100 (British Summer Time),CD03260116,CD,Iconic Arabia - 3Nights,3NARABIANICONIC,CUG,3,Fri Jan 16 2026 00:00:00 GMT+0000 (Greenwich Mean Time),BA,"CELESTYAL ONE, Closed User Group rates","TARIFF, PROMO",EUR,569,99,0,0,511
Wed Oct 22 2025 01:00:00 GMT+0100 (British Summer Time),CD03260116,CD,Iconic Arabia - 3Nights,3NARABIANICONIC,CUG,3,Fri Jan 16 2026 00:00:00 GMT+0000 (Greenwich Mean Time),XBO,"CELESTYAL ONE, Closed User Group rates","TARIFF, PROMO",EUR,299,99,0,99,491
Wed Oct 22 2025 01:00:00 GMT+0100 (British Summer Time),CD03260116,CD,Iconic Arabia - 3Nights,3NARABIANICONIC,BAR,3,Fri Jan 16 2026 00:00:00 GMT+0000 (Greenwich Mean Time),XA,"PUBLISHED Autumn Campaign, CELESTYAL ONE","PROMO, TARIFF",GBP,479,89,0,0,224
Wed Oct 22 2025 01:00:00 GMT+0100 (British Summer Time),CD03260116,CD,Iconic Arabia - 3Nights,3NARABIANICONIC,BAR,3,Fri Jan 16 2026 00:00:00 GMT+0000 (Greenwich Mean Time),XBO,"PUBLISHED Autumn Campaign, CELESTYAL ONE","PROMO, TARIFF",AUD,879,159,0,159,399
Wed Oct 22 2025 01:00:00 GMT+0100 (British Summer Time),CD03260116,CD,Iconic Arabia - 3Nights,3NARABIANICONIC,BAR,3,Fri Jan 16 2026 00:00:00 GMT+0000 (Greenwich Mean Time),XA,"PUBLISHED Autumn Campaign, CELESTYAL ONE","PROMO, TARIFF",AUD,879,159,0,0,399
Wed Oct 22 2025 01:00:00 GMT+0100 (British Summer Time),CD03260116,CD,Iconic Arabia - 3Nights,3NARABIANICONIC,CUG,3,Fri Jan 16 2026 00:00:00 GMT+0000 (Greenwich Mean Time),BA,"CELESTYAL ONE, Closed User Group rates","TARIFF, PROMO",GBP,499,89,0,0,463
Wed Oct 22 2025 01:00:00 GMT+0100 (British Summer Time),CD03260116,CD,Iconic Arabia - 3Nights,3NARABIANICONIC,BAR,3,Fri Jan 16 2026 00:00:00 GMT+0000 (Greenwich Mean Time),SJB,"PUBLISHED Autumn Campaign, CELESTYAL ONE","PROMO, TARIFF",GBP,789,89,299,89,333
Wed Oct 22 2025 01:00:00 GMT+0100 (British Summer Time),CD03260116,CD,Iconic Arabia - 3Nights,3NARABIANICONIC,CUG,3,Fri Jan 16 2026 00:00:00 GMT+0000 (Greenwich Mean Time),BA,"CELESTYAL ONE, Closed User Group rates","TARIFF, PROMO",USD,649,109,0,0,597
Wed Oct 22 2025 01:00:00 GMT+0100 (British Summer Time),CD03260116,CD,Iconic Arabia - 3Nights,3NARABIANICONIC,BAR,3,Fri Jan 16 2026 00:00:00 GMT+0000 (Greenwich Mean Time),IC,"PUBLISHED Autumn Campaign, CELESTYAL ONE","PROMO, TARIFF",AUD,829,159,0,159,384
Wed Oct 22 2025 01:00:00 GMT+0100 (British Summer Time),CD03260116,CD,Iconic Arabia - 3Nights,3NARABIANICONIC,BAR,3,Fri Jan 16 2026 00:00:00 GMT+0000 (Greenwich Mean Time),BA,"PUBLISHED Autumn Campaign, CELESTYAL ONE","PROMO, TARIFF",AUD,1229,159,0,0,519
Wed Oct 22 2025 01:00:00 GMT+0100 (British Summer Time),CD03260116,CD,Iconic Arabia - 3Nights,3NARABIANICONIC,BAR,3,Fri Jan 16 2026 00:00:00 GMT+0000 (Greenwich Mean Time),XC,"PUBLISHED Autumn Campaign, CELESTYAL ONE","PROMO, TARIFF",EUR,609,99,329,99,291
Wed Oct 22 2025 01:00:00 GMT+0100 (British Summer Time),CD03260116,CD,Iconic Arabia - 3Nights,3NARABIANICONIC,CUG,3,Fri Jan 16 2026 00:00:00 GMT+0000 (Greenwich Mean Time),XD,"CELESTYAL ONE, Closed User Group rates","TARIFF, PROMO",USD,399,109,209,109,720
Wed Oct 22 2025 01:00:00 GMT+0100 (British Summer Time),CD03260116,CD,Iconic Arabia - 3Nights,3NARABIANICONIC,BAR,3,Fri Jan 16 2026 00:00:00 GMT+0000 (Greenwich Mean Time),IC,"PUBLISHED Autumn Campaign, CELESTYAL ONE","PROMO, TARIFF",USD,589,109,0,109,275
Wed Oct 22 2025 01:00:00 GMT+0100 (British Summer Time),CD03260116,CD,Iconic Arabia - 3Nights,3NARABIANICONIC,CUG,3,Fri Jan 16 2026 00:00:00 GMT+0000 (Greenwich Mean Time),XA,"CELESTYAL ONE, Closed User Group rates","TARIFF, PROMO",USD,339,109,0,0,571
Wed Oct 22 2025 01:00:00 GMT+0100 (British Summer Time),CD03260116,CD,Iconic Arabia - 3Nights,3NARABIANICONIC,CUG,3,Fri Jan 16 2026 00:00:00 GMT+0000 (Greenwich Mean Time),IB,"CELESTYAL ONE, Closed User Group rates","TARIFF, PROMO",AUD,429,159,0,0,671
Wed Oct 22 2025 01:00:00 GMT+0100 (British Summer Time),CD03260116,CD,Iconic Arabia - 3Nights,3NARABIANICONIC,BAR,3,Fri Jan 16 2026 00:00:00 GMT+0000 (Greenwich Mean Time),XB,"PUBLISHED Autumn Campaign, CELESTYAL ONE","PROMO, TARIFF",AUD,919,159,539,159,424
Wed Oct 22 2025 01:00:00 GMT+0100 (British Summer Time),CD03260116,CD,Iconic Arabia - 3Nights,3NARABIANICONIC,CUG,3,Fri Jan 16 2026 00:00:00 GMT+0000 (Greenwich Mean Time),IC,"CELESTYAL ONE, Closed User Group rates","TARIFF, PROMO",GBP,259,89,0,89,409
Wed Oct 22 2025 01:00:00 GMT+0100 (British Summer Time),CD03260116,CD,Iconic Arabia - 3Nights,3NARABIANICONIC,CUG,3,Fri Jan 16 2026 00:00:00 GMT+0000 (Greenwich Mean Time),XBO,"CELESTYAL ONE, Closed User Group rates","TARIFF, PROMO",USD,339,109,0,109,571
Wed Oct 22 2025 01:00:00 GMT+0100 (British Summer Time),CD03260116,CD,Iconic Arabia - 3Nights,3NARABIANICONIC,BAR,3,Fri Jan 16 2026 00:00:00 GMT+0000 (Greenwich Mean Time),BA,"PUBLISHED Autumn Campaign, CELESTYAL ONE","PROMO, TARIFF",GBP,679,89,0,0,283
Wed Oct 22 2025 01:00:00 GMT+0100 (British Summer Time),CD03260116,CD,Iconic Arabia - 3Nights,3NARABIANICONIC,BAR,3,Fri Jan 16 2026 00:00:00 GMT+0000 (Greenwich Mean Time),IC,"PUBLISHED Autumn Campaign, CELESTYAL ONE","PROMO, TARIFF",EUR,519,99,0,99,231
Wed Oct 22 2025 01:00:00 GMT+0100 (British Summer Time),CD03260116,CD,Iconic Arabia - 3Nights,3NARABIANICONIC,BAR,3,Fri Jan 16 2026 00:00:00 GMT+0000 (Greenwich Mean Time),XB,"PUBLISHED Autumn Campaign, CELESTYAL ONE","PROMO, TARIFF",USD,649,109,379,109,307
Wed Oct 22 2025 01:00:00 GMT+0100 (British Summer Time),CD03260116,CD,Iconic Arabia - 3Nights,3NARABIANICONIC,BAR,3,Fri Jan 16 2026 00:00:00 GMT+0000 (Greenwich Mean Time),XC,"PUBLISHED Autumn Campaign, CELESTYAL ONE","PROMO, TARIFF",GBP,549,89,299,89,252
Wed Oct 22 2025 01:00:00 GMT+0100 (British Summer Time),CD03260116,CD,Iconic Arabia - 3Nights,3NARABIANICONIC,BAR,3,Fri Jan 16 2026 00:00:00 GMT+0000 (Greenwich Mean Time),XA,"PUBLISHED Autumn Campaign, CELESTYAL ONE","PROMO, TARIFF",EUR,539,99,0,0,251
Wed Oct 22 2025 01:00:00 GMT+0100 (British Summer Time),CD03260116,CD,Iconic Arabia - 3Nights,3NARABIANICONIC,BAR,3,Fri Jan 16 2026 00:00:00 GMT+0000 (Greenwich Mean Time),XA,"PUBLISHED Autumn Campaign, CELESTYAL ONE","PROMO, TARIFF",USD,619,109,0,0,291
Wed Oct 22 2025 01:00:00 GMT+0100 (British Summer Time),CD03260116,CD,Iconic Arabia - 3Nights,3NARABIANICONIC,BAR,3,Fri Jan 16 2026 00:00:00 GMT+0000 (Greenwich Mean Time),IB,"PUBLISHED Autumn Campaign, CELESTYAL ONE","PROMO, TARIFF",GBP,419,89,0,0,187
Wed Oct 22 2025 01:00:00 GMT+0100 (British Summer Time),CD03260116,CD,Iconic Arabia - 3Nights,3NARABIANICONIC,CUG,3,Fri Jan 16 2026 00:00:00 GMT+0000 (Greenwich Mean Time),SJB,"CELESTYAL ONE, Closed User Group rates","TARIFF, PROMO",AUD,1219,159,309,159,820
Wed Oct 22 2025 01:00:00 GMT+0100 (British Summer Time),CD03260116,CD,Iconic Arabia - 3Nights,3NARABIANICONIC,CUG,3,Fri Jan 16 2026 00:00:00 GMT+0000 (Greenwich Mean Time),IC,"CELESTYAL ONE, Closed User Group rates","TARIFF, PROMO",USD,329,109,0,109,535
Wed Oct 22 2025 01:00:00 GMT+0100 (British Summer Time),CD03260123,CD,Iconic Arabia - 3Nights,3NARABIANICONIC,CUG,3,Fri Jan 23 2026 00:00:00 GMT+0000 (Greenwich Mean Time),IB,"CELESTYAL ONE, Closed User Group rates","TARIFF, PROMO",EUR,269,99,0,0,411
Wed Oct 22 2025 01:00:00 GMT+0100 (British Summer Time),CD03260123,CD,Iconic Arabia - 3Nights,3NARABIANICONIC,CUG,3,Fri Jan 23 2026 00:00:00 GMT+0000 (Greenwich Mean Time),BA,"CELESTYAL ONE, Closed User Group rates","TARIFF, PROMO",AUD,909,159,0,0,839
Wed Oct 22 2025 01:00:00 GMT+0100 (British Summer Time),CD03260123,CD,Iconic Arabia - 3Nights,3NARABIANICONIC,BAR,3,Fri Jan 23 2026 00:00:00 GMT+0000 (Greenwich Mean Time),XB,"PUBLISHED Autumn Campaign, CELESTYAL ONE","PROMO, TARIFF",GBP,509,89,299,89,230
Wed Oct 22 2025 01:00:00 GMT+0100 (British Summer Time),CD03260123,CD,Iconic Arabia - 3Nights,3NARABIANICONIC,CUG,3,Fri Jan 23 2026 00:00:00 GMT+0000 (Greenwich Mean Time),XD,"CELESTYAL ONE, Closed User Group rates","TARIFF, PROMO",EUR,349,99,189,99,621
Wed Oct 22 2025 01:00:00 GMT+0100 (British Summer Time),CD03260123,CD,Iconic Arabia - 3Nights,3NARABIANICONIC,BAR,3,Fri Jan 23 2026 00:00:00 GMT+0000 (Greenwich Mean Time),IC,"PUBLISHED Autumn Campaign, CELESTYAL ONE","PROMO, TARIFF",AUD,829,159,539,159,384
Wed Oct 22 2025 01:00:00 GMT+0100 (British Summer Time),CD03260123,CD,Iconic Arabia - 3Nights,3NARABIANICONIC,BAR,3,Fri Jan 23 2026 00:00:00 GMT+0000 (Greenwich Mean Time),XBO,"PUBLISHED Autumn Campaign, CELESTYAL ONE","PROMO, TARIFF",USD,619,109,0,109,291
Wed Oct 22 2025 01:00:00 GMT+0100 (British Summer Time),CD03260123,CD,Iconic Arabia - 3Nights,3NARABIANICONIC,CUG,3,Fri Jan 23 2026 00:00:00 GMT+0000 (Greenwich Mean Time),XA,"CELESTYAL ONE, Closed User Group rates","TARIFF, PROMO",EUR,299,99,0,0,491
Wed Oct 22 2025 01:00:00 GMT+0100 (British Summer Time),CD03260123,CD,Iconic Arabia - 3Nights,3NARABIANICONIC,BAR,3,Fri Jan 23 2026 00:00:00 GMT+0000 (Greenwich Mean Time),XBO,"PUBLISHED Autumn Campaign, CELESTYAL ONE","PROMO, TARIFF",EUR,539,99,0,99,251
Wed Oct 22 2025 01:00:00 GMT+0100 (British Summer Time),CD03260123,CD,Iconic Arabia - 3Nights,3NARABIANICONIC,BAR,3,Fri Jan 23 2026 00:00:00 GMT+0000 (Greenwich Mean Time),XA,"PUBLISHED Autumn Campaign, CELESTYAL ONE","PROMO, TARIFF",AUD,879,159,0,0,399
Wed Oct 22 2025 01:00:00 GMT+0100 (British Summer Time),CD03260123,CD,Iconic Arabia - 3Nights,3NARABIANICONIC,BAR,3,Fri Jan 23 2026 00:00:00 GMT+0000 (Greenwich Mean Time),BA,"PUBLISHED Autumn Campaign, CELESTYAL ONE","PROMO, TARIFF",GBP,679,89,0,0,283
Wed Oct 22 2025 01:00:00 GMT+0100 (British Summer Time),CD03260123,CD,Iconic Arabia - 3Nights,3NARABIANICONIC,CUG,3,Fri Jan 23 2026 00:00:00 GMT+0000 (Greenwich Mean Time),SJB,"CELESTYAL ONE, Closed User Group rates","TARIFF, PROMO",GBP,669,89,169,89,453
Wed Oct 22 2025 01:00:00 GMT+0100 (British Summer Time),CD03260123,CD,Iconic Arabia - 3Nights,3NARABIANICONIC,CUG,3,Fri Jan 23 2026 00:00:00 GMT+0000 (Greenwich Mean Time),XA,"CELESTYAL ONE, Closed User Group rates","TARIFF, PROMO",GBP,269,89,0,0,434
Wed Oct 22 2025 01:00:00 GMT+0100 (British Summer Time),CD03260123,CD,Iconic Arabia - 3Nights,3NARABIANICONIC,CUG,3,Fri Jan 23 2026 00:00:00 GMT+0000 (Greenwich Mean Time),BA,"CELESTYAL ONE, Closed User Group rates","TARIFF, PROMO",EUR,569,99,0,0,511